Compound ID,SMILES,measured log(solubility:mol/L),ATSC6d,ATSC5Z,ATSC6Z,ATSC8Z,ATSC8se,ATSC5i,RPCS,Xch-3d,Mor24v,SMR_VSA9,nG12FHRing,JGI5,JGI6,JGI7,JGI8,JGI9,JGI10,GhoseFilter
p-Cresol,Cc1ccc(O)cc1,-0.73,1.0,54.359375,-40.6875,0.0,0.0,3.68807846999475,67.2136556076074,0.0,0.01648022975885071,5.749511833283905,0,0.0,0.0,0.0,0.0,0.0,0.0,False
tetramethylurea,CN(C)C(=O)N(C)C,0.94,3.2400000000000007,-147.84,174.24000000000007,0.0,0.0,-21.733825944504247,25.923651045475673,0.0,0.1922975279872802,0.0,0,0.0,0.0,0.0,0.0,0.0,0.0,False
metharbital,CCC1(CC)C(=O)NC(=O)N(C)C1=O,-2.23,7.5,-219.22448979591837,34.97959183673469,0.0,0.0,7.56386248992187,29.238694899783326,0.0,0.07734037577329984,0.0,0,0.033730158730158735,0.0,0.0,0.0,0.0,0.0,True
"1,2-Dichloropropane",CC(Cl)CCl,-1.6,0.0,0.0,0.0,0.0,0.0,0.0,100.66193928402787,0.0,-0.11145928755513189,0.0,0,0.0,0.0,0.0,0.0,0.0,0.0,False
Reverse Transcriptase inhibitor 1,CCN2c1ncccc1N(C)C(=O)c3cccnc23,-2.62,-6.918273645546369,-247.33241505968778,-234.49127640036733,179.83379247015608,0.6853594233241525,0.08962411698746621,50.18713859878245,0.0,0.16477050671961252,0.0,1,0.025517241379310343,0.017589394732251875,0.004913076341647772,0.0,0.0,0.0,True
parabanic acid,O=C1NC(=O)C(=O)N1,-0.4,0.0,0.0,0.0,0.0,0.0,0.0,46.366979294641325,0.0,0.02801379341483373,0.0,0,0.0,0.0,0.0,0.0,0.0,0.0,False
Toluene,Cc1ccccc1,-2.21,0.653333333333333,18.66666666666667,16.333333333333336,0.0,0.0,4.081961474041872,120.16803199307022,0.0,0.021850245224426162,0.0,0,0.0,0.0,0.0,0.0,0.0,0.0,False
2-Hexanone,CCCCC(=O)C,-0.8,1.0387811634349025,3.013850415512462,-42.43213296398893,0.0,0.0,-0.4516505909760054,20.754494475597877,0.0,0.060014458497617364,0.0,0,0.0,0.0,0.0,0.0,0.0,0.0,False
Thiourea,NC(=S)N,0.32,0.0,0.0,0.0,0.0,0.0,0.0,35.32001870636922,0.0,-0.032817093370275996,0.0,0,0.0,0.0,0.0,0.0,0.0,0.0,False
Quintozene,Clc1c(Cl)c(Cl)c(N(=O)=O)c(Cl)c1Cl,-5.82,2.0,26.306122448979565,-30.693877551020417,0.0,0.0,1.3601335026749743,5.420076017761938,0.0,-0.08798958716472861,0.0,0,0.026234567901234573,0.0,0.0,0.0,0.0,0.0,False
"2,4,5-Trichlorophenol ",Oc1cc(Cl)c(Cl)cc1Cl,-2.21,0.5917159763313609,127.58579881656806,-61.86390532544379,0.0,0.0,3.4404591487871112,65.23650643859965,0.0,-0.11723863753081043,5.749511833283905,0,0.0,0.0,0.0,0.0,0.0,0.0,False
"1,2-Benzenediol",Oc1ccccc1O,0.62,0.6530612244897959,23.34693877551022,19.755102040816332,0.0,0.0,5.35156929446022,100.68144593219122,0.0,-0.03086828967111741,11.49902366656781,0,0.0,0.0,0.0,0.0,0.0,0.0,False
m-Chloroiodobenzene,Clc1cccc(I)c1,-3.55,0.0,-355.24999999999994,0.0,0.0,0.0,0.9997324299787385,68.83342415120931,0.0,-0.07947455920902786,0.0,0,0.0,0.0,0.0,0.0,0.0,0.0,False
Methyl decanoate,CCCCCCCCCC(=O)OC,-4.69,-0.09142857142857128,3.030204081632656,2.1942857142857135,0.5224489795918348,-0.16454478367346928,-0.49579420129512175,18.824675294812824,0.0,-0.01234021686064448,0.0,0,0.013888888888888888,0.011661807580174929,0.010416666666666666,0.009876543209876541,0.010000000000000002,0.005509641873278237,True
Pentachlorophenol,Oc1c(Cl)c(Cl)c(Cl)c(Cl)c1Cl,-4.28,0.8520710059171599,-6.0,-63.0,0.0,0.0,2.351025154391519,66.67061812033667,0.0,-0.06644601178395373,5.749511833283905,0,0.0,0.0,0.0,0.0,0.0,0.0,False
Monotropitoside,COC(=O)c1ccccc1OC2OC(COC3OCC(O)C(O)C3O)C(O)C(O)C2O,-0.742,-1.8633425669436707,-63.69621421975991,20.56048014773776,-52.35887965527854,-0.25359601354262973,14.659939020632393,115.8642788318067,0.0,-0.02671752003702816,5.749511833283905,0,0.0260840108401084,0.0212430426716141,0.01721014492753623,0.013408796219481468,0.009475806451612903,0.007227153691800156,False
Iodomethane,CI,-1.0,0.0,0.0,0.0,0.0,0.0,0.0,67.61614470094229,0.0,-0.03476987258627056,0.0,0,0.0,0.0,0.0,0.0,0.0,0.0,False
m-Nitrophenol,Oc1cccc(c1)N(=O)=O,-1.01,2.2222222222222228,-0.7200000000000002,-34.2,0.0,0.0,4.654335602079968,96.72861407249741,0.0,0.028356677885180075,5.749511833283905,0,0.03125,0.0,0.0,0.0,0.0,0.0,False
oryzalin,CCCN(CCC)c1c(cc(cc1N(=O)=O)S(N)(=O)=O)N(=O)=O,-5.16,-13.396787626412845,225.05056513979764,45.55443188578228,-325.1392028554431,-5.918426971445567,-26.29584904155134,26.022138882807493,0.0,0.023763732067530498,0.0,0,0.0472524154589372,0.01730612244897959,0.013503086419753084,0.018518518518518517,0.0,0.0,True
rhodanine,C1SC(=S)NC1(=O),-1.77,0.0,0.0,0.0,0.0,0.0,0.0,20.343147367833577,0.0,-0.05150058010496709,0.0,0,0.0,0.0,0.0,0.0,0.0,0.0,False
Hydroxyprogesterone-17a,CC(=O)C1(O)CCC2C3CCC4=CC(=O)CCC4(C)C3CCC21C,-3.817,7.580246913580248,-35.44444444444439,194.22222222222229,33.555555555555564,-0.4403942716049427,-14.247055995187749,50.536391716809426,0.0,0.036340220006199485,0.0,0,0.036182795698924734,0.032754648526077096,0.022310799319727893,0.016964810615604266,0.012882373113854597,0.014437302316090195,True
2-Decanone,CCCCCCCCC(=O)C,-3.3,-0.2497398543184184,2.464099895941729,2.197710718002085,1.664932362122794,-0.04369108844953171,-0.262972920819899,20.06771892075534,0.0,0.015397661265587167,0.0,0,0.018518518518518517,0.0163265306122449,0.015625,0.016460905349794233,0.0,0.0,False
Cyclopentane,C1CCCC1,-2.64,0.0,0.0,0.0,0.0,0.0,0.0,173.15018195401495,0.0,-0.07895144970693198,0.0,0,0.0,0.0,0.0,0.0,0.0,0.0,False
borneol,CC1(C)C2CCC1(C)C(O)C2,-2.32,1.6076099881093937,239.04756242568376,30.90606420927468,0.0,0.0,58.073687334286575,51.197961130429746,0.0,0.05898300683687634,0.0,0,0.0,0.0,0.0,0.0,0.0,0.0,False
1-Chlorobutane,CCCCCl,-2.03,0.0,-63.918367346938766,0.0,0.0,0.0,3.2270945140806657,146.79826921579064,0.0,-0.04125131619139098,0.0,0,0.0,0.0,0.0,0.0,0.0,0.0,False
estriol,CC34CCC1C(CCc2cc(O)ccc12)C3CC(O)C4O,-4.955,6.800000000000004,5.648888888888901,63.533333333333346,-20.37333333333334,-0.2816793600000003,-5.3131844739401615,162.85446930849182,0.0,-0.318637590719007,5.749511833283905,0,0.032933333333333335,0.030249433106575963,0.0229439990281827,0.016572009462221097,0.019188271604938273,0.0,True
"1,1,1-Trichloroethane",CC(Cl)(Cl)Cl,-2.0,0.0,0.0,0.0,0.0,0.0,0.0,0.0,0.0,-0.08561744535807392,0.0,0,0.0,0.0,0.0,0.0,0.0,0.0,False
Sulfanilamide,Nc1ccc(cc1)S(N)(=O)=O,-1.34,-2.102493074792243,82.22160664819943,-17.869806094182834,55.85595567867035,0.23619599999999893,-4.830102863408673,0.7590500634641636,0.0,-0.014162836380946255,0.0,0,0.08854166666666667,0.0,0.0,0.0,0.0,0.0,False
"1,1-Dichloroethylene",ClC(=C)Cl,-1.64,0.0,0.0,0.0,0.0,0.0,0.0,12.909983445469658,0.0,-0.02670089913804368,0.0,0,0.0,0.0,0.0,0.0,0.0,0.0,False
"1,3,5-Trinitrobenzene",O=N(=O)c1cc(cc(c1)N(=O)=O)N(=O)=O,-2.89,12.499999999999998,9.0,-12.0,0.0,0.0,8.158444383420726,37.30078677437315,0.0,0.08060284742660269,0.0,0,0.057870370370370364,0.0,0.0,0.0,0.0,0.0,False
captafol,ClC(Cl)C(Cl)(Cl)SN2C(=O)C1CC=CCC1C2=O,-5.4,-6.899862825788754,-56.96570644718789,-326.11796982167346,-582.5843621399176,-1.906181333333334,4.414241642595092,20.819047593234295,0.0,-0.07847448132840545,0.0,0,0.04042929292929293,0.02388038548752834,0.016581632653061222,0.015624999999999997,0.0,0.0,True
Isazofos,CCOP(=S)(OCC)Oc1nc(Cl)n(n1)C(C)C,-3.658,-8.703673469387756,-566.862857142857,92.36489795918364,-522.6555102040816,-2.9404971126530604,-11.738848896509634,0.6715806567784269,0.0,0.23253905192632646,6.010464839586836,0,0.034938271604938266,0.02574363078564759,0.019223760932944603,0.012345679012345675,0.0,0.0,True
5-Nonanone,CCCCC(=O)CCCC,-2.58,-0.9591836734693869,-2.448979591836734,-91.34693877551014,6.693877551020411,0.06852938775510142,-0.23115066078720548,16.20642980263518,0.0,0.06185380868845103,0.0,0,0.009259259259259259,0.01360544217687075,0.015625,0.0,0.0,0.0,False
Hexamethylbenzene,Cc1c(C)c(C)c(C)c(C)c1C,-5.23,11.52,-81.0,108.0,0.0,0.0,-17.71279711057457,348.1747491962632,0.0,0.07073715284773238,0.0,0,0.0,0.0,0.0,0.0,0.0,0.0,True
2-Heptanone,CCCCCC(=O)C,-1.45,-0.669421487603306,2.9090909090909087,2.3801652892561975,32.80165289256198,0.08515785123966849,-0.3831893424250754,14.8170906260235,0.0,0.09596724614931805,0.0,0,0.037037037037037035,0.0,0.0,0.0,0.0,0.0,False
Glycerol,OCC(O)CO,1.12,0.08163265306122454,16.89795918367347,6.612244897959185,0.0,0.0,1.9941962355452791,85.37957001163173,0.0,0.016808320987153232,0.0,0,0.0,0.0,0.0,0.0,0.0,0.0,False
Trichlomethiazide,NS(=O)(=O)c2cc1c(NC(NS1(=O)=O)C(Cl)Cl)cc2Cl,-2.68,-3.1887755102040813,177.04081632653057,-205.44897959183666,262.87755102040813,-0.2190652920918382,-28.9140645295443,4.771903894921111,0.0,-0.09230835172014473,0.0,0,0.05422008547008548,0.015732838589981448,0.02907986111111111,0.029629629629629627,0.0,0.0,True
2-Isopropyltoluene,CC(C)c1ccccc1C,-3.76,4.79166666666667,-111.45833333333334,98.95833333333336,0.0,0.0,-24.37331906933514,94.43576468985579,0.0,-0.009114155674967457,0.0,0,0.0625,0.0,0.0,0.0,0.0,0.0,False
Cyclohexanone,O=C1CCCCC1,-0.6,0.0,16.89965397923875,0.0,0.0,0.0,6.823288009958983,12.223786415911688,0.0,-0.04635985800568675,0.0,0,0.0,0.0,0.0,0.0,0.0,0.0,False
Benzene,c1ccccc1,-1.64,0.0,18.75,0.0,0.0,0.0,4.100184516336733,132.7433515601321,0.0,-0.036067011948511835,0.0,0,0.0,0.0,0.0,0.0,0.0,0.0,False
Anisole,COc1ccccc1,-1.85,1.0,-0.59375,16.40625,0.0,0.0,0.38797686194142056,39.86654124150948,0.0,0.021732904927796746,5.749511833283905,0,0.0625,0.0,0.0,0.0,0.0,0.0,False
DDT,Clc1ccc(cc1)C(c2ccc(Cl)cc2)C(Cl)(Cl)Cl,-7.15,-2.25,-471.8367346938776,-689.7959183673468,-120.68877551020407,-0.5152718864795915,2.5465580879035663,0.0,0.0,-0.013997663498932835,0.0,0,0.020299145299145303,0.04036281179138322,0.01240079365079365,0.00987654320987654,0.025625000000000002,0.0,False
Flutriafol,OC(Cn1cncn1)(c2ccc(F)cc2)c3ccccc3F,-3.37,-2.3738775510204073,-17.184489795918363,22.368979591836748,57.536326530612264,1.5370868799999993,-5.314515122944723,86.48745604694248,0.0,-0.19054326465490384,0.0,0,0.023626543209876543,0.010070775785061499,0.016378710575139146,0.01055524061476442,0.013438786008230452,0.0,True
"3,3-Dimethyl-2-butanone",CC(=O)C(C)(C)C,-0.72,0.0,102.3905817174515,0.0,0.0,0.0,14.678659464506959,1.7919128653145466,0.0,0.03262257719705376,0.0,0,0.0,0.0,0.0,0.0,0.0,0.0,False
Di-n-propylsulfide,CCCSCCC,-2.58,0.10204081632653085,-32.6530612244898,20.40816326530612,41.326530612244895,0.03390859183673437,-7.445583706964509,152.98984796740947,0.0,0.003919455696223501,0.0,0,0.027777777777777776,0.0,0.0,0.0,0.0,0.0,False
"2,2-Dimethylpropanol",CC(C)(C)CO,-0.4,0.0,28.444444444444446,0.0,0.0,0.0,3.783743387435116,60.86415389524655,0.0,0.000815505762557906,0.0,0,0.0,0.0,0.0,0.0,0.0,0.0,False
o-Nitroanisole,COc1ccccc1N(=O)=O,-1.96,4.88888888888889,-67.30864197530863,-48.22222222222221,0.0,0.0,-0.3617280969414111,20.426795915642582,0.0,0.05027946833892203,5.749511833283905,0,0.037500000000000006,0.0,0.0,0.0,0.0,0.0,False
3-Methyl-3-hexanol,CCCC(C)(O)CC,-0.98,1.875,-21.8125,39.375,0.0,0.0,-1.090901460244611,52.48986517606328,0.0,0.005546019853085591,0.0,0,0.0,0.0,0.0,0.0,0.0,0.0,False
Fenoxycarb,CCOC(=O)NCCOc2ccc(Oc1ccccc1)cc2,-4.7,1.4562760261748968,-86.7537180249851,31.67459845330161,7.431290898274835,-1.0045939869125529,10.665889661530198,35.603210072016296,0.0,0.14870037313819612,17.248535499851716,0,0.007605820105820107,0.0158968850698174,0.012765522875816991,0.005475770555135632,0.006682692307692309,0.0037472985131387334,True
RTI 7,C2c1ccccc1N(CCF)C(=O)c3ccccc23,-3.535,-6.593204775022954,-90.30211202938476,-47.49403122130395,51.3149678604224,-0.1983324150596877,-15.176753816156216,28.887493327625375,0.0,0.18085816434161978,0.0,1,0.01700396825396825,0.016766706682673063,0.012274254940071266,0.02040816326530612,0.0,0.0,True
"1,4-Diethylbenzene ",CCc1ccc(CC)cc1,-3.75,-3.3333333333333326,-0.5208333333333224,8.333333333333336,15.625000000000007,0.014822499999999779,-0.11389401434274331,130.3122431735404,0.0,0.046206057924633594,0.0,0,0.060185185185185196,0.020408163265306124,0.0,0.0,0.0,0.0,False
Fenthion,COP(=S)(OC)Oc1ccc(SC)c(C)c1,-4.57,-1.7575442247658666,-136.5036420395421,273.0072840790843,-65.9157127991675,0.32611678251820997,-20.465195760627573,0.0,0.0,0.024629086369444202,5.749511833283905,0,0.030753968253968256,0.030408163265306126,0.018663194444444444,0.00987654320987654,0.0,0.0,True
Metoxuron,COc1ccc(NC(=O)N(C)C)cc1Cl,-2.564,-3.987244897959184,-150.93877551020404,39.9591836734694,-180.4285714285715,-0.5128296785714286,-0.3874497483116198,26.12292099322374,0.0,0.07331755474154322,5.749511833283905,0,0.03356481481481481,0.028408163265306124,0.021329365079365076,0.012345679012345675,0.0,0.0,True
"2,2,4,6,6'-PCB",Clc1cc(Cl)c(c(Cl)c1)c2c(Cl)cccc2Cl,-7.32,-0.7520661157024816,100.85950413223146,-475.20661157024784,-46.11570247933884,-0.21955971074380162,-4.542245884123507,151.16608062998588,0.0,-0.06458660991473278,11.126902983393991,0,0.0171957671957672,0.04016326530612245,0.009375000000000001,0.02040816326530612,0.0,0.0,False
Dicapthon,COP(=S)(OC)Oc1ccc(cc1Cl)N(=O)=O,-4.31,0.7204142011834311,-0.7455621301775054,86.3550295857988,339.99999999999994,3.7223841153846142,-5.8632904155319,0.21698252261154974,0.0,0.11851063855473555,5.749511833283905,0,0.02595029239766082,0.023605442176870745,0.034722222222222224,0.012345679012345675,0.0,0.0,True
chloralose,OCC(O)C2OC1OC(OC1C2O)C(Cl)(Cl)Cl,-1.84,1.5535714285714293,-141.74489795918367,85.78571428571428,-17.77551020408165,0.49273210969387754,-3.5059653806841604,0.0,0.0,-0.1537183970129393,0.0,0,0.03538194444444444,0.031168831168831172,0.03587962962962963,0.010582010582010581,0.0,0.0,False
2-Methyltetrahydrofurane,CC1CCCO1,0.11,0.0,48.0,0.0,0.0,0.0,6.385066966296755,112.37869157334201,0.0,-0.00954667831147721,0.0,0,0.0,0.0,0.0,0.0,0.0,0.0,False
1-Bromonapthalene,Brc1cccc2ccccc12,-4.35,2.3271604938271615,-308.8888888888888,-34.22222222222219,0.0,0.0,-4.173888485069064,135.13473866066772,0.0,0.08746041961108314,0.0,0,0.020833333333333332,0.0,0.0,0.0,0.0,0.0,False
4-Chlorophenol,Oc1ccc(Cl)cc1,-0.7,0.37869822485207105,97.5739644970414,-48.6094674556213,0.0,0.0,4.275597850729157,63.67370126997568,0.0,-0.018737907932169333,5.749511833283905,0,0.0,0.0,0.0,0.0,0.0,0.0,False
2-Methylbutan-2-ol,CCC(C)(C)O,0.15,0.0,66.37037037037037,0.0,0.0,0.0,8.828734570681936,46.21939977975791,0.0,-0.09164415049632842,0.0,0,0.0,0.0,0.0,0.0,0.0,0.0,False
ethiofencarb,CCSCc1ccccc1OC(=O)NC,-2.09,-8.5,0.0,-109.0,-15.0,0.01001824999999791,-10.354092426461442,11.038890919499167,0.0,-0.17748814156504508,5.749511833283905,0,0.019965277777777776,0.02020408163265306,0.019675925925925923,0.008230452674897117,0.0,0.0,True
1-Chlorohexane,CCCCCCCl,-3.12,0.375,-0.5699999999999976,-4.179999999999998,0.0,0.0,-0.5049753628359765,163.68385485927843,0.0,-0.007072901249612669,0.0,0,0.027777777777777776,0.0,0.0,0.0,0.0,0.0,False
2-Methylpentane,CCCC(C)C,-3.74,0.7199999999999995,-29.25,40.5,0.0,0.0,-6.396287845485321,128.217898131258,0.0,0.05233685340638526,0.0,0,0.0,0.0,0.0,0.0,0.0,0.0,False
"1,4-Pentadiene ",C=CCC=C,-2.09,0.21301775147929006,-8.875739644970418,14.79289940828402,0.0,0.0,-1.9409157473783407,145.50247183591415,0.0,-0.05907934101960913,0.0,0,0.0,0.0,0.0,0.0,0.0,0.0,False
Oxazepam,OC3N=C(c1ccccc1)c2cc(Cl)ccc2NC3=O,-3.952,-10.269510926118627,61.35171696149846,-91.88241415192508,-52.483870967741886,-0.521749387096775,-12.448685185548696,30.86391407243781,0.0,0.018703790964121662,0.0,0,0.023413978494623656,0.02194633408919123,0.011217948717948716,0.013605442176870748,0.0,0.0,True
Prasterone,CC34CCC1C(CC=C2CC(O)CCC12C)C3CCC4=O,-4.12,0.857975843398581,50.28154935443567,95.88796334860474,11.254893794252403,-0.32021401915868464,-9.668090624631951,103.30972043697088,0.0,-0.0007071238564631243,0.0,0,0.03472222222222223,0.03050722043203246,0.017764477585906154,0.019543200878234888,0.01507908950617284,0.0,True
2-methylpteridine,Cc2ncc1nccnc1n2,-0.12,-1.2145328719723187,-15.145328719723183,-47.26989619377163,36.134948096885815,0.126147363321799,1.0642066958318304,43.96324205478156,0.0,-0.10302514029862923,0.0,0,0.020833333333333336,0.04,0.0,0.0,0.0,0.0,False
Bromodichloromethane,BrC(Cl)Cl,-1.54,0.0,0.0,0.0,0.0,0.0,0.0,1.8491049882015294,0.0,0.01747282157016457,0.0,0,0.0,0.0,0.0,0.0,0.0,0.0,False
2-aminoanthracene,Nc3ccc2cc1ccccc1cc2c3,-5.17,-3.804733727810651,15.893491124260338,-19.798816568047346,-2.8284023668639082,-0.04951667455621295,-1.7940378322806225,144.55041709555312,0.0,0.012508028669457192,0.0,0,0.016203703703703706,0.025,0.01171875,0.02040816326530612,0.0,0.0,True
Dienestrol,CC=C(C(=CC)c1ccc(O)cc1)c2ccc(O)cc2,-4.95,-1.0249307479224374,-102.14127423822714,-58.48753462603878,1.1689750692520808,-0.5310379833795015,-25.25176846746628,131.27514716355893,0.0,-0.0007472303922958588,11.49902366656781,0,0.023662551440329218,0.02018552875695733,0.018229166666666664,0.013101536911060715,0.008000000000000002,0.020610141822263034,True
Chlorzoxazone,Clc2ccc1oc(=O)[nH]c1c2,-2.831,2.2533333333333334,-8.746666666666663,37.21333333333333,0.0,0.0,1.6581045500548524,30.07213695089437,0.0,-0.12552515037354553,0.0,0,0.05388888888888889,0.0,0.0,0.0,0.0,0.0,False
Succinimide,O=C1CCC(=O)N1,0.3,0.0,0.0,0.0,0.0,0.0,0.0,25.66188957186297,0.0,0.027804691966089735,0.0,0,0.0,0.0,0.0,0.0,0.0,0.0,False
trans-2-Heptene,CCCC/C=C/C,-3.82,-0.23809523809523792,-8.955799065309593e-15,-8.333333333333334,25.0,0.023715999999999703,1.1141141342818635e-14,82.11307526480418,0.0,0.0038479495195715605,0.0,0,0.027777777777777776,0.0,0.0,0.0,0.0,0.0,False
Hexadecane,CCCCCCCCCCCCCCCC,-8.4,-0.3327999999999999,-1.479999999999995,-1.5199999999999951,-1.5999999999999952,-0.0015178239999997433,-0.3236412311561939,408.3648322278587,0.0,-0.02930702184330833,0.0,0,0.00505050505050505,0.004081632653061225,0.003472222222222222,0.0030864197530864187,0.0028571428571428576,0.0027548209366391185,False
Methanol,CO,1.57,0.0,0.0,0.0,0.0,0.0,0.0,48.736907317874284,0.0,0.014501331085071028,0.0,0,0.0,0.0,0.0,0.0,0.0,0.0,False
Ethane,CC,-1.36,0.0,0.0,0.0,0.0,0.0,0.0,137.26031282849775,0.0,-0.0032884385135016473,0.0,0,0.0,0.0,0.0,0.0,0.0,0.0,False
Dialifor,CCOP(=S)(OCC)SC(CCl)N1C(=O)c2ccccc2C1=O,-6.34,-7.046875,-481.41999999999985,108.85000000000004,-310.13000000000005,-2.2579582824999997,-18.518178728756414,26.69900479009806,0.0,0.2739797782473506,0.0,0,0.02998316498316498,0.022127130422061294,0.01642219387755102,0.008680555555555552,0.006172839506172839,0.010000000000000002,True
1-Butene,CCC=C,-1.94,0.0,16.666666666666664,0.0,0.0,0.0,3.6446084589659904,108.23646560121135,0.0,-0.0072487506271708005,0.0,0,0.0,0.0,0.0,0.0,0.0,0.0,False
adenine,Nc1ncnc2nc[nH]c12,-2.12,2.5600000000000005,-30.555555555555525,53.777777777777786,0.0,0.0,1.0933824488897708,71.28148184956568,0.0,-0.1692347337681658,0.0,0,0.0,0.0,0.0,0.0,0.0,0.0,False
"2,4-Dimethyl-3-pentanone",CC(C)C(=O)C(C)C,-1.3,2.6776859504132227,-97.88429752066112,131.20661157024796,0.0,0.0,-21.820167808198498,12.210611582879219,0.0,0.07026572266480234,0.0,0,0.0,0.0,0.0,0.0,0.0,0.0,False
Dimethoxymethane,COCOC,0.48,0.4792899408284027,-37.065088757396445,44.786982248520715,0.0,0.0,-5.799906296039983,28.8951882454423,0.0,0.05679973489204188,0.0,0,0.0,0.0,0.0,0.0,0.0,0.0,False
Acetonitrile,CC#N,0.26,0.0,0.0,0.0,0.0,0.0,0.0,102.46833041642886,0.0,0.03757808559314569,6.069221312792274,0,0.0,0.0,0.0,0.0,0.0,0.0,False
1-Bromopentane,CCCCCBr,-3.08,0.4982698961937718,-71.30795847750868,-245.5951557093426,0.0,0.0,0.11844265711947466,143.83664853996345,0.0,0.03896356984707312,0.0,0,0.0,0.0,0.0,0.0,0.0,0.0,False
Methyldymron,CN(C(=O)NC(C)(C)c1ccccc1)c2ccccc2,-3.35,-0.4224999999999999,-67.20000000000002,-66.04,-47.84000000000001,-0.020983489999999074,12.317208915985224,10.569604124137705,0.0,0.11762599734045087,0.0,0,0.03170289855072463,0.022513426423200856,0.012152777777777776,0.005368529178052986,0.002812499999999999,0.004081216202428323,True
prednisolone acetate,CC(=O)OCC(=O)C3(O)CCC4C2CCC1=CC(=O)C=CC1(C)C2C(O)CC34C,-4.37,1.3412812410226953,46.96552714737149,76.47428899741452,-91.97098534903762,-2.1138470910657854,-18.841620763102625,35.44906774492936,0.0,-0.06865868272296122,0.0,0,0.034801587301587306,0.02912471655328798,0.017720629918634115,0.017111782984798853,0.010640817901234568,0.011113465658920204,True
m-Nitroaniline,Nc1cccc(c1)N(=O)=O,-2.19,3.125,-5.25,-49.0,0.0,0.0,5.807204436155602,25.11199967900899,0.0,0.00452749949113708,0.0,0,0.03125,0.0,0.0,0.0,0.0,0.0,False
"2,2',4,5'-PCB",Clc1ccc(c(Cl)c1)c2cc(Cl)ccc2Cl,-6.57,-0.25619834710743866,131.40495867768593,-33.02479338842974,109.52066115702482,0.33543133057851265,-2.228918065569007,139.8587710415927,0.0,-0.10157210601882688,11.126902983393991,0,0.027777777777777776,0.02738404452690167,0.021180555555555557,0.01020408163265306,0.0,0.0,False
Bromophos,COP(=S)(OC)Oc1cc(Cl)c(Br)cc1Cl,-6.09,-4.666666666666663,283.5,717.75,-141.0,-0.35947213194444416,-11.241988148590913,0.8385894261846458,0.0,0.15726736964443516,5.749511833283905,0,0.028186274509803922,0.0280690737833595,0.016865079365079364,0.0,0.0,0.0,True
"1,4-Dibromobenzene",Brc1ccc(Br)cc1,-4.07,0.0,800.7499999999999,0.0,0.0,0.0,4.4025222254489895,85.12883414371807,0.0,0.02839485665739303,0.0,0,0.0,0.0,0.0,0.0,0.0,0.0,False
Morin,Oc1ccc(c(O)c1)c3oc2cc(O)cc(O)c2c(=O)c3O,-3.083,-3.43359375,-137.609375,-38.359375,-38.390625,0.6414377499999998,3.1289185240857487,214.451305955082,0.0,-0.25160948135845407,40.071258076990965,0,0.03496168582375479,0.025272108843537415,0.019371345029239765,0.010510024115466289,0.020250000000000004,0.004115226337448559,True
theobromine,Cn1cnc2n(C)c(=O)[nH]c(=O)c12,-2.523,6.428571428571426,-137.9455782312925,-6.714285714285712,0.0,0.0,7.103826943180551,48.46054509954625,0.0,-0.050688308836504874,0.0,0,0.03961111111111111,0.0,0.0,0.0,0.0,0.0,False
Pyridine,c1ccncc1,0.76,0.0,15.884297520661159,0.0,0.0,0.0,1.9119218608820414,114.68212700649667,0.0,-0.05491028132655917,0.0,0,0.0,0.0,0.0,0.0,0.0,0.0,False
Glafenine,OCC(O)COC(=O)c1ccccc1Nc2ccnc3cc(Cl)ccc23,-4.571,-6.2341806381828,-6.854515954570055,-36.50567874526771,-4.610059491617093,-0.2108250497566252,13.452795042952534,40.36352302257352,0.0,0.03952663395919101,0.0,0,0.022420634920634924,0.0156734693877551,0.010574494949494948,0.010863034672558482,0.010694444444444446,0.00798557970275142,True
Ethalfluralin,CCN(CC(C)=C)c1c(cc(cc1N(=O)=O)C(F)(F)F)N(=O)=O,-6.124,-0.34915997078158917,42.32578524470418,85.18845872899927,-302.4616508400292,-8.643602997808616,7.983130833650847,0.0,0.0,0.1035909895280777,0.0,0,0.04846014492753624,0.0177498691784406,0.013503086419753084,0.018518518518518517,0.0,0.0,True
Coumachlor,CC(=O)CC(c1ccc(Cl)cc1)c2c(O)c3ccccc3oc2=O,-5.839,-7.690992767915845,-4.01446416831033,-94.96909927679158,296.93096646942786,3.112047844181457,-3.5387752364192746,15.062124180072136,0.0,0.07519365816943997,5.749511833283905,0,0.032812499999999994,0.01751792608935466,0.021111111111111112,0.006696635769317472,0.013671875,0.008264462809917356,True
Riboflavin,Cc3cc2nc1c(=O)[nH]c(=O)nc1n(CC(O)C(O)C(O)CO)c2cc3C,-3.685,-16.367587143503847,140.12449071978264,-95.84970574920773,-164.9669533725668,-1.0472685722046218,11.420196110257798,92.04889291551987,0.0,-0.2613683330566294,11.518332492848387,1,0.026515151515151516,0.026919791172282864,0.018419715447154473,0.015360983102918583,0.011006944444444444,0.00588861194921801,False
Ethyl pentanoate,CCCOC(=O)CCC,-1.75,-1.1512287334593574,-93.4102079395085,-63.93194706994327,17.78449905482042,0.22022980718336363,0.20975904227331052,18.492519695426793,0.0,-0.060927140210147286,0.0,0,0.013888888888888888,0.020408163265306124,0.0,0.0,0.0,0.0,False
Lovastatin,CCC(C)C(=O)OC2CC(C)C=C3C=CC(C)C(CCC1CC(O)CC(=O)O1)C23,-6.005,-10.249467455621302,-157.13609467455618,-45.130177514792905,-174.30769230769226,-0.9329228553846153,10.987507049408336,2.6840798495480045,0.0,-0.2635293941766963,0.0,0,0.024636243386243387,0.02179962894248608,0.013310185185185184,0.012657304637254509,0.008703703703703703,0.010935258707094714,True
RTI 19,CCN2c1ccccc1N(C)C(=O)c3ccccc23,-4.749,-4.171428571428565,-238.5983673469388,-195.25714285714278,163.1681632653062,0.44129934693877626,-13.353478002375798,32.492884461550375,0.0,0.18877824315100147,0.0,1,0.025517241379310343,0.017589394732251875,0.004913076341647772,0.0,0.0,0.0,True
Tetrabromomethane,BrC(Br)(Br)Br,-3.14,0.0,0.0,0.0,0.0,0.0,0.0,0.0,0.0,0.02104517787582022,0.0,0,0.0,0.0,0.0,0.0,0.0,0.0,False
"3,3-Dimethylpentane",CCC(C)(C)CC,-4.23,0.4253308128544427,79.39508506616257,20.841209829867672,0.0,0.0,17.361839917947925,186.47148006483812,0.0,0.08965402411255173,0.0,0,0.0,0.0,0.0,0.0,0.0,0.0,False
Ethisterone,CC12CCC(=O)C=C1CCC3C2CCC4(C)C3CCC4(O)C#C,-5.66,4.367166474432906,43.888888888888935,139.7777777777778,10.222222222222236,-0.37011504498270015,-8.736141490987649,68.9893326880386,0.0,-0.3537920941328278,12.343784214475903,0,0.03580459770114943,0.032089125505274575,0.0204494992441421,0.015390106659947925,0.015134479717813051,0.009624868210726795,True
Methazole,Cn2c(=O)on(c1ccc(Cl)c(Cl)c1)c2=O,-2.82,-2.264462809917356,-37.0,20.0,-68.0,0.27770418181818096,-2.1925578213172843,33.99994584100454,0.0,-0.11031787482973841,5.687386274683562,0,0.03566666666666666,0.030408163265306126,0.022695983155166827,0.0,0.0,0.0,True
Guaiacol,COc1ccccc1O,-1.96,2.335640138408303,-66.04844290657437,58.66435986159169,0.0,0.0,-1.092635229436726,88.86152978735956,0.0,0.008256990056379285,11.49902366656781,0,0.0625,0.0,0.0,0.0,0.0,0.0,False
Niclosamide,Oc1ccc(Cl)cc1C(=O)Nc2ccc(cc2Cl)N(=O)=O,-4.7,-1.6920332936979787,166.90130796670627,-99.80499405469678,42.04994054696788,0.8147748953626628,16.949194115488737,146.61700380680844,0.0,0.11699911788332512,5.749511833283905,0,0.02806712962962963,0.01929108485499463,0.01608187134502924,0.012278491643571008,0.013958333333333336,0.008787368635853485,True
Flumetralin,CCN(Cc1c(F)cccc1Cl)c2c(cc(cc2N(=O)=O)C(F)(F)F)N(=O)=O,-6.78,10.875,78.7575,-86.95499999999998,-44.21749999999999,-2.117842816874999,11.501646398520569,0.2668689780218567,0.0,0.23837337575813794,0.0,0,0.042676767676767695,0.015756642279553326,0.019331831831831826,0.010267069790879314,0.019500000000000003,0.004771883559762347,True
Benzo[ghi]perylene,c1cc2ccc3ccc4ccc5cccc6c(c1)c2c3c4c56,-9.018,-17.73010380622837,-64.61937716262976,-121.7993079584775,76.12456747404846,0.07221480968858063,-14.130739717202072,143.0023974914484,0.0,0.24761067819013802,0.0,0,0.0198948948948949,0.01090909090909091,0.0,0.0,0.0,0.0,False
"2,3,6-Trichlorophenol",Oc1c(Cl)ccc(Cl)c1Cl,-2.64,0.5917159763313609,15.585798816568047,42.751479289940825,0.0,0.0,3.4528274992781114,64.01935922652069,0.0,-0.11062232904648087,5.749511833283905,0,0.0,0.0,0.0,0.0,0.0,0.0,False
Azintamide,CCN(CC)C(=O)CSc1ccc(Cl)nn1,-1.716,1.1555555555555554,130.17333333333335,46.42222222222221,-19.960000000000004,0.32375210666666715,2.9458832167862363,22.996119902354373,0.0,-0.03300685779989469,0.0,0,0.030671296296296297,0.016938775510204084,0.013573232323232324,0.014361300075585786,0.017812500000000002,0.0,True
2-Ethyl-1-hexanol,CCCCC(CC)CO,-2.11,0.23045267489711965,-7.596707818930047,-14.658436213991768,36.36213991769549,0.08662446090534924,3.101546898912623,55.0151760461104,0.0,0.04807480122084556,0.0,0,0.027777777777777776,0.0,0.0,0.0,0.0,0.0,False
3-Hexanone,CCCC(=O)CC,-0.83,1.246537396121883,-41.7229916897507,9.839335180055393,0.0,0.0,-2.1297872612220012,10.810325308051109,0.0,0.07913911260519509,0.0,0,0.0,0.0,0.0,0.0,0.0,0.0,False
Acenapthylene,C1=Cc2cccc3cccc1c23,-3.96,5.7600000000000025,-70.0,66.0,0.0,0.0,-15.307355527657212,175.53432762893593,0.0,0.05121290607552713,0.0,0,0.0,0.0,0.0,0.0,0.0,0.0,False
Anilofos,COP(=S)(OC)SCC(=O)N(C(C)C)c1ccc(Cl)cc1,-4.432,-0.20437500000000344,-77.24000000000005,369.1200000000002,-844.6399999999999,-3.668639309999998,-27.119870624649927,2.0182609419121365,0.0,0.1676666589071309,0.0,0,0.02722222222222222,0.034174397031539884,0.014115338164251208,0.00566893424036281,0.015859375000000002,0.011549841852872157,True
adrenosterone,CC34CC(=O)C1C(CCC2=CC(=O)CCC12C)C3CCC4(=O),-3.48,1.616257088846881,9.483931947069959,-37.12665406427218,38.36862003780719,-0.4194295122873346,-8.232207366496871,28.00108879402074,0.0,-0.2003089775130539,0.0,0,0.033494623655913984,0.03302267573696146,0.01649558632977,0.019543200878234888,0.01507908950617284,0.0,True
2-Ethylnaphthalene,CCc1ccc2ccccc2c1,-4.29,-2.888888888888889,-6.25,-25.0,25.0,0.023715999999999973,-1.3667281721122855,117.86527841153463,0.0,0.044109930594392395,0.0,0,0.02430555555555556,0.020136054421768707,0.027777777777777776,0.0,0.0,0.0,False
Chlorodibromethane,ClC(Br)Br,-1.9,0.0,0.0,0.0,0.0,0.0,0.0,1.2787952110070406,0.0,0.010567452560269327,0.0,0,0.0,0.0,0.0,0.0,0.0,0.0,False
"2,4,6-Trinitrotoluene",Cc1c(cc(cc1N(=O)=O)N(=O)=O)N(=O)=O,-3.22,7.619047619047618,20.190476190476193,11.095238095238095,0.0,0.0,9.360345709710463,31.676905487548428,0.0,0.06140683862498795,0.0,0,0.06067251461988303,0.0,0.0,0.0,0.0,0.0,True
Acetophenone,CC(=O)c1ccccc1,-1.28,1.494809688581314,-3.425605536332176,9.43252595155709,0.0,0.0,0.016814560718224902,26.482683108748606,0.0,-0.03488818756914287,0.0,0,0.0625,0.0,0.0,0.0,0.0,0.0,False
Thalidomide,O=C1N(C2CCC(=O)NC2=O)C(=O)c3ccccc13,-2.676,-5.0820451843044,-91.87990487514861,-111.80737217598094,52.58026159334125,0.1897113436385254,8.966305281039913,42.62386020405988,0.0,0.102534911933626,0.0,0,0.03231884057971014,0.019282879818594105,0.015630905139833708,0.014737260644998737,0.012345679012345678,0.0,True
Ethyl formate,CCOC=O,0.15,0.0,-13.661157024793381,0.0,0.0,0.0,2.449875422429869,49.79891053146394,0.0,0.0456506845598487,0.0,0,0.0,0.0,0.0,0.0,0.0,0.0,False
Chlorazine,CCN(CC)c1nc(Cl)nc(n1)N(CC)CC,-4.411,-20.959824689554413,12.201607012417828,-246.71292914536156,-108.04967129291451,0.3467319999999984,4.435356968020279,5.34870521628965,0.0,0.12466050630972171,0.0,0,0.04027777777777777,0.02020408163265306,0.015625,0.0,0.0,0.0,True
p-Aminophenol,Nc1ccc(O)cc1,-0.8,0.8533333333333336,60.34666666666667,-32.68,0.0,0.0,3.853013751629558,95.0442638294966,0.0,-0.07982993937419079,5.749511833283905,0,0.0,0.0,0.0,0.0,0.0,0.0,False
1-Chloronapthalene,Clc1cccc2ccccc12,-3.93,2.3271604938271615,-102.2222222222222,2.4444444444444615,0.0,0.0,-1.7121006856234982,145.07416071916654,0.0,0.03625139417090923,0.0,0,0.020833333333333332,0.0,0.0,0.0,0.0,0.0,False
Thiophenol,Sc1ccccc1,-2.12,0.28994082840236696,2.662721893491125,11.98224852071006,0.0,0.0,3.178433984550741,107.88717841400576,0.0,-0.0126343884980865,0.0,0,0.0,0.0,0.0,0.0,0.0,0.0,False
2-Chlorophenol,Oc1ccccc1Cl,-1.06,0.37869822485207105,-14.426035502958587,16.621301775147927,0.0,0.0,4.287966201220157,68.51241947904911,0.0,-0.014730163924633739,5.749511833283905,0,0.0,0.0,0.0,0.0,0.0,0.0,False
p-Chloroacetanilide,CC(=O)Nc1ccc(Cl)cc1,-2.843,-0.2437673130193903,17.753462603878116,-6.6011080332409895,-134.75069252077563,-0.4081948088642659,-5.362022639381004,16.415043088943097,0.0,-0.06697435152038868,0.0,0,0.028935185185185185,0.05387755102040817,0.0,0.0,0.0,0.0,False
norflurazon,CNc2cnn(c1cccc(c1)C(F)(F)F)c(=O)c2Cl,-4.046,-4.380499405469679,-190.83353151010706,-158.78240190249704,57.96551724137933,0.7967311379310353,11.371543898525823,0.0,0.0,-0.09128650224728713,5.687386274683562,0,0.039855072463768106,0.02779806659505907,0.016544117647058824,0.016805240614764422,0.015125000000000001,0.0,True
Chlordene,ClC2=C(Cl)C3(Cl)C1C=CCC1C2(Cl)C3(Cl)Cl,-5.64,5.78512396694215,-1021.0247933884298,-434.98347107438013,0.0,0.0,-0.23915042885708393,0.0,0.0,0.027843512844783348,0.0,0,0.0475,0.0,0.0,0.0,0.0,0.0,True
Furfural,O=Cc1ccco1,-0.1,0.0,0.6446280991735599,0.0,0.0,0.0,4.529386973341787,86.44848237928407,0.0,0.04276573023984041,0.0,0,0.0,0.0,0.0,0.0,0.0,0.0,False
Acridine,c3ccc2nc1ccccc1cc2c3,-3.67,-3.1190926275992443,-18.699432892249526,-34.412098298676746,33.55387523629491,0.058439863894139,5.032567353122474,65.4114319629062,0.0,-0.01271849035508296,0.0,1,0.011111111111111117,0.013061224489795917,0.0,0.0,0.0,0.0,True
Rotenone,COc5cc4OCC3Oc2c1CC(Oc1ccc2C(=O)C3c4cc5OC)C(C)=C,-4.42,-10.799307958477511,-16.780853517877734,-76.71510957324105,12.313725490196058,-0.6405910588235241,-6.810222363476622,44.88589448318187,0.0,0.2077190652019488,28.747559166419524,1,0.027630023640661944,0.02363783608681568,0.016598811241668385,0.012131052695426591,0.010359567901234571,0.009794918885827977,True
o-Toluidine,Cc1ccccc1N,-2.21,1.1072664359861597,52.77508650519031,29.083044982698958,0.0,0.0,7.890160400503807,87.7396053910946,0.0,-0.06596618733220505,0.0,0,0.0,0.0,0.0,0.0,0.0,0.0,False
Pentachloroethane,ClC(Cl)C(Cl)(Cl)Cl,-2.6,0.0,0.0,0.0,0.0,0.0,0.0,0.0,0.0,-0.020270570204302247,0.0,0,0.0,0.0,0.0,0.0,0.0,0.0,False
Isopropylbenzene,CC(C)c1ccccc1,-3.27,1.2857142857142863,-20.40816326530613,10.714285714285712,0.0,0.0,-4.46278586812166,137.2185214650152,0.0,-0.08702240883746806,0.0,0,0.0625,0.0,0.0,0.0,0.0,0.0,False
Butan-2-ol,CCC(C)O,0.47,0.0,38.879999999999995,0.0,0.0,0.0,4.645559236865307,56.4731158274561,0.0,0.004539372132529876,0.0,0,0.0,0.0,0.0,0.0,0.0,0.0,False
Iodobenzene,Ic1ccccc1,-3.01,0.0,-215.24999999999994,0.0,0.0,0.0,1.6414959888264269,91.52282321295503,0.0,-0.044145470100570745,0.0,0,0.0,0.0,0.0,0.0,0.0,0.0,False
Fluorobenzene,Fc1ccccc1,-1.8,0.0,4.7500000000000036,0.0,0.0,0.0,5.421551249633916,27.812168024321334,0.0,-0.025891608716630897,0.0,0,0.0,0.0,0.0,0.0,0.0,0.0,False
Aldrin,ClC1=C(Cl)C2(Cl)C3C4CC(C=C4)C3C1(Cl)C2(Cl)Cl,-6.307,13.207100591715978,-942.0,-1088.0,0.0,0.0,-11.231515089568804,0.0,0.0,0.34695974834654186,0.0,0,0.04604166666666667,0.04,0.0,0.0,0.0,0.0,True
5-hydroxyquinoline,Oc1cccc2ncccc12,-2.54,2.6481481481481493,-40.30864197530863,21.481481481481485,0.0,0.0,-0.06236108061653791,78.72903851713406,0.0,-0.03203390738790886,5.749511833283905,0,0.020833333333333332,0.0,0.0,0.0,0.0,0.0,False
8-quinolinol,Oc1cccc2cccnc12,-2.42,3.169753086419754,-70.02469135802468,31.864197530864203,0.0,0.0,-4.939503478753651,75.0705581555629,0.0,-0.025902099600924374,5.749511833283905,0,0.020833333333333332,0.0,0.0,0.0,0.0,0.0,False
Napthalene,c1ccc2ccccc2c1,-3.6,1.7777777777777786,-2.469135802469143,21.604938271604937,0.0,0.0,-0.5399419939209197,147.85141817065812,0.0,0.02998230919163829,0.0,0,0.0,0.0,0.0,0.0,0.0,0.0,False
"1,4-Benzenediol",Oc1ccc(O)cc1,-0.17,0.6530612244897959,62.46938775510205,-24.244897959183675,0.0,0.0,4.353432610303427,100.91607210574216,0.0,-0.0024682648312736788,11.49902366656781,0,0.0,0.0,0.0,0.0,0.0,0.0,False
Mefenacet,CN(C(=O)COc1nc2ccccc2s1)c3ccccc3,-4.873,2.5510204081632653,61.03020408163267,34.65632653061225,-49.68,-0.6898946057142856,5.8389133090633605,50.88376998489358,0.0,0.0676224889898274,5.193684038439675,0,0.017027777777777774,0.01937263794406651,0.012307006135787647,0.009738154521067684,0.007188051146384479,0.0018779716355473944,True
Clomazone,CC1(C)CON(Cc2ccccc2Cl)C1=O,-2.338,-7.479999999999998,58.95999999999997,161.67999999999995,-264.23999999999995,-0.49133761000000264,-0.7488386484727871,6.515395776947136,0.0,0.06841604221156869,0.0,0,0.03172222222222222,0.02607709750566893,0.013503086419753086,0.02040816326530612,0.0,0.0,True
nicotinamide,NC(=O)c1cccnc1,0.61,0.9600000000000004,8.595555555555555,-11.10666666666667,0.0,0.0,0.5337991492415322,39.44886450712725,0.0,-0.07518853294136424,0.0,0,0.0625,0.0,0.0,0.0,0.0,0.0,False
"trans-1,4-Dimethylcyclohexane",C/C1CCC(\C)CC1,-4.47,1.333333333333333,58.333333333333314,-16.66666666666667,0.0,0.0,12.756129606380965,230.06602429325454,0.0,0.00876661647611098,0.0,0,0.0,0.0,0.0,0.0,0.0,0.0,False
O-Ethyl carbamate,CCOC(=O)N,0.85,0.5680473372781065,-44.94082840236686,43.491124260355036,0.0,0.0,1.7489085458159255,23.054991017841022,0.0,-0.004923170880991604,0.0,0,0.0,0.0,0.0,0.0,0.0,0.0,False
Androstenedione,CC34CCC1C(CCC2=CC(=O)CCC12C)C3CCC4=O,-3.69,2.6736079674060655,58.057039384336754,110.97464916251698,21.079674060660924,-0.38341047532820177,-5.45877154956041,33.46898878689128,0.0,-0.062189683768482544,0.0,0,0.03472222222222223,0.03050722043203246,0.017764477585906154,0.019543200878234888,0.01507908950617284,0.0,True
menthol,CC(C)C1CCC(C)CC1O,-2.53,0.2861602497398524,-106.7950052029136,82.08844953173781,60.8553590010406,0.12681297814776235,1.9712309540545028,50.77067955307002,0.0,0.09568452769608897,0.0,0,0.07870370370370372,0.0,0.0,0.0,0.0,0.0,False
Benzo(a)pyrene,c1ccc2c(c1)cc3ccc4cccc5ccc2c3c45,-8.699,-3.25,-78.515625,-46.875,-5.46875,-0.005187874999999995,-17.169522662160134,157.2368818801796,0.0,0.17714199392814967,0.0,0,0.014423076923076926,0.020027210884353743,0.006558641975308642,0.008062484252960446,0.0,0.0,False
5-Ethyl-5-isopropylbarbituric acid,O=C1NC(=O)NC(=O)C1(CC)C(C)C,-2.148,3.75,-329.1683673469389,216.62755102040805,0.0,0.0,21.42120500710783,27.17776920057557,0.0,-0.058597850600649315,0.0,0,0.07083333333333335,0.0,0.0,0.0,0.0,0.0,True
Metribuzin,CSc1nnc(c(=O)n1N)C(C)(C)C,-2.253,-5.0,-321.5255102040817,-94.43877551020407,-106.6224489795918,0.08783230867346874,29.612816402180055,23.966439750194624,0.0,-0.20215636873034032,0.0,0,0.046296296296296294,0.030612244897959183,0.0,0.0,0.0,0.0,True
Corticosterone,CC12CC(O)C3C(CCC4=CC(=O)CCC34C)C2CCC1C(=O)CO,-3.24,7.406611570247938,-150.21719008264463,64.25619834710739,58.48661157024791,-0.5032971662809896,-31.80775503446608,203.64948666046274,0.0,-0.031592849692686706,0.0,0,0.03437321937321937,0.03008908325234856,0.018272189828312274,0.017602565717645083,0.008721941638608307,0.013202734414855628,True
nevirapine,Cc3ccnc4N(C1CC1)c2ncccc2C(=O)Nc34,-3.19,-23.660899653979243,-118.49134948096884,-304.76816608996546,170.553633217993,0.7894799999999993,29.494138226817938,49.134031177501285,0.28867513459481287,0.10350448428367882,0.0,1,0.021246031746031745,0.01782312925170068,0.01111111111111111,0.0,0.0,0.0,True
"3,4-Dimethylphenol",Cc1ccc(O)cc1C,-1.38,2.2437673130193896,43.983379501385045,-3.1246537396121834,0.0,0.0,8.953529029442118,70.22242408221219,0.0,-0.08701545435129113,5.749511833283905,0,0.0,0.0,0.0,0.0,0.0,0.0,False
Digitoxin,CC1OC(CC(O)C1O)OC2C(O)CC(OC2C)OC8C(O)CC(OC7CCC3(C)C(CCC4C3CCC5(C)C(CCC45O)C6=CC(=O)OC6)C7)OC8C,-5.293,-12.81154840563056,36.202815282964664,168.57713300775637,-123.30881930479737,-1.3454619867854085,-0.5142446247354291,162.17427922509864,0.0,-0.13779380013478693,0.0,0,0.026799516908212567,0.02707839690183189,0.015499924869546213,0.013452624315719551,0.009502073688271606,0.007577846769765961,False
Dexamethasone,CC1CC2C3CCC4=CC(=O)C=CC4(C)C3(F)C(O)CC2(C)C1(O)C(=O)CO,-3.59,10.411511234225925,-233.4210526315789,149.08310249307476,-16.71191135734073,-0.3159588710372423,-48.091941446146386,98.45835700344442,0.0,0.05026272047368273,0.0,0,0.04077777777777778,0.030934608077465214,0.020535225584486665,0.015192743764172333,0.012860873694207029,0.009430524582039732,True
p-Phenylphenol,Oc1ccc(cc1)c2ccccc2,-3.48,-1.2306238185255194,18.801512287334592,11.175803402646508,0.4234404536861995,-0.15741014744801424,-1.0625509652471468,82.14697462349896,0.0,-0.051582228035112365,16.876414816677897,0,0.027777777777777783,0.02666666666666667,0.015625,0.02040816326530612,0.0,0.0,True
Benzo(b)fluorene,C1c2ccccc2c3cc4ccccc4cc13,-8.04,-3.824019024970273,12.901307966706291,-8.263971462544594,-11.920332936979795,-0.011308104637336816,2.821212968831048,121.02751205478609,0.0,0.18806960210666013,11.126902983393991,0,0.027812500000000004,0.010204081632653062,0.006205458373825718,0.003188775510204083,0.0,0.0,True
Flurochloridone,FC(F)(F)c1cccc(c1)N2CC(CCl)C(Cl)C2=O,-4.047,-3.6230677764565997,34.380499405469685,-45.078478002378134,11.023781212841868,-0.7296875790725288,20.094275693969212,0.0,0.0,-0.047853588930211174,0.0,0,0.03536616161616162,0.024988662131519273,0.025408635676492815,0.011810279667422523,0.0,0.0,True
Cycluron,CN(C)C(=O)NC1CCCCCCC1,-2.218,-1.6049382716049383,-4.500000000000006,-43.512345679012334,-38.8456790123457,-0.12020800000000026,1.276804594586071,23.46239138537723,0.0,0.16282899651399566,0.0,0,0.028409090909090905,0.0182312925170068,0.015624999999999998,0.02040816326530612,0.0,0.0,True
Terbufos,CCOP(=S)(OCC)SCSC(C)(C)C,-4.755,-7.611882716049382,-613.7870370370371,-305.6697530864197,-88.73148148148151,0.019369185185186696,-15.933791660384994,0.0,0.0,-0.07914295563449987,0.0,0,0.04629629629629628,0.01749271137026239,0.0234375,0.0,0.0,0.0,True
Propyne,CC#C,-0.41,0.0,0.0,0.0,0.0,0.0,0.0,42.946417398235525,0.0,-0.011159298927743928,12.343784214475903,0,0.0,0.0,0.0,0.0,0.0,0.0,False
3-Heptanol,CCCCC(O)CC,-1.47,0.375,10.625,-33.625,27.5625,0.07155624999999956,0.15458459291530802,59.656861022824536,0.0,-0.04923126467916287,0.0,0,0.018518518518518517,0.0,0.0,0.0,0.0,0.0,False
"1,4-Dinitrobenzene",O=N(=O)c1ccc(cc1)N(=O)=O,-3.39,-3.75,-44.390625,17.0625,0.0,0.0,3.770891745796944,27.08753317097697,0.0,0.0694607149184004,0.0,0,0.07222222222222223,0.04081632653061224,0.0,0.0,0.0,0.0,False
Monuron,CN(C)C(=O)Nc1ccc(Cl)cc1,-2.89,-2.951388888888889,87.66666666666666,-130.55555555555557,142.2222222222222,0.41957195138888687,3.7721332325656247,34.222672295525484,0.0,0.12333954196709764,0.0,0,0.02847222222222222,0.028921282798833825,0.029513888888888888,0.0,0.0,0.0,True
Eugenol,COc1cc(CC=C)ccc1O,-1.56,-2.0,-75.22222222222226,-24.88888888888891,-32.00000000000001,-0.1856426666666665,-4.699244732576213,97.9001737863628,0.0,-0.007473071196346183,11.49902366656781,0,0.037698412698412696,0.03040816326530612,0.0,0.0,0.0,0.0,True
Pyridazine,c1ccnnc1,1.1,0.0,10.240000000000002,0.0,0.0,0.0,0.559692212625638,104.48643981779975,0.0,-0.07158213714769868,0.0,0,0.0,0.0,0.0,0.0,0.0,0.0,False
"1,3-Dichloropropane",ClCCCCl,-1.62,0.0,0.0,0.0,0.0,0.0,0.0,115.14245938761505,0.0,0.01803368743847135,0.0,0,0.0,0.0,0.0,0.0,0.0,0.0,False
RTI 2,CCN2c1ncccc1N(CC)C(=O)c3cccnc23,-2.86,-17.111111111111107,-282.070987654321,-308.33641975308643,171.92283950617286,0.8159611728395036,-9.134533798560808,36.404411953649685,0.0,0.0710330863087304,0.0,1,0.024934640522875813,0.019405095371481926,0.008503401360544218,0.0,0.0,0.0,True
Carboxin,CC1=C(SCCO1)C(=O)Nc2ccccc2,-3.14,-1.3246135552913207,-31.28418549346014,6.65873959571937,-55.79072532699171,-0.00197489892984727,22.646007164958657,28.97539525970241,0.0,-0.048216455410758946,0.0,0,0.027281746031746032,0.009481946624803766,0.007118055555555555,0.010531620055429581,0.0,0.0,True
2-Octanol,CCCCCCC(C)O,-2.09,-1.526748971193416,1.3004115226337458,1.2510288065843662,-33.8477366255144,-0.21068926748971165,-1.0683459892365983,67.16136717298257,0.0,-0.019831191001017327,0.0,0,0.027777777777777776,0.0272108843537415,0.0,0.0,0.0,0.0,False
Furane,c1ccoc1,-0.82,0.0,0.0,0.0,0.0,0.0,0.0,116.56354124805259,0.0,0.010925234595865299,0.0,0,0.0,0.0,0.0,0.0,0.0,0.0,False
"2,4-Dimethylpyridine",Cc1ccnc(C)c1,0.38,2.657439446366783,-47.66782006920415,69.7993079584775,0.0,0.0,-2.1966396975865647,125.78066268108888,0.0,-0.007838106298493052,0.0,0,0.0,0.0,0.0,0.0,0.0,0.0,False
alloxantin,C1(=O)NC(=O)NC(=O)C1(O)C2(O)C(=O)NC(=O)NC2(=O),-1.99,1.3609467455621327,3.585798816568035,-58.686390532544394,-42.18934911242604,-1.483681372781065,25.584811918615163,102.8250052314921,0.0,0.2785197201784888,0.0,0,0.027243589743589747,0.04034985422740526,0.006944444444444444,0.032753842277651796,0.0,0.0,False
Methyl formate,COC=O,0.58,0.0,0.0,0.0,0.0,0.0,0.0,63.194571117732,0.0,0.008167579247311423,0.0,0,0.0,0.0,0.0,0.0,0.0,0.0,False
aldosterone,CC13CCC(=O)C=C1CCC4C2CCC(C(=O)CO)C2(CC(O)C34)C=O,-3.85,8.555555555555552,-116.84224965706451,51.88888888888888,1.2825788751714755,-1.399553234567904,-33.50604808890633,161.2735021856268,0.0,0.12782712182664793,0.0,0,0.03315025252525252,0.029152220027796064,0.01714557350718065,0.016257892045707167,0.010963863168724282,0.011002278679046355,True
"5,6-Dimethylchrysene",Cc1c(C)c2c3ccccc3ccc2c4ccccc14,-7.01,-4.592592592592589,-99.3827160493827,-112.03703703703704,62.962962962962955,0.05972918518518401,-21.732665255315744,140.98553709345697,0.0,0.1969029879911406,0.0,0,0.028273809523809524,0.020168067226890758,0.009259259259259259,0.008062484252960446,0.0,0.0,False
Betamethasone-17-valerate,CCCCC(=O)OC3(C(C)CC4C2CCC1=CC(=O)C=CC1(C)C2(F)C(O)CC34C)C(=O)CO,-4.71,2.0132910136877564,-284.11465978972427,-174.94743106526474,-32.4405871850823,0.3793266470938338,-63.9043783644679,0.0,0.0,-0.26719043224734235,0.0,0,0.03506849315068493,0.02820145602100489,0.019693988706593744,0.013359675880934382,0.011468878600823046,0.008449089257170065,False
3-Pentanoyloxymethylphenytoin,O=C1N(COC(=O)CCCC)C(=O)C(N1)(c2ccccc2)c3ccccc3,-4.678,-8.896293211162016,35.63515201999164,-157.88004997917534,0.9475218658892308,-1.238002472303207,-0.7734622873082956,43.792368608387115,0.0,-0.259033614658673,0.0,0,0.022581018518518518,0.01367800453514739,0.015529205509364239,0.010648079682758771,0.005672067901234569,0.004707974404944102,True
Dimecron,CCN(CC)C(=O)C(=CCOP(=O)(OC)OC)Cl,0.523,5.829072315558804,-121.95105916727539,234.04894083272455,-270.74799123447775,-1.5236189481373255,-7.366644735888472,1.8207475308883516,0.0,0.12270739951811233,0.0,0,0.025925925925925918,0.023323615160349857,0.017857142857142853,0.012345679012345677,0.008000000000000002,0.0,True
Fludrocortisone,CC34CC(O)C1(F)C(CCC2=CC(=O)CCC12C)C3CCC4(O)C(=O)CO,-3.43,9.198660714285708,-128.8571428571429,67.96428571428565,15.056122448979574,-0.44003191836734684,-31.743223880230794,130.22361114163772,0.0,0.2548157398791127,0.0,0,0.038961352657004844,0.03159211159211159,0.019432452468166755,0.016194955348394498,0.01096386316872428,0.011002278679046355,True
Fluoromethalone,CC1CC2C3CCC(O)(C(=O)C)C3(C)CC(O)C2(F)C4(C)C=CC(=O)C=C14,-4.099,2.4212372448979544,-135.15561224489787,119.37372448979598,125.66071428571432,-0.846246500000004,-52.950276745545246,79.88168901706179,0.0,-0.1303835177438914,0.0,0,0.041672453703703705,0.031046863189720327,0.020348639455782313,0.014968950543180232,0.012882373113854597,0.014437302316090195,True
1-Octanol,CCCCCCCCO,-2.39,-0.5267489711934152,1.3004115226337476,1.2510288065843627,1.1522633744855983,-0.04714126748971175,-1.0683459892365976,84.67145369282757,0.0,-0.02875749898495501,0.0,0,0.013888888888888888,0.01360544217687075,0.015625,0.0,0.0,0.0,False
Thiometon,CCSCCSP(=S)(OC)OC,-3.091,-0.6748971193415634,55.7997256515775,201.38683127572014,-243.3168724279835,-0.925479810699587,-13.103624845830785,0.5965595577388694,0.0,0.10153259623418336,0.0,0,0.023809523809523808,0.02040816326530612,0.0125,0.0,0.0,0.0,True
Pyrolan,CN(C)C(=O)Oc1cc(C)nn1c2ccccc2,-2.09,-16.393021120293845,-55.53627180899908,-131.69605142332415,-149.60422405876952,-0.12094518273645478,3.57148677976755,14.764932221309724,0.0,0.31425134515683945,11.567374611118932,0,0.02915458937198067,0.0251390380713689,0.013020833333333336,0.012345679012345675,0.015625,0.0,True
Indapamide,CC2Cc1ccccc1N2NC(=O)c3ccc(Cl)c(c3)S(N)(=O)=O,-3.586,5.479999999999999,20.0,89.875,142.1875,0.3415643200000044,-20.190086644197198,53.57102117544231,0.0,-0.09460962200669272,0.0,0,0.041907407407407414,0.013185521122029056,0.014323721913007627,0.0184376359971598,0.011818883277216611,0.008682787470666257,True
dimetan,CN(C)C(=O)OC1=CC(=O)CC(C)(C)C1,-0.85,-10.83203125,-239.125,-6.703125,-280.59375,-0.8146765937499996,6.742180194711041,22.39470614481665,0.0,0.07146219340797605,0.0,0,0.03761574074074073,0.030612244897959183,0.006944444444444444,0.0,0.0,0.0,True
"2,2-Dimethylpentanol",CCCC(C)(C)CO,-1.52,1.875,-30.1875,46.375,0.0,0.0,-9.387379895486651,79.24886416836408,0.0,0.05397115513640378,0.0,0,0.0,0.0,0.0,0.0,0.0,0.0,False
"P,P'-DDD",ClC(Cl)C(c1ccc(Cl)cc1)c2ccc(Cl)cc2,-7.2,-1.4693877551020427,-152.48979591836743,-352.32653061224516,-117.50510204081634,-0.47865779591836616,2.6570694385126283,2.727217094110001,0.0,-0.14143819973538002,0.0,0,0.021464646464646468,0.0353061224489796,0.014467592592592593,0.00987654320987654,0.025625000000000002,0.0,False
Triadimefon,CC(C)(C)C(=O)C(Oc1ccc(Cl)cc1)n2cncn2,-3.61,-17.077160493827158,30.654320987654305,-192.05864197530863,293.8672839506173,2.0415941597222207,30.663146852950348,0.0,0.0,-0.13910247864957398,5.749511833283905,0,0.030047892720306515,0.01929789199630469,0.017363325538548753,0.021583067383331926,0.0049382716049382715,0.0,True
Methyl nonanoate,CCCCCCCCC(=O)OC,-3.38,-0.1015625,3.0,2.0,0.0,-0.20049100000000003,-0.5493284568395564,21.952638693496652,0.0,-0.06376108572304559,0.0,0,0.015873015873015872,0.013605442176870748,0.0125,0.012345679012345675,0.006666666666666668,0.0,True
Benzocaine,CCOC(=O)c1ccc(N)cc1,-2.616,-2.672967863894139,-58.27977315689981,-25.67863894139887,6.1625708884688155,0.05211657466918609,-0.7229733729271899,35.26795025244627,0.0,-0.05336026911554012,0.0,0,0.0376984126984127,0.020244897959183675,0.029513888888888888,0.0,0.0,0.0,True
Ethyl octanoate,CCCCCCCC(=O)OCC,-3.39,-0.1015625,-51.0,2.0,0.0,-0.20049100000000003,-2.102688558184494,8.633717685068396,0.0,0.06313679926459734,0.0,0,0.015873015873015872,0.013605442176870748,0.0125,0.006172839506172837,0.010000000000000002,0.0,True
5-Ethyl-5-phenylbarbital,O=C1NC(=O)NC(=O)C1(CC)c1ccccc1,-2.322,2.4756242568370985,-201.3935790725327,24.033293697978603,28.143876337693214,-0.17159800713436396,-2.3162475337076565,48.29663106390082,0.0,-0.00838431694150435,0.0,0,0.028549382716049385,0.028,0.015625,0.02040816326530612,0.0,0.0,True
"1,3-Dimethylnaphthalene",Cc1cc(C)c2ccccc2c1,-4.29,5.444444444444443,-137.5,62.5,18.75,0.01778699999999998,-30.068019786469467,116.04436383134845,0.0,-0.00521256103341125,0.0,0,0.02916666666666667,0.04,0.0,0.0,0.0,0.0,False
Propiconazole,CCCC1COC(Cn2cncn2)(O1)c3ccc(Cl)cc3Cl,-3.493,-10.111111111111107,-37.984220907297825,4.902695595003275,-116.34976988823144,-0.33182370282709184,-0.8760902167472673,0.0,0.0,-0.11538610088478414,0.0,0,0.03097222222222222,0.012352229780801211,0.015194998453927024,0.011357249452487549,0.014167952674897118,0.0,True
3-Hexyne,CCC#CCC,-1.99,1.125,-34.765625,7.03125,0.0,0.0,-7.602425457374385,167.7634183243608,0.0,0.00288066332109623,11.840868637711289,0,0.0,0.0,0.0,0.0,0.0,0.0,False
Cycloheptyl-5-spirobarbituric acid,O=C2NC(=O)C1(CCCCCC1)C(=O)N2,-3.168,1.3317479191438772,30.235434007134394,-170.54934601664687,-47.37217598097503,-0.7013899643281799,-0.9509087647002622,37.55871628620061,0.0,0.0896100244152664,0.0,0,0.03245370370370371,0.02651927437641724,0.020408163265306117,0.0,0.0,0.0,True
"5,6,7,8-tetrahydro-2-naphthol",Oc2ccc1CCCCc1c2,-1.99,1.3761814744801524,-1.1115311909262795,-15.750472589792068,12.283553875236294,0.025596990548203885,-4.80799513232129,76.19620334184626,0.0,-0.06640319606968584,5.749511833283905,0,0.020833333333333336,0.04,0.0,0.0,0.0,0.0,False
Chlordane,ClC1CC2C(C1Cl)C3(Cl)C(=C(Cl)C2(Cl)C3(Cl)Cl)Cl,-6.86,10.083333333333336,-676.4027777777777,-77.24999999999997,0.0,0.0,-2.253699092558165,0.0,0.0,-0.040987772176828995,0.0,0,0.04798611111111111,0.0,0.0,0.0,0.0,0.0,False
Methyl butyrate,CCCOC(=O)CC,-0.82,0.36000000000000054,-46.56,-37.040000000000006,43.56,0.20903183999999903,-6.599412002391342,21.227809065916265,0.0,-0.11680714712099692,0.0,0,0.018518518518518517,0.0,0.0,0.0,0.0,0.0,False
Metolazone,CC2Nc1cc(Cl)c(cc1C(=O)N2c3ccccc3C)S(N)(=O)=O,-3.78,2.0799999999999987,-94.0625,72.375,-17.8125,-0.2087061599999982,-35.12779770819249,2.8801292076103904,0.0,-0.0257692718277817,0.0,0,0.036265432098765434,0.021578231292517007,0.024739583333333336,0.01686756573974619,0.007455357142857144,0.012345679012345678,True
"1,3,5-Trimethylbenzene ",Cc1cc(C)cc(C)c1,-3.4,6.612244897959186,-183.67346938775503,165.30612244897958,0.0,0.0,-40.165072813094625,94.39540257459203,0.0,-0.04226683601979781,0.0,0,0.0,0.0,0.0,0.0,0.0,0.0,False
"2,2',4,4',6,6'-PCB",Clc1cc(Cl)c(c(Cl)c1)c2c(Cl)cc(Cl)cc2Cl,-8.71,-1.5867768595041323,32.09917355371894,-518.3140495867768,-289.9504132231405,-0.9159256198347111,-3.8454760100296896,148.7569778756712,0.0,-0.18554710011343198,11.126902983393991,0,0.021464646464646468,0.04707482993197279,0.006944444444444444,0.032753842277651796,0.0,0.0,False
"4,4'-PCB",Clc1ccc(cc1)c2ccc(Cl)cc2,-6.56,-0.46280991735537214,109.85123966942147,140.19834710743802,-178.3471074380165,-0.4870357355371889,-0.5546635972762274,182.7919324386356,0.0,-0.046349306297533296,11.126902983393991,0,0.036111111111111115,0.030204081632653066,0.0125,0.032753842277651796,0.0,0.0,True
Benzamide,NC(=O)c1ccccc1,-0.96,1.40625,-4.0,3.0,0.0,0.0,0.5345597528704371,30.448702093160318,0.0,-0.046796635935986944,0.0,0,0.0625,0.0,0.0,0.0,0.0,0.0,False
Triamcinolone,CC34CC(O)C1(F)C(CCC2=CC(=O)C=CC12C)C3CC(O)C4(O)C(=O)CO,-3.68,10.911404958677684,-195.67768595041315,132.14049586776866,-28.190082644628088,-1.3322227398347142,-36.007200624072404,119.56335137383512,0.0,-0.07397628802222805,0.0,0,0.04077777777777778,0.030934608077465214,0.020535225584486668,0.015192743764172333,0.012860873694207029,0.009430524582039732,True
Indan,C1Cc2ccccc2C1,-3.04,2.6814404432132966,-1.8698060941828285,44.87534626038781,0.0,0.0,-0.40888266644915744,136.4635809125476,0.0,-0.08980608636515396,0.0,0,0.0,0.0,0.0,0.0,0.0,0.0,False
Eriodictyol,Oc2cc(O)c1C(=O)CC(Oc1c2)c3ccc(O)c(O)c3,-3.62,-0.6859504132231403,-77.46280991735536,42.21487603305786,-27.39669421487603,-0.49588849586776873,4.48262806230936,213.55010402966104,0.0,0.05779611359714907,28.747559166419524,0,0.035628019323671496,0.024139941690962095,0.017264660493827157,0.015155919917824674,0.014609375000000003,0.004115226337448559,True
Methylcyclopentane,CC1CCCC1,-3.3,0.0,33.33333333333333,0.0,0.0,0.0,7.289216917932015,158.14269437537448,0.0,-0.034207860213440786,0.0,0,0.0,0.0,0.0,0.0,0.0,0.0,False
Disulfoton,CCOP(=S)(OCC)SCCSCC,-4.23,-3.7024793388429753,-464.54178145087224,-41.26170798898074,-217.2093663911846,-0.6684411735537182,-20.5212257549354,0.0,0.0,-0.07802628496934437,0.0,0,0.020202020202020197,0.013605442176870748,0.008928571428571428,0.012345679012345675,0.0,0.0,True
2-Propanol,CC(C)O,0.43,0.0,0.0,0.0,0.0,0.0,0.0,55.919437893239625,0.0,-0.04817008336127737,0.0,0,0.0,0.0,0.0,0.0,0.0,0.0,False
Barbital,O=C1NC(=O)NC(=O)C1(CC)CC,-2.4,2.6832,-163.59039999999993,111.9312,0.0,0.0,16.024111533329307,32.44632506165319,0.0,0.07324329273970823,0.0,0,0.05902777777777778,0.0,0.0,0.0,0.0,0.0,True
Monolinuron,CON(C)C(=O)Nc1ccc(Cl)cc1,-2.57,-3.6319999999999997,121.49760000000005,-83.808,152.55040000000005,1.2848046944000018,10.9585888865122,25.187323013141032,0.0,0.11283180789504679,0.0,0,0.02588383838383838,0.02249433106575964,0.02228009259259259,0.01503317376333249,0.0,0.0,True
"1,1-Diethoxyethane ",CCOC(C)OCC,-0.43,0.8181818181818178,-66.0,37.0,36.0,0.1727535867768578,-1.7444267353534506,0.0,0.0,0.009556007498439167,0.0,0,0.027777777777777776,0.0,0.0,0.0,0.0,0.0,False
Chlortoluron,CN(C)C(=O)Nc1ccc(C)c(Cl)c1,-3.483,-4.776406035665295,22.551440329218106,-31.43072702331962,-274.7256515775034,-1.2228817777777763,0.9717864079397586,34.1802788463963,0.0,0.0494014853135456,0.0,0,0.030934343434343432,0.03156462585034013,0.019675925925925927,0.0,0.0,0.0,True
"2,3,4-Trichlorophenol",Oc1ccc(Cl)c(Cl)c1Cl,-2.67,0.5917159763313609,-128.41420118343197,-61.86390532544379,0.0,0.0,3.0425341078181116,57.707353350642315,0.0,-0.059870519293920454,5.749511833283905,0,0.0,0.0,0.0,0.0,0.0,0.0,False
Tetrachloromethane,ClC(Cl)(Cl)Cl,-2.31,0.0,0.0,0.0,0.0,0.0,0.0,0.0,0.0,-0.02987911108397108,0.0,0,0.0,0.0,0.0,0.0,0.0,0.0,False
"2,3,4,5,6-PCB",Clc2c(Cl)c(Cl)c(c1ccccc1)c(Cl)c2Cl,-7.92,-2.206611570247935,-3.867768595041324,-518.8429752066115,-249.7520661157025,-0.7223078016528927,-1.7583146555245988,48.52004141967491,0.0,-0.120576239724897,11.126902983393991,0,0.027777777777777776,0.02367346938775511,0.020486111111111108,0.02040816326530612,0.0,0.0,False
Ethyl hexanoate,CCCCCC(=O)OCC,-2.35,-1.4378698224852073,-53.90532544378698,1.1360946745562215,-9.029585798816562,0.1350597396449682,-2.2034695105783904,17.121468846109583,0.0,0.010154722800362462,0.0,0,0.02222222222222222,0.010204081632653062,0.015625,0.0,0.0,0.0,False
Acetamide,CC(=O)N,1.58,0.0,0.0,0.0,0.0,0.0,0.0,20.97385790038101,0.0,-0.028840350909283455,0.0,0,0.0,0.0,0.0,0.0,0.0,0.0,False
RTI 3,O2c1cc(C)ccc1N(C)C(=O)c3cc(N)cnc23,-3.043,-14.06640625,-95.87890625,-122.015625,75.63671875,0.14409976171874997,-10.12824666307629,46.572928223769296,0.0,0.19781786797823034,11.629500169719275,1,0.026041666666666664,0.02899092970521542,0.011608028628117915,0.025449840429999156,0.0,0.0,True
"3,4-Dichlorophenol",Oc1ccc(Cl)c(Cl)c1,-1.25,0.4792899408284023,-37.431952662721905,-56.75147928994083,0.0,0.0,3.3203502857149156,65.33533646602419,0.0,-0.05039767542090478,5.749511833283905,0,0.0,0.0,0.0,0.0,0.0,0.0,False
Triamterene,Nc3nc(N)c2nc(c1ccccc1)c(N)nc2n3,-2.404,-9.060000000000002,-136.28000000000003,-10.559999999999997,80.32000000000002,0.0923841644444443,-6.152035698244546,92.7141315519345,0.0,-0.10853844997850663,11.257379486545457,0,0.034406565656565656,0.019002267573696146,0.012468434343434344,0.014577259475218656,0.010000000000000002,0.012345679012345678,True
diethylstilbestrol,CCC(=C(CC)c1ccc(O)cc1)c2ccc(O)cc2,-4.07,-0.0749999999999975,-111.52000000000001,-7.9999999999999964,-15.520000000000007,-0.7011939200000016,-28.536612324088907,147.18944470925726,0.0,0.04796399235141822,11.49902366656781,0,0.023662551440329218,0.02018552875695733,0.018229166666666664,0.013101536911060715,0.008000000000000002,0.020610141822263034,True
Pentachlorobenzene,Clc1cc(Cl)c(Cl)c(Cl)c1Cl,-5.65,0.0,30.75000000000001,0.0,0.0,0.0,2.430612971436936,29.641333332651385,0.0,-0.08067615542760473,0.0,0,0.0,0.0,0.0,0.0,0.0,0.0,False
2-Methylpentanol,CCCC(C)CO,-1.11,1.1904761904761907,-14.081632653061227,19.38095238095238,0.0,0.0,-5.597844039044213,74.24674816649534,0.0,-0.00196627511067982,0.0,0,0.0,0.0,0.0,0.0,0.0,0.0,False
linalool,CC(C)=CCCC(O)(C)C=C,-1.99,-6.506539833531511,57.521997621878725,74.22235434007136,56.25445897740785,0.18384166468489666,7.281818926928704,72.74798596646701,0.0,-0.039076617379941274,0.0,0,0.05555555555555555,0.011661807580174929,0.0,0.0,0.0,0.0,False
Ethanethiol,CCS,-0.6,0.0,0.0,0.0,0.0,0.0,0.0,55.00292728493613,0.0,-0.03477088753464721,0.0,0,0.0,0.0,0.0,0.0,0.0,0.0,False
Dieldrin,ClC4=C(Cl)C5(Cl)C3C1CC(C2OC12)C3C4(Cl)C5(Cl)Cl,-6.29,14.0,-928.1124828532235,-1052.40877914952,0.0,0.0,-15.082977945941826,0.0,0.23570226039551584,0.3979684291440035,0.0,1,0.054444444444444434,0.04518518518518518,0.0,0.0,0.0,0.0,True
Thiamphenicol,CS(=O)(=O)c1ccc(cc1)C(O)C(CO)NC(=O)C(Cl)Cl,-2.154,0.11111111111111048,78.88888888888883,61.604938271604944,-249.64197530864195,-1.843267812499998,-9.313953365698504,28.53500800164039,0.0,-0.026515047245854018,0.0,0,0.03616898148148148,0.02518950437317784,0.01871141975308642,0.01526113090738941,0.015125000000000001,0.012396694214876033,True
difluron,Fc1cccc(F)c1C(=O)NC(=O)Nc2ccc(Cl)cc2,-6.02,1.0444444444444445,-59.52888888888889,-3.022222222222225,-57.257777777777775,-0.9966630800000009,-5.700038633491214,55.25756658506737,0.0,0.13942212686743546,0.0,0,0.03298611111111111,0.01730612244897959,0.01685049019607843,0.01053476946334089,0.005892857142857142,0.013391490664217937,True
"2,2',3,3',4,4',5,5',6,6'-PCB",Clc1c(Cl)c(Cl)c(c(Cl)c1Cl)c2c(Cl)c(Cl)c(Cl)c(Cl)c2Cl,-11.6,-3.041322314049588,-52.0,-92.0,84.0,0.36893424793388546,-1.2527168421719066,51.792568264467405,0.0,-0.259442718635878,11.126902983393991,0,0.03349673202614379,0.028921282798833825,0.017565359477124183,0.010917947425883931,0.0,0.0,False
2-bromonaphthalene,c1c(Br)ccc2ccccc12,-4.4,1.604938271604939,19.777777777777793,-181.55555555555557,0.0,0.0,2.493998498265427,101.54134611029184,0.0,-0.03079439862574829,0.0,0,0.020833333333333336,0.04,0.0,0.0,0.0,0.0,False
Malathion,CCOC(=O)CC(SP(=S)(OC)OC)C(=O)OCC,-3.37,-9.67174515235457,-29.210526315789426,201.53462603878117,-765.6869806094182,-6.237669582409971,-7.64593590252498,7.2371111846694,0.0,0.21927398693653088,0.0,0,0.029914529914529905,0.01870748299319728,0.010416666666666668,0.008230452674897117,0.0,0.0,True
1-Nonyne,CCCCCCCC#C,-4.24,-0.33279999999999954,2.079999999999997,1.9199999999999984,1.5999999999999988,0.001517823999999788,0.45484713567896035,102.62313169954777,0.0,0.04567794047429171,12.343784214475903,0,0.013888888888888888,0.01360544217687075,0.015625,0.0,0.0,0.0,False
Isobutyl acetate,CC(C)COC(=O)C,-1.21,1.8900000000000003,-0.5599999999999943,-122.75999999999998,0.0,0.0,-5.009766562637747,11.695429058810614,0.0,-0.041549213839440276,0.0,0,0.0,0.0,0.0,0.0,0.0,0.0,False
Cycloheptanol,OC1CCCCCC1,-0.88,0.5289256198347104,51.3719008264463,14.578512396694219,0.0,0.0,15.356367689869648,49.27347415892261,0.0,0.06632024790014104,0.0,0,0.0,0.0,0.0,0.0,0.0,0.0,False
1-Nonene,CCCCCCCC=C,-5.05,-0.5267489711934155,-1.7270135938613544e-15,-6.1679056923619825e-15,-4.440892098500627e-15,-1.827061095009217e-16,2.7073464097725332e-14,131.90551546439792,0.0,-0.11692576228948436,0.0,0,0.013888888888888888,0.01360544217687075,0.015625,0.0,0.0,0.0,False
"2,2,5-Trimethylhexane",CC(C)CCC(C)(C)C,-5.05,2.621878715814508,47.26516052318669,-170.95719381688474,0.0,0.0,10.335780231431544,258.5562683168926,0.0,-0.05717315319362767,0.0,0,0.0,0.0,0.0,0.0,0.0,0.0,False
Chloramphenicol,OCC(NC(=O)C(Cl)Cl)C(O)c1ccc(cc1)N(=O)=O,-2.111,1.78125,4.44921875,-25.4296875,-175.4921875,-1.8353179296875008,-12.73432666439754,53.81197662757247,0.0,-0.02839971461713108,0.0,0,0.03260869565217391,0.02236734693877551,0.017144097222222224,0.013689426387839078,0.013906250000000002,0.011019283746556474,True
norethindrone acetate,CC(=O)OC3(CCC4C2CCC1=CC(=O)CCC1C2CCC34C)C#C,-4.8,11.668209327162701,-61.304734781060866,-50.443574225703074,-29.439658241367027,-0.47011375436098596,-31.516247259231637,16.338016694341782,0.0,-0.31258313062197135,12.343784214475903,0,0.0291593567251462,0.027788243502529217,0.019966888270459695,0.014968950543180232,0.014399335232668564,0.009284766860524436,True
2-Methyl-2-heptanol,CCCCCC(C)(C)O,-1.72,-1.526748971193416,1.3004115226337414,1.2510288065843627,63.63374485596707,0.15159280658436117,-1.0683459892365987,53.81556894683744,0.0,-0.02996637461681453,0.0,0,0.04166666666666666,0.0,0.0,0.0,0.0,0.0,False
Bromobenzene,Brc1ccccc1,-2.55,0.0,-96.00000000000001,0.0,0.0,0.0,2.857937467008936,94.88224054891451,0.0,0.015776730430166735,0.0,0,0.0,0.0,0.0,0.0,0.0,0.0,False
m-Fluorobromobenzene,Fc1cccc(Br)c1,-2.67,0.0,-144.0,0.0,0.0,0.0,5.032443193999997,26.228547294919284,0.0,-0.0025222186667976793,0.0,0,0.0,0.0,0.0,0.0,0.0,0.0,False
Methyl octanoate,CCCCCCCC(=O)OC,-3.17,-0.11414982164090405,2.8917954815695546,1.674197384066585,-0.7609988109393623,-0.24855910582639687,-0.6155490880153012,15.787009515407847,0.0,0.0666207063522065,0.0,0,0.018518518518518517,0.0163265306122449,0.015625,0.008230452674897117,0.0,0.0,False
2-hydroxypteridine,Oc2ncc1nccnc1n2,-1.947,0.05777777777777797,5.391111111111106,-15.968888888888893,16.537777777777777,0.08580993777777761,-0.2320281478544347,46.247879162624706,0.0,-0.16240599717329754,6.010464839586836,0,0.020833333333333336,0.04,0.0,0.0,0.0,0.0,False
Cyclohexyl-5-spirobarbituric acid,O=C2NC(=O)C1(CCCCC1)C(=O)N2,-3.06,1.2899408284023675,-68.0,-76.0,-24.0,-0.37315010650887565,4.822818104430186,46.021759264060606,0.0,0.08470352112441323,0.0,0,0.046875,0.020408163265306128,0.027777777777777776,0.0,0.0,0.0,True
Diazepam,CN2C(=O)CN=C(c1ccccc1)c3cc(Cl)ccc23,-3.754,-10.74380165289256,47.564738292011,108.76033057851238,-18.218549127640085,-0.22480632231405015,-3.6373025196789963,32.156792156837426,0.0,0.08512072364675645,0.0,0,0.02718390804597701,0.02130139012126589,0.01155317896389325,0.015306122448979591,0.0,0.0,True
Equilenin,CC34CCc1c(ccc2cc(O)ccc12)C3CCC4=O,-5.24,-0.15512465373961395,41.04709141274239,58.570637119113584,-34.19667590027701,-0.2673409529085873,-3.0725228375475897,103.39222305560854,0.0,0.0209735751199941,5.749511833283905,0,0.03015151515151516,0.030204081632653063,0.019244850718065,0.019543200878234888,0.01507908950617284,0.0,True
hexacosane,CCCCCCCCCCCCCCCCCCCCCCCCCC,-8.334,-0.1800000000000002,-0.890625,-0.90625,-0.9375,-0.0008893500000001203,-0.19475876452601637,741.3450982788519,0.0,0.46915599774678163,0.0,0,0.0026455026455026454,0.0020408163265306124,0.001644736842105263,0.0013717421124828527,0.0011764705882352944,0.0010330578512396695,False
uric acid,O=c2[nH]c(=O)c1[nH]c(=O)[nH]c1[nH]2,-3.93,3.0625,-8.640625,3.0625,0.0,0.0,0.9228244463262181,64.18125606155215,0.0,-0.2236523181519197,0.0,0,0.04311111111111111,0.0,0.0,0.0,0.0,0.0,False
Dapsone,Nc1ccc(cc1)S(=O)(=O)c2ccc(N)cc2,-3.094,-5.757431629013078,65.36028537455407,-135.00594530321047,-32.380499405469685,-0.14259957074910906,2.619999238111689,2.2722849088355526,0.0,-0.16981463189662144,0.0,0,0.037326388888888895,0.017259475218658893,0.021701388888888888,0.00987654320987654,0.025625000000000002,0.0,True
1-Iodonapthalene,Ic1cccc2ccccc12,-4.55,2.3271604938271615,-615.5555555555557,-86.88888888888893,0.0,0.0,-7.610089011389054,131.0631948969466,0.0,0.009971656291114258,0.0,0,0.020833333333333332,0.0,0.0,0.0,0.0,0.0,False
Methyl hydrazine,CNN,1.34,0.0,0.0,0.0,0.0,0.0,0.0,88.93134723283454,0.0,0.006342932334446477,0.0,0,0.0,0.0,0.0,0.0,0.0,0.0,False
Sorbitol,OCC(O)C(O)C(O)C(O)CO,1.09,1.3017751479289936,-11.78698224852071,-12.639053254437876,22.57988165680473,0.03393287573964476,-0.9294355871877459,131.42984120936296,0.0,0.1086658142788551,0.0,0,0.020833333333333332,0.010204081632653062,0.0,0.0,0.0,0.0,False
4-Methyl-2-pentanol,CC(C)CC(C)O,-0.8,1.360544217687075,-104.20408163265303,74.50340136054422,0.0,0.0,-8.407648175608895,50.56772705542507,0.0,0.022279909574742067,0.0,0,0.0,0.0,0.0,0.0,0.0,0.0,False
Tetrahydropyran,C1CCOCC1,-0.03,0.0,32.0,0.0,0.0,0.0,4.256711310864503,176.51939099637818,0.0,-0.007939441639964514,0.0,0,0.0,0.0,0.0,0.0,0.0,0.0,False
Chlorbromuron,CON(C)C(=O)Nc1ccc(Br)c(Cl)c1,-3.924,-3.8,172.4064,-73.312,110.5056,0.5409622815999969,10.915426351940608,27.43603321480707,0.0,0.15905541979372306,0.0,0,0.02835648148148148,0.025825602968460114,0.020616319444444444,0.011274880322499369,0.0,0.0,True
Ethyl benzoate,CCOC(=O)c1ccccc1,-2.32,-1.5941043083900237,-90.61678004535146,-63.736961451247154,38.530612244897945,0.23228081632652955,0.19022883106163843,18.691110293203963,0.0,0.01979872360838375,0.0,0,0.025462962962962965,0.020136054421768707,0.027777777777777776,0.0,0.0,0.0,False
"2,2,4-Trimethylpentane",CC(C)CC(C)(C)C,-4.74,2.8757396449704165,-170.414201183432,127.81065088757398,0.0,0.0,-37.265582349664186,177.4360863833714,0.0,-0.03863383916834464,0.0,0,0.0,0.0,0.0,0.0,0.0,0.0,False
"3,4-Dimethylpyridine",Cc1ccncc1C,0.36,0.6643598615916958,59.58477508650518,17.449826989619375,0.0,0.0,15.481521337726875,101.56434659925809,0.0,-0.037554502602677446,0.0,0,0.0,0.0,0.0,0.0,0.0,0.0,False
p-Nitroanisole,COc1ccc(cc1)N(=O)=O,-2.41,-1.6296296296296295,25.629629629629637,84.37037037037038,-73.48148148148148,-1.284083333333332,-0.14746655740536313,26.003176406847924,0.0,0.030368358059405704,5.749511833283905,0,0.07465277777777779,0.0272108843537415,0.0,0.0,0.0,0.0,False
Heptachlor,ClC1C=CC2C1C3(Cl)C(=C(Cl)C2(Cl)C3(Cl)Cl)Cl,-6.317,6.37809917355372,-520.6611570247933,-306.98347107438013,0.0,0.0,-0.354332923132509,0.0,0.0,0.09717736043473377,0.0,0,0.03664141414141414,0.0,0.0,0.0,0.0,0.0,True
Carvone,CC(=C)C1CC=C(C)C(=O)C1,-2.06,-2.5871999999999997,103.86879999999998,-47.03680000000003,77.97599999999998,0.16248969600000054,13.718646747972986,22.971971694324772,0.0,-0.0960021082266257,0.0,0,0.04722222222222222,0.0,0.0,0.0,0.0,0.0,False
Diisopropyl ether,CC(C)OC(C)C,-1.1,2.0408163265306127,-99.67346938775508,111.75510204081634,0.0,0.0,-21.413856054816392,80.14471910523513,0.0,0.03394090586324915,0.0,0,0.0,0.0,0.0,0.0,0.0,0.0,False
"2,2-Dimethyl-1-butanol",CCC(C)(C)CO,-1.04,0.1700680272108844,65.94557823129253,9.312925170068027,0.0,0.0,14.500600033450757,66.79567805737962,0.0,0.03140367483928227,0.0,0,0.0,0.0,0.0,0.0,0.0,0.0,False
benzhydrol,c1ccccc1C(O)c2ccccc2,-2.55,-0.2366863905325441,-9.75147928994083,-30.48520710059172,16.905325443786975,0.07832409467455485,5.502115862082187,117.97192618545738,0.0,0.06306991399057314,0.0,0,0.011574074074074073,0.009795918367346938,0.012152777777777776,0.0,0.0,0.0,True
1-Methylcyclohexene,CC1=CCCCC1,-3.27,0.8144044321329642,31.994459833795005,20.360110803324098,0.0,0.0,6.996436737017849,115.58429721487582,0.0,-0.0151863861873203,0.0,0,0.0,0.0,0.0,0.0,0.0,0.0,False
Phenetole,CCOc1ccccc1,-2.33,0.19944598337950054,-42.82548476454294,-1.1689750692520733,18.357340720221607,0.04373215512465381,-6.356740753834443,42.59888720945035,0.0,-0.0026995485577630107,5.749511833283905,0,0.030092592592592594,0.04,0.0,0.0,0.0,0.0,False
Salicylamide,NC(=O)c1ccccc1O,-1.836,2.629757785467127,-70.31141868512111,40.72664359861592,0.0,0.0,2.378626485260881,81.99118164435879,0.0,-0.04366274076339033,5.749511833283905,0,0.0625,0.0,0.0,0.0,0.0,0.0,False
Butabarbital,O=C1NC(=O)NC(=O)C1(CC)C(C)CC,-2.39,4.7606659729448495,-265.54006243496366,43.71800208116542,-34.7200832466181,-0.49967500520291286,5.773892829405769,27.84698889732292,0.0,0.13421317936034086,0.0,0,0.03819444444444445,0.020204081632653064,0.0,0.0,0.0,0.0,True
Glyceryl triacetate,CC(=O)OCC(COC(=O)C)OC(=O)C,-0.6,-3.373365041617122,75.0,10.0,-216.0,-1.5401192485136739,-11.578277600812346,30.68732498129011,0.0,0.027154546375202676,0.0,0,0.024305555555555552,0.03139717425431711,0.010416666666666666,0.0,0.0,0.0,True
1-methyluracil,Cn1ccc(=O)[nH]c1=O,-0.807,1.0800000000000003,58.12000000000002,-36.72,0.0,0.0,-1.016826412065726,32.69246591286996,0.0,-0.1285141737795215,0.0,0,0.0,0.0,0.0,0.0,0.0,0.0,False
"2,3,4'-PCB",Clc1ccc(cc1)c2cccc(Cl)c2Cl,-6.26,-0.008264462809917453,-122.08264462809915,-121.22314049586772,117.32231404958675,0.38143854958677664,-1.8304490969674168,46.60983162032159,0.0,-0.023080655253626226,11.126902983393991,0,0.029914529914529916,0.029024943310657598,0.021180555555555557,0.01020408163265306,0.0,0.0,True
Cyclopentyl-5-spirobarbituric acid,O=C2NC(=O)C1(CCCC1)C(=O)N2,-2.349,1.13421550094518,-138.32892249527413,22.805293005671075,0.0,0.0,12.812668760862133,46.74164527366852,0.0,-0.015709697014661565,0.0,0,0.039027777777777786,0.02777777777777777,0.0,0.0,0.0,0.0,True
Heptane,CCCCCCC,-4.53,-0.028355387523629042,-3.5916824196597337,-3.7807183364839267,20.841209829867672,0.019770805293005178,-0.7854165677166404,145.8636300530361,0.0,0.021552957671928236,0.0,0,0.027777777777777776,0.0,0.0,0.0,0.0,0.0,False
p-Chlorobromobenzene,Clc1ccc(Br)cc1,-3.63,0.0,343.99999999999994,0.0,0.0,0.0,3.449388406047736,93.2688491763369,0.0,-0.013773742138111061,0.0,0,0.0,0.0,0.0,0.0,0.0,0.0,False
Metolcarb,c1ccccc1(OC(=O)NC),-1.803,-1.9974999999999996,-38.0,-68.0,39.0,0.30890210999999906,-3.395040592827428,18.888311763515315,0.0,0.05670439413746066,5.749511833283905,0,0.016865079365079364,0.025102040816326533,0.027777777777777776,0.0,0.0,0.0,False
Propetamphos,CCNP(=S)(OC)OC(=CC(=O)OC(C)C)C,-3.408,-1.1979547114682252,-479.192111029949,119.39371804236676,-26.32943754565376,-0.7083665493060622,-0.5973979340188108,35.93617107816503,0.0,0.09071762221556783,0.0,0,0.037037037037037035,0.01360544217687075,0.021875000000000002,0.00987654320987654,0.008000000000000002,0.0,True
9-anthrol,c3ccc2c(O)c1ccccc1cc2c3,-4.73,0.37600000000000017,-68.5728,-23.096,33.26400000000001,0.08639686399999992,-0.7328509698201019,71.84222056110382,0.0,0.04537382898275762,5.749511833283905,0,0.019675925925925927,0.013061224489795917,0.0,0.0,0.0,0.0,True
Dibenzothiophene,c1ccc2c(c1)sc3ccccc23,-4.38,1.2267573696145126,-110.71428571428575,-1.530612244897977,38.265306122448976,0.03331543537414951,-13.732334597744737,177.49185511199164,0.0,0.1218477646137609,0.0,1,0.016904761904761912,0.008148148148148154,0.0,0.0,0.0,0.0,True
3-Chlorophenol,Oc1cccc(Cl)c1,-0.7,0.37869822485207105,-79.65680473372782,16.621301775147927,0.0,0.0,3.577570609525388,59.3338729342653,0.0,-0.05521160258024006,5.749511833283905,0,0.0,0.0,0.0,0.0,0.0,0.0,False
Fenothiocarb,CN(C)C(=O)SCCCCOc1ccccc1,-3.927,-0.7006172839506166,-115.18518518518516,21.60493827160493,89.01234567901236,0.3898336512345679,-9.89945368649938,43.805257378766136,0.0,-0.06777828471093744,5.749511833283905,0,0.016782407407407406,0.012912801484230055,0.007465277777777778,0.00912628425855939,0.011736111111111114,0.007810994342980875,True
Benfuracarb,CCOC(=O)CCN(SN(C)C(=O)Oc1cccc2CC(C)(C)Oc21)C(C)C,-4.71,0.9167657550535087,46.05588585017835,60.290130796670674,-391.72889417360295,0.6835489521403072,-15.96762526589271,12.145868450068626,0.0,-0.018454968196783293,11.49902366656781,0,0.028497150997151,0.019080012957563976,0.018034297052154192,0.008661957758837886,0.010187654320987656,0.010327517600244874,True
o-Aminophenol,Nc1ccccc1O,-0.72,0.8533333333333336,34.782222222222224,24.653333333333332,0.0,0.0,5.353947081069092,95.55448988046419,0.0,-0.023426100559255345,5.749511833283905,0,0.0,0.0,0.0,0.0,0.0,0.0,False
stadacaine,CCCCOc1ccc(C(=O)OCC)c(c1)N(CC)CC,-3.84,-17.33203125,-53.11111111111113,-115.66666666666669,-98.88888888888887,-0.29930285243055443,-16.841578725987965,27.566544850462083,0.0,0.11412553466369693,5.749511833283905,0,0.029932950191570884,0.01782857142857143,0.015216503267973856,0.00916719964339012,0.00888888888888889,0.0027548209366391185,True
2-Methy-2-Butene,CC=C(C)C,-2.56,0.0,49.999999999999986,0.0,0.0,0.0,10.933825376897971,91.20741550689448,0.0,0.012464281021736221,0.0,0,0.0,0.0,0.0,0.0,0.0,0.0,False
"N,N-Dimethylaniline",CN(C)c1ccccc1,-1.92,1.3499999999999996,-19.230000000000008,13.79999999999999,0.0,0.0,-3.73270889078363,101.83945742276082,0.0,-0.011520084423572982,0.0,0,0.0625,0.0,0.0,0.0,0.0,0.0,False
1-Bromopropane,CCCBr,-1.73,0.0,0.0,0.0,0.0,0.0,0.0,107.34941337472492,0.0,0.02158753383751288,0.0,0,0.0,0.0,0.0,0.0,0.0,0.0,False
Isocarboxazid,Cc1cc(no1)C(=O)NNCc2ccccc2,-2.461,1.4122222222222214,-12.800000000000006,-51.417777777777765,-19.06222222222222,-0.37834483999999974,-8.17807671007544,26.342113675918004,0.0,-0.002679285237311072,0.0,0,0.017371794871794872,0.01986772486772486,0.008101851851851851,0.00792648709315376,0.007579089506172839,0.006198347107438017,True
2-Chlorobutane,CCC(C)Cl,-1.96,0.0,59.51020408163267,0.0,0.0,0.0,4.5765907373674475,99.49692770480063,0.0,-0.0567128213435239,0.0,0,0.0,0.0,0.0,0.0,0.0,0.0,False
"1,2-Dibromobenzene",Brc1ccccc1Br,-3.5,0.0,-355.24999999999994,0.0,0.0,0.0,1.2175715879999924,93.97448400315523,0.0,0.04490850120536113,0.0,0,0.0,0.0,0.0,0.0,0.0,0.0,False
2-Methyl-1-Butene,CCC(=C)C,-2.73,0.0,41.66666666666666,0.0,0.0,0.0,9.111521147414976,67.37045558473405,0.0,0.006477571992722915,0.0,0,0.0,0.0,0.0,0.0,0.0,0.0,False
Dienochlor,ClC1=C(Cl)C(Cl)(C(=C1Cl)Cl)C2(Cl)C(=C(Cl)C(=C2Cl)Cl)Cl,-7.278,1.7600000000000018,-121.0,0.0,0.0,0.0,-2.9149757288999845,0.0,0.0,0.04970092025303917,0.0,0,0.035238095238095235,0.024092970521541947,0.0,0.0,0.0,0.0,False
3-Methyl-2-pentanol,CCC(C)CCO,-0.72,0.8503401360544219,11.591836734693876,0.7551020408163273,0.0,0.0,4.910547932824867,53.722948740085194,0.0,0.0182947119591914,0.0,0,0.0,0.0,0.0,0.0,0.0,0.0,False
Bensulide,CC(C)OP(=S)(OC(C)C)SCCNS(=O)(=O)c1ccccc1,-4.2,-7.622453598913536,-1160.1960162969667,116.20642824807601,646.1991851516522,0.937172951561793,-30.42682364878311,0.0,0.0,-0.07533064972858325,0.0,0,0.027488425925925923,0.020369290573372202,0.014670138888888889,0.01731842834599727,0.00671195652173913,0.007978777675747372,True
"2,4-PCB",Clc1ccc(cc1)c2ccccc2Cl,-5.25,-0.28099173553718987,-77.78512396694215,-6.710743801652892,-57.619834710743795,-0.18785928099173524,-2.442463885207396,179.31835475260473,0.0,-0.04507757002361026,11.126902983393991,0,0.02525252525252525,0.03440233236151604,0.01171875,0.02040816326530612,0.0,0.0,True
Propylcyclopentane,CCCC1CCCC1,-4.74,1.3333333333333324,-25.0,-3.3306690738754696e-15,0.0,0.0,-5.466912688449002,200.15727869832975,0.0,-0.0346146671822882,0.0,0,0.04000000000000001,0.0,0.0,0.0,0.0,0.0,False
Biphenyl,c1ccc(cc1)c2ccccc2,-4.345,0.0661157024793399,-10.743801652892566,-19.00826446280993,17.35537190082644,0.016463999999999757,-2.3494170231351026,131.93277245491555,0.0,-0.030948722446930123,11.126902983393991,0,0.017361111111111112,0.019591836734693877,0.0,0.0,0.0,0.0,False
Mefluidide,CC(=O)Nc1cc(NS(=O)(=O)C(F)(F)F)c(C)cc1C,-3.24,-0.35353535353535576,-2.7777777777778017,-73.29292929292929,-220.52892561983472,-2.7937865564738305,-61.318935882825386,0.7070555638736185,0.0,-0.08498561167956709,0.0,0,0.03446502057613169,0.030500927643784786,0.024739583333333336,0.012345679012345677,0.0,0.0,True
Malonic acid diethylester,CCOC(=O)CC(=O)OCC,-0.82,-2.0793950850661633,-47.947069943289215,3.1531190926276054,-26.805293005671075,0.40012022684309784,-8.48728714337862,20.86292692382337,0.0,-0.06907568436315761,0.0,0,0.027777777777777776,0.00816326530612245,0.015625,0.0,0.0,0.0,False
3-Heptanoyloxymethylphenytoin,O=C1N(COC(=O)CCCCCC)C(=O)C(N1)(c2ccccc2)c3ccccc3,-6.301,-7.3599999999999985,75.2396694214876,-57.58677685950415,-94.3305785123967,-2.0733603438016655,-0.26852013801512475,34.22709507538893,0.0,-0.039075141511880296,0.0,0,0.022788888888888886,0.013672942045035065,0.013976284958427813,0.009796233308138069,0.006671363392377885,0.005948474645444343,True
Chlorbufam,CC(OC(=O)Nc1cccc(Cl)c1)C#C,-2.617,-1.9200000000000006,-108.04479999999998,68.30879999999998,19.468799999999987,0.2807836431999982,12.993900048373916,19.39074026543323,0.0,-0.0821192426611836,12.343784214475903,0,0.02835648148148148,0.016549165120593692,0.016059027777777776,0.01297556059460821,0.0078125,0.0,True
Simetryn,CSc1nc(nc(n1)N(C)C)N(C)C,-2.676,-18.06183115338883,-12.199762187871565,-687.0927467300831,618.549346016647,1.8170753008323353,-42.052545145533145,52.94584603528782,0.0,-0.015779010101818574,0.0,0,0.05046296296296296,0.0,0.0,0.0,0.0,0.0,True
Nonane,CCCCCCCCC,-5.88,-0.72294887039239,-2.734839476813313,-2.8537455410225876,-3.0915576694411353,-0.0029327752675390693,-0.5980451454664408,127.92902737367129,0.0,0.14040105615348328,0.0,0,0.013888888888888888,0.01360544217687075,0.015625,0.0,0.0,0.0,False
Hydrocortisone,CC12CC(O)C3C(CCC4=CC(=O)CCC34C)C2CCC1(O)C(=O)CO,-3.09,8.428571428571425,-86.0,45.25,8.75,-1.21544481632653,-26.75468466838422,29.78419962802617,0.0,0.09136502105512613,0.0,0,0.03531084656084657,0.0320302343159486,0.019749740173847317,0.017147599780653,0.01096386316872428,0.011002278679046355,True
Methylcyclohexane,CC1CCCCC1,-3.85,0.6666666666666664,33.33333333333332,16.666666666666664,0.0,0.0,7.289216917932028,215.66616479379766,0.0,0.0006745253941622146,0.0,0,0.0,0.0,0.0,0.0,0.0,0.0,False
Rovral,CC(C)NC(=O)N1CC(=O)N(C1=O)c2cc(Cl)cc(Cl)c2,-4.376,-9.879757785467127,-220.0,213.0,71.0,0.7513391833910035,18.15875179250076,30.751613538301047,0.0,0.10521827042828201,0.0,0,0.03434156378600822,0.02025815454386883,0.019497863247863245,0.008545393466028384,0.017767857142857144,0.004115226337448559,True
Propane,CCC,-1.94,0.0,0.0,0.0,0.0,0.0,0.0,157.59261188201404,0.0,-0.039513225014333894,0.0,0,0.0,0.0,0.0,0.0,0.0,0.0,False
alachlor,CCc1cccc(CC)c1N(COC)C(=O)CCl,-3.26,-11.612188365650972,-103.05540166204982,-121.39058171745155,-37.584487534626085,0.16149186288088346,-20.280245849756735,2.6626172339652725,0.0,0.15965597791337124,0.0,0,0.02681992337164751,0.017056928034371643,0.009259259259259259,0.0,0.0,0.0,True
Metronidazole,Cc1ncc(N(=O)=O)n1CCO,-1.22,6.857142857142857,9.55102040816325,-86.00000000000001,0.0,0.0,-4.220455565772336,29.395721237516874,0.0,0.18087647225806022,0.0,0,0.02388888888888889,0.0,0.0,0.0,0.0,0.0,True
2-Bromopropane,CC(C)Br,-1.59,0.0,0.0,0.0,0.0,0.0,0.0,84.04396935862256,0.0,0.049751033760210187,0.0,0,0.0,0.0,0.0,0.0,0.0,0.0,False
Prometon,COc1nc(NC(C)C)nc(NC(C)C)n1,-2.478,-23.441632653061227,-194.40979591836737,-169.76653061224488,-107.30857142857141,0.529329005714286,18.410834603900547,55.430817409007666,0.0,-0.0999397980350938,6.010464839586836,0,0.04044117647058823,0.026993197278911567,0.015625,0.0,0.0,0.0,True
2-methoxypteridine,COc2ncc1nccnc1n2,-1.11,-2.543209876543211,-30.555555555555557,-2.8888888888888813,20.777777777777786,0.2912404444444437,-8.682956287407382,42.83504884884549,0.0,-0.1267075349995848,6.010464839586836,0,0.02430555555555556,0.020136054421768707,0.027777777777777776,0.0,0.0,0.0,False
"2,2',3,4,5,5',6-PCB",Clc1ccc(Cl)c(c1)c2c(Cl)c(Cl)c(Cl)c(Cl)c2Cl,-8.94,-2.6694214876033047,141.8512396694215,-99.80165289256198,-125.98347107438016,-0.3311132603305792,-1.6434279369528808,50.13294645951561,0.0,-0.14293759534905884,11.126902983393991,0,0.029914529914529916,0.024575725026852846,0.017939814814814815,0.01020408163265306,0.0,0.0,False
4-hexylresorcinol,c1(O)cc(O)ccc1CCCCCC,-2.59,-1.0390625,-12.5546875,-4.6015625,-48.671875,-0.3159091874999997,0.8641643978990565,68.39311559360209,0.0,0.049773513853489895,11.49902366656781,0,0.022376543209876545,0.017755102040816328,0.015128968253968252,0.011489040060468629,0.017812500000000002,0.0,True
Propazine,CC(C)Nc1nc(Cl)nc(NC(C)C)n1,-4.43,-18.133194588969825,-239.47762747138404,-98.87304890738817,32.10509885535902,0.42243116857439655,34.064885533807775,29.078657120101646,0.0,-0.04930553176577486,0.0,0,0.04464285714285714,0.018587127158555733,0.03125,0.0,0.0,0.0,True
XMC,CNC(=O)Oc1cc(C)cc(C)c1,-2.581,-5.0,-178.46153846153845,80.97633136094676,-48.66863905325443,0.2149029053254414,-11.251315218978407,18.345101177079524,0.0,0.022572425539083275,5.749511833283905,0,0.03780864197530864,0.022755102040816325,0.009259259259259259,0.0,0.0,0.0,True
thymine,Cc1c[nH]c(=O)[nH]c1=O,-1.506,1.0800000000000003,58.12000000000002,-36.72,0.0,0.0,-1.016826412065726,36.69877791937273,0.0,-0.09936909136381239,0.0,0,0.0,0.0,0.0,0.0,0.0,0.0,False
Isoprocarb,CNC(=O)Oc1ccccc1C(C)C,-2.863,-8.139120095124854,-104.7919143876338,-48.99524375743163,7.13436385255649,0.3678112722948848,-15.32783414082277,11.175442430420398,0.0,-0.008477306470821093,5.749511833283905,0,0.03579059829059829,0.02022675736961451,0.009259259259259259,0.0,0.0,0.0,True
Phorate,CCOP(=S)(OCC)SCSCC,-4.11,-4.44111111111111,-666.8399999999998,-289.5199999999999,123.43999999999996,0.29922533333333073,-24.71414196002405,0.8354045982229695,0.0,0.08815345047596285,0.0,0,0.02222222222222222,0.010204081632653062,0.015625,0.0,0.0,0.0,True
Trichloronate,CCOP(=S)(CC)Oc1cc(Cl)c(Cl)cc1Cl,-5.752,-4.966706302021402,214.3186682520809,390.4673008323423,-355.83590963139125,-1.0155267978596911,-11.664159185762827,0.0,0.0,-0.05197047864887971,5.749511833283905,0,0.025219298245614037,0.02704761904761905,0.016493055555555556,0.011274880322499369,0.0,0.0,True
phthalamide,c1cC2C(=O)NC(=O)C2cc1,-2.932,2.08641975308642,-21.111111111111118,-2.2222222222222254,0.0,0.0,4.543158920794782,23.551553321964185,0.0,0.031427204241529456,0.0,0,0.0625,0.0,0.0,0.0,0.0,0.0,False
Nitrapyrin,Clc1cccc(n1)C(Cl)(Cl)Cl,-3.76,1.8520408163265312,-59.346938775510175,-189.79591836734693,0.0,0.0,-0.2744909206574667,0.0,0.0,-0.15433782108016347,0.0,0,0.03125,0.0,0.0,0.0,0.0,0.0,False
ethyl cinnamate,CCOC(=O)C=Cc1ccccc1,-3.0,-1.4880000000000002,-3.8239999999999945,10.368000000000004,-64.43520000000001,-0.18716871680000058,-5.428349239276936,30.699647550235646,0.0,-0.208581841968624,0.0,0,0.022376543209876542,0.01030612244897959,0.011863425925925925,0.010917947425883931,0.015625,0.0,True
meconin,c1c(OC)c(OC)C2C(=O)OCC2c1,-1.899,2.0355029585798827,-111.0,-112.0,54.0,0.29734565680473385,-4.5602613227772135,27.333441850559733,0.0,0.20917059605096822,0.0,0,0.03664141414141415,0.018518518518518514,0.0,0.0,0.0,0.0,True
3-Methylphenol,Cc1cccc(O)c1,-0.68,1.75,-48.890625,48.234375,0.0,0.0,1.4051115156165035,66.35883299722693,0.0,0.01867494993061841,5.749511833283905,0,0.0,0.0,0.0,0.0,0.0,0.0,False
Acrolein,C=CC=O,0.57,0.0,0.0,0.0,0.0,0.0,0.0,67.04025708587366,0.0,-0.04320697532072698,0.0,0,0.0,0.0,0.0,0.0,0.0,0.0,False
Spironolactone,CC(=O)SC4CC1=CC(=O)CCC1(C)C5CCC2(C)C(CCC23CCC(=O)O3)C45,-4.173,-4.952969631819403,200.61381349099705,-16.194571351787122,-140.8524590163934,0.0741229180327752,-0.4497664876660819,26.54476065576764,0.0,0.04856867179300129,0.0,0,0.03643605870020965,0.027773053665910808,0.019326679084332145,0.012984840100061188,0.013548928830791576,0.005751709009284766,True
"1,1,2-Trichloroethane",ClCC(Cl)Cl,-1.48,0.0,0.0,0.0,0.0,0.0,0.0,0.2595622555983078,0.0,-0.018024357196454736,0.0,0,0.0,0.0,0.0,0.0,0.0,0.0,False
Thiophene,c1ccsc1,-1.33,0.0,0.0,0.0,0.0,0.0,0.0,83.23184677387485,0.0,-0.05834293889863278,0.0,0,0.0,0.0,0.0,0.0,0.0,0.0,False
5-methylcytosine,Nc1c(C)c[nH]c(=O)n1,-1.458,1.58203125,45.9375,-16.796875,0.0,0.0,2.498934113611554,35.75282299039012,0.0,-0.06660288346226739,0.0,0,0.0,0.0,0.0,0.0,0.0,0.0,False
Oxadiazon,CC(C)Oc1cc(c(Cl)cc1Cl)n2nc(oc2=O)C(C)(C)C,-5.696,-10.200000000000003,28.0,-290.75,-701.0,-2.6041410349999996,-2.690404988623114,40.86383083442505,0.0,-0.2454779744618372,11.436898107967467,0,0.030026881720430106,0.03299319727891156,0.016191893424036277,0.019419474138861893,0.015000000000000003,0.0,True
"1,4-Dimethylnaphthalene ",Cc1ccc(C)c2ccccc12,-4.14,5.736111111111108,-75.0,-12.5,0.0,0.0,-16.400738065347024,94.8738349586029,0.0,0.05551813720921297,0.0,0,0.025,0.0,0.0,0.0,0.0,0.0,False
Dibenzofurane,o1c2ccccc2c3ccccc13,-4.6,1.2267573696145126,-63.22222222222223,-20.10657596371881,30.5374149659864,0.05760612244897903,-5.418897876735216,43.96164319853392,0.0,-0.09255634284030656,0.0,1,0.016904761904761912,0.008148148148148154,0.0,0.0,0.0,0.0,True
m-Xylene,Cc1cccc(C)c1,-2.82,2.962962962962963,-51.85185185185184,74.07407407407409,0.0,0.0,-11.338781872338657,88.51711058851251,0.0,-0.01166891424378574,0.0,0,0.0,0.0,0.0,0.0,0.0,0.0,False
Trichlorfon,COP(=O)(OC)C(O)C(Cl)(Cl)Cl,-0.22,8.25,139.0,-585.75,0.0,0.0,-10.843636444147107,0.0,0.0,0.08137337819037559,0.0,0,0.0,0.0,0.0,0.0,0.0,0.0,True
Cyclopropyl-5-spirobarbituric acid,O=C2NC(=O)C1(CC1)C(=O)N2,-1.886,2.339100346020761,74.79584775086506,-48.83044982698962,0.0,0.0,-1.9160306019669227,38.687088468653414,0.25,0.12613771102135582,0.0,0,0.04000000000000001,0.0,0.0,0.0,0.0,0.0,False
Ditalimfos,CCOP(=S)(OCC)N2C(=O)c1ccccc1C2=O,-3.35,-15.429752066115704,-458.2561983471075,-341.53719008264466,109.82644628099177,1.1171807419651065,6.055631485503941,1.4124899315319068,0.0,0.18582995290734486,0.0,0,0.03400462962962962,0.014619883040935668,0.010204081632653059,0.015624999999999997,0.0,0.0,True
Phthalonitrile,N#Cc1ccccc1C#N,-2.38,1.020408163265306,-18.612244897959183,-16.979591836734695,0.0,0.0,8.71281553299738,95.82277050824845,0.0,0.03956127043319073,12.138442625584547,0,0.041666666666666664,0.0,0.0,0.0,0.0,0.0,False
Neburon,CCCCN(C)C(=O)Nc1ccc(Cl)c(Cl)c1,-4.77,-1.707070707070707,42.60330578512394,-19.18181818181819,-105.9090909090909,-0.21328490909090875,14.164817172863236,18.166457096210657,0.0,0.05671628081661862,0.0,0,0.024739583333333332,0.020291545189504375,0.01499368686868687,0.010267069790879314,0.013125000000000003,0.009624868210726795,True
Pencycuron,Clc1ccc(CN(C2CCCC2)C(=O)Nc3ccccc3)cc1,-5.915,-3.144111570247934,26.43595041322314,-177.87396694214874,111.46074380165287,1.4417465025826464,5.408556797418146,22.46243620149624,0.0,0.1433154841866366,0.0,0,0.01855902777777778,0.010956038329310218,0.01091522918691286,0.005131029684601112,0.007211538461538462,0.008230452674897118,True
Hydrocortisone 21-acetate,CC(=O)OCC(=O)C1(O)CCC2C3CCC4=CC(=O)CCC4(C)C3C(O)CC21C,-4.88,1.0478366030636919,42.278957269551206,85.2445579145391,-87.23568933082501,-2.0537548658962654,-20.62276940377389,35.48907639369692,0.0,-0.10683836972397985,0.0,0,0.034801587301587306,0.02912471655328798,0.017720629918634115,0.017111782984798853,0.010640817901234568,0.011113465658920204,True
"2,4,6-PCB",Clc1ccc(cc1)c2c(Cl)cccc2Cl,-6.14,-0.4628099173553723,-279.1735537190082,-122.67768595041316,-60.13223140495867,-0.21775722314049573,-3.5479897447869613,176.57202609074676,0.0,-0.036368176455454294,11.126902983393991,0,0.023504273504273508,0.040204081632653065,0.009375000000000001,0.02040816326530612,0.0,0.0,True
"Atovaquone(0,430mg/ml) - neutral",OC4=C(C1CCC(CC1)c2ccc(Cl)cc2)C(=O)c3ccccc3C4=O,-5.931,0.019753086419751854,-84.76,-151.4888888888889,-61.88000000000003,-0.15969956888888945,-6.407656585722972,127.11641378380723,0.0,-0.155503839415212,0.0,0,0.03055555555555556,0.02166405023547881,0.01286300505050505,0.01385739480977576,0.009625000000000003,0.007520241031827485,True
"3,5-Dichlorophenol",Oc1cc(Cl)cc(Cl)c1,-1.34,0.4792899408284023,-234.35502958579886,28.17159763313609,0.0,0.0,2.59171342597507,61.99207676451178,0.0,-0.06463483457524526,5.749511833283905,0,0.0,0.0,0.0,0.0,0.0,0.0,False
nitroglycerin,O=N(=O)OCC(CON(=O)=O)ON(=O)=O,-2.22,-2.7275000000000005,-101.11999999999999,-42.559999999999995,19.360000000000003,0.8862339599999997,3.0423786666270036,19.897893830853437,0.0,0.0828206572153307,0.0,0,0.024305555555555552,0.03139717425431711,0.010416666666666666,0.0,0.0,0.0,False
1-Bromo-2-methylpropane,CC(C)CBr,-2.43,0.0,0.0,0.0,0.0,0.0,0.0,113.52953608400853,0.0,0.008282125898998533,0.0,0,0.0,0.0,0.0,0.0,0.0,0.0,False
1-Chloropropane,CCCCl,-1.47,0.0,0.0,0.0,0.0,0.0,0.0,91.66715355004169,0.0,0.0008684705055373587,0.0,0,0.0,0.0,0.0,0.0,0.0,0.0,False
RTI 24,CCN2c1cc(Cl)ccc1NC(=O)c3cccnc23,-5.36,-3.5171696149843905,-79.36836628511966,-159.942767950052,31.48803329864727,0.10870899375650123,-4.916582025327144,48.7086298387489,0.0,0.22761978666903504,0.0,1,0.026418650793650793,0.024444444444444446,0.007812499999999999,0.02040816326530612,0.0,0.0,True
Butylate,CCSC(=O)N(CC(C)C)CC(C)C,-3.68,-9.046018991964937,-121.55076698319947,-427.2775748721695,183.70343316289268,0.5393264528853173,-14.159225015029405,15.409102499930682,0.0,0.044683892823383864,0.0,0,0.027777777777777776,0.0163265306122449,0.0,0.0,0.0,0.0,True
3-Hexanol,CCCC(O)CC,-0.8,1.1904761904761907,-24.081632653061227,12.333333333333334,0.0,0.0,-0.08508738079421889,67.15609504447926,0.0,0.11481400819137975,0.0,0,0.0,0.0,0.0,0.0,0.0,0.0,False
m-Methylaniline,Cc1cccc(N)c1,-0.85,2.435986159169551,-49.653979238754324,63.98269896193771,0.0,0.0,1.249534124942814,99.27500416767865,0.0,-0.06073006409909359,0.0,0,0.0,0.0,0.0,0.0,0.0,0.0,False
butallylonal,CCC(C)C1(CC(Br)=C)C(=O)NC(=O)NC1=O,-2.647,2.0751953125,311.9609375,-793.16796875,26.44921875,-0.6298050673828122,-8.489572734373683,40.87650901175272,0.0,0.18647626971344491,0.0,0,0.024936868686868688,0.030306122448979594,0.0,0.0,0.0,0.0,True
RTI 15,CCN2c1nc(C)cc(C)c1NC(=O)c3cccnc23,-4.554,-14.111111111111109,-213.31172839506175,-242.02160493827162,84.0524691358025,0.309736802469134,9.948575041616575,56.98762406099247,0.0,0.08972283224597889,0.0,1,0.030824652777777777,0.02326782564877803,0.01096141581632653,0.02040816326530612,0.0,0.0,True
Isobutylbenzene,CC(C)Cc1ccccc1,-4.12,-0.8333333333333318,-62.5,-22.916666666666664,26.04166666666667,0.024704166666666524,-13.667281721122471,111.35040346717054,0.0,-0.11934008390444946,0.0,0,0.02361111111111111,0.04,0.0,0.0,0.0,0.0,False
Pyrimidine,c1cncnc1,1.1,0.0,10.240000000000002,0.0,0.0,0.0,0.559692212625638,108.14118735122416,0.0,-0.10985385603174501,0.0,0,0.0,0.0,0.0,0.0,0.0,0.0,False
Pentobarbital,O=C1NC(=O)NC(=O)C1(CC)C(C)CCC,-2.39,0.2837370242214572,-290.4809688581315,98.49480968858131,69.560553633218,0.15563248442906633,7.376270219853883,29.484115829833133,0.0,0.0644112419664358,0.0,0,0.042200854700854704,0.01124716553287982,0.029513888888888888,0.0,0.0,0.0,True
Mirex,ClC1(C2(Cl)C3(Cl)C4(Cl)C5(Cl)C1(Cl)C3(Cl)Cl)C5(Cl)C(Cl)(Cl)C24Cl,-6.8,7.438016528925622,180.0,100.0,0.0,0.0,4.33632753059503,0.0,0.0,0.19902331133571097,0.0,0,0.02951388888888889,0.0,0.0,0.0,0.0,0.0,False
Hexachloroethane,ClC(Cl)(Cl)C(Cl)(Cl)Cl,-3.67,0.0,0.0,0.0,0.0,0.0,0.0,0.0,0.0,-0.18375860604661967,0.0,0,0.0,0.0,0.0,0.0,0.0,0.0,False
Maltose,OCC1OC(OC2C(O)C(O)C(O)OC2CO)C(O)C(O)C1O,0.358,-2.1728395061728403,-43.21382716049383,22.938271604938265,-41.97037037037038,0.545778666666667,7.234417900402668,403.6902051715852,0.0,-0.012936804084614891,0.0,0,0.028703703703703703,0.024517945109078114,0.021090534979423863,0.014575459813555049,0.009652777777777777,0.0,False
cycloate,CCSC(=O)N(CC)C1CCCCC1,-3.4,-3.4000000000000012,-272.18775510204074,-167.53469387755098,116.46938775510205,0.32736084081632466,3.871683059779494,12.201601960712134,0.0,0.06130995073435114,0.0,0,0.020299145299145296,0.017551020408163268,0.014467592592592591,0.02040816326530612,0.0,0.0,True
Ethoxyzolamide,CCOc2ccc1nc(sc1c2)S(N)(=O)=O,-3.81,-4.118343195266272,-62.053254437869846,-49.64497041420117,-97.23668639053255,-0.7314264556213014,-21.210337356381892,1.7459050768387696,0.0,-0.10604989697048453,5.749511833283905,0,0.030257936507936505,0.034970109255823535,0.022427721088435375,0.018518518518518517,0.0,0.0,True
Cycloheptane,C1CCCCCC1,-3.51,0.0,77.77777777777777,0.0,0.0,0.0,17.00817280850803,186.0557855779167,0.0,0.001329528785106354,0.0,0,0.0,0.0,0.0,0.0,0.0,0.0,False
"3,4-Dichloronitrobenzene",O=N(=O)c1cc(Cl)c(Cl)cc1,-3.2,1.2346938775510208,-15.816326530612235,23.183673469387763,0.0,0.0,2.41891440863632,19.78382981036957,0.0,-0.0012112627238877322,0.0,0,0.04722222222222222,0.0,0.0,0.0,0.0,0.0,False
Perfluidone,Cc1cc(ccc1NS(=O)(=O)C(F)(F)F)S(=O)(=O)c2ccccc2,-3.8,4.685185185185187,-283.33024691358025,-78.09259259259258,302.9166666666667,3.5158864444444418,-49.097086806552305,0.5550928950728669,0.0,0.052520620586327775,0.0,0,0.03165849673202614,0.019466248037676607,0.025633169934640522,0.018280563254108224,0.010312500000000002,0.009857706827403799,True
Lenacil,O=c2[nH]c1CCCc1c(=O)n2C3CCCCC3,-4.594,-8.479999999999999,-158.60000000000005,-225.68000000000006,50.000000000000014,0.5972269387755088,17.33525296446142,26.90107003945355,0.0,-0.3657991178711289,0.0,0,0.02314814814814815,0.01749055177626606,0.007818405139833708,0.004783163265306124,0.0,0.0,True
triamcinolone acetonide,CC5(C)OC4CC3C2CCC1=CC(=O)C=CC1(C)C2(F)C(O)CC3(C)C4(O5)C(=O)CO,-4.31,16.02419354838711,-295.4079084287201,-101.41935483870974,-32.01248699271587,-1.785057798126955,-51.98723827279468,279.758656507564,0.0,-0.11126094263349899,0.0,1,0.03881393298059964,0.030952380952380953,0.021793695548394797,0.015290918410787044,0.012842445620223398,0.010322075978641636,True
Phenacetin,CCOc1ccc(NC(=O)C)cc1,-2.35,-0.5,-54.44970414201184,7.514792899408297,-45.05917159763313,-0.6075871479289938,-12.287585217794511,44.28027806411765,0.0,-0.06594736510962187,5.749511833283905,0,0.02932098765432099,0.0403265306122449,0.015625,0.016460905349794233,0.0,0.0,True
Benzylchloride,ClCc1ccccc1,-2.39,0.8533333333333336,-12.479999999999993,-19.72,0.0,0.0,4.141593614720516,122.79969961514718,0.0,-0.04754649094652657,0.0,0,0.0625,0.0,0.0,0.0,0.0,0.0,False
Ethanol,CCO,1.1,0.0,0.0,0.0,0.0,0.0,0.0,52.63976853943993,0.0,-0.0034606054165997797,0.0,0,0.0,0.0,0.0,0.0,0.0,0.0,False
2-Methylpropan-1-ol,CC(C)CO,0.1,0.0,19.439999999999998,0.0,0.0,0.0,2.3227796184326532,62.17444792207925,0.0,0.044584625326013795,0.0,0,0.0,0.0,0.0,0.0,0.0,0.0,False
Phenmedipham,COC(=O)Nc1cccc(OC(=O)Nc2cccc(C)c2)c1,-4.805,-0.9612188365650969,-68.46260387811635,48.54847645429362,22.110803324099727,2.2396461274238226,9.056352116596049,38.793911150810196,0.0,-0.12356825666446057,5.749511833283905,0,0.026331018518518517,0.01487133984028394,0.01408179012345679,0.0072786316172559545,0.008571428571428572,0.006001242915843467,True
Bromacil,CCC(C)n1c(=O)[nH]c(C)c(Br)c1=O,-2.523,-4.8395061728395055,-122.92592592592598,-626.1111111111112,200.92592592592598,0.6389638312757208,16.299480891515923,13.278890838345527,0.0,-0.15319896083654835,0.0,0,0.03194444444444444,0.020204081632653064,0.0,0.0,0.0,0.0,True
halothane,FC(F)(F)C(Cl)Br,-1.71,0.0,0.0,0.0,0.0,0.0,0.0,0.152162887010215,0.0,-0.01802054218957177,0.0,0,0.0,0.0,0.0,0.0,0.0,0.0,False
Pyrazinamide,NC(=O)c1cnccn1,-0.667,1.1938775510204078,-6.938775510204089,-5.6122448979591875,0.0,0.0,-2.430480446839694,37.740164709550925,0.0,-0.08128854856357459,0.0,0,0.0625,0.0,0.0,0.0,0.0,0.0,False
Cyfluthrin,CC1(C)C(C=C(Cl)Cl)C1C(=O)OC(C#N)c2ccc(F)c(Oc3ccccc3)c2,-7.337,-2.762335898596651,-92.54368492530556,-490.9026708918062,-104.87550928021726,-0.19341660117700293,7.919837949368253,20.396852067933796,0.16666666666666666,0.2243836256366661,17.568244979360085,0,0.026330749354005163,0.02240252198440352,0.01350407060972537,0.01189892026105544,0.010625275573192244,0.00989249705503149,False
Nitramine,CCN(CC)c1c(cc(c(N)c1N(=O)=O)C(F)(F)F)N(=O)=O,-3.561,0.10938775510204055,20.741224489795936,4.208979591836738,-19.21959183673467,-3.8215632195918365,0.15866434502938756,0.5373703758214629,0.0,0.1027812634200375,0.0,0,0.054425064599483194,0.009282798833819241,0.0234375,0.0,0.0,0.0,True
3-Butanoyloxymethylphenytoin,O=C1N(COC(=O)CCC)C(=O)C(N1)(c2ccccc2)c3ccccc3,-5.071,-9.56521739130435,-48.69565217391307,-103.47826086956523,-42.62759924385632,-1.201986722117202,2.1967104513242512,38.936860520800124,0.0,-0.0727131893692401,0.0,0,0.023562801932367147,0.014028722600151167,0.016126482644339787,0.009310624602574716,0.0055468750000000015,0.005492636805768118,True
o-Nitrotoluene,Cc1ccccc1N(=O)=O,-2.33,1.7301038062283731,-67.0242214532872,7.041522491349483,0.0,0.0,7.941327882546856,13.747861062326141,0.0,-0.002947050925980132,0.0,0,0.0625,0.0,0.0,0.0,0.0,0.0,False
Metolachlor,CCc1cccc(C)c1N(C(C)COC)C(=O)CCl,-2.73,-5.88459250446163,-156.52409280190366,-161.71148126115403,-156.614515169542,-0.593964361094585,-24.72453195222214,0.8641276701194651,0.0,0.07780568806254566,0.0,0,0.023220486111111112,0.017337220602526727,0.011381172839506171,0.01020408163265306,0.0,0.0,True
Cyclohexene,C1CCC=CC1,-2.59,0.0,28.125,0.0,0.0,0.0,6.150276774505137,132.7977390960402,0.0,-0.011872398561228494,0.0,0,0.0,0.0,0.0,0.0,0.0,0.0,False
Methane,C,-0.9,0.0,0.0,0.0,0.0,0.0,0.0,96.3003851364477,0.0,0.0058957522872595735,0.0,0,0.0,0.0,0.0,0.0,0.0,0.0,False
Isopentyl acetate,CC(C)CCOC(=O)C,-1.92,-3.5330812854442346,0.6994328922495245,0.1398865784499054,81.69754253308129,0.3488666767485807,13.04471226723276,23.396811291729037,0.0,-0.09242984597245416,0.0,0,0.05555555555555555,0.0,0.0,0.0,0.0,0.0,False
"2,4-Dimethyl-3-pentanol",CC(C)C(O)C(C)C,-1.22,2.25,-63.0,110.25,0.0,0.0,-15.952770633405637,42.53282790831576,0.0,-0.04095812729267666,0.0,0,0.0,0.0,0.0,0.0,0.0,0.0,False
Phenylmethanol,OCc1ccccc1,-0.4,1.0,11.375,9.84375,0.0,0.0,2.3831305025526426,65.32788017941758,0.0,-0.03836639934942521,0.0,0,0.0625,0.0,0.0,0.0,0.0,0.0,False
Mebendazole,COC(=O)Nc2nc1ccc(cc1[nH]2)C(=O)c3ccccc3,-3.88,-2.261224489795919,-13.44000000000001,-31.6,-47.199999999999996,-0.6196173061224485,-7.270837166491056,55.49805901198498,0.0,-0.0004940231655913233,0.0,0,0.027393162393162394,0.01888593118406783,0.013983992719894974,0.011681491379620629,0.008181818181818184,0.005963110340214717,True
Pirimicarb,CN(C)C(=O)Oc1nc(nc(C)c1C)N(C)C,-1.95,-16.786938775510208,-21.826122448979582,-254.24816326530615,-27.69469387755106,-1.1091884930612226,-21.537816826307953,20.47940035821663,0.0,0.17694869357368959,5.879988336435371,0,0.034374999999999996,0.022959183673469385,0.018055555555555557,0.0,0.0,0.0,True
2-Ethylhexanal,CCCCC(CC)C=O,-2.13,0.06720000000000025,-15.508800000000004,-22.644799999999986,31.8096,0.07577907839999973,3.063187019267182,37.56042006851764,0.0,0.00171103580872506,0.0,0,0.027777777777777776,0.0,0.0,0.0,0.0,0.0,False
2-Methylphenanthrene,Cc1ccc2c(ccc3ccccc32)c1,-5.84,-1.8449931412894376,-47.22222222222223,-19.753086419753103,-12.03703703703704,-0.0114188148148151,-10.326390633736969,140.71294689830984,0.0,0.05349299635533845,0.0,0,0.017361111111111112,0.03333333333333334,0.015625,0.02040816326530612,0.0,0.0,True
"1,3,5-Tribromobenzene",Brc1cc(Br)cc(Br)c1,-5.6,0.0,-759.0,0.0,0.0,0.0,-0.820913120690058,55.818551063705975,0.0,0.06468050851048986,0.0,0,0.0,0.0,0.0,0.0,0.0,0.0,False
o-Xylene,Cc1ccccc1C,-2.8,1.1851851851851851,59.25925925925927,29.629629629629633,0.0,0.0,12.95860785410131,115.97092618280335,0.0,0.010982344706483613,0.0,0,0.0,0.0,0.0,0.0,0.0,0.0,False
1-aminoacridine,Nc2cccc3nc1ccccc1cc23,-4.22,-5.676800000000001,-17.958400000000005,-34.67520000000001,40.90240000000001,0.0674337215999987,8.336492647964745,116.5154507843805,0.0,0.08160473828891648,0.0,1,0.023726851851851853,0.012551020408163265,0.009259259259259259,0.0,0.0,0.0,True
Indole,c2ccc1[nH]ccc1c2,-1.52,1.890625,6.109375,33.0625,0.0,0.0,1.36330842984016,88.56373300919267,0.0,0.047581996210833435,0.0,0,0.0,0.0,0.0,0.0,0.0,0.0,False
Benzo(e)pyrene,c1ccc2c(c1)c3cccc4ccc5cccc2c5c43,-7.8,-9.125,-95.703125,-115.625,78.125,0.07411249999999991,-20.9280251354688,131.73035088302964,0.0,0.28586260784112616,0.0,0,0.0175925925925926,0.014795918367346938,0.0,0.0,0.0,0.0,False
Desmedipham,CCOC(=O)Nc2cccc(OC(=O)Nc1ccccc1)c2,-4.632,-3.0526315789473677,-101.53739612188366,-1.3684210526315672,58.70360110803325,2.6417148144044336,15.226371603692742,20.284744675429,0.0,0.018261259323023804,5.749511833283905,0,0.021701388888888888,0.01487133984028394,0.010873538011695907,0.007040676352845663,0.007788461538461539,0.004878908460175678,True
1-Heptene,CCCCCC=C,-3.73,2.3417586841689633e-16,-5.4030853865090965e-15,-4.440892098500627e-15,16.666666666666664,0.015810666666666466,1.1141141342818635e-14,157.77270244747527,0.0,-0.0053332033149276915,0.0,0,0.027777777777777776,0.0,0.0,0.0,0.0,0.0,False
Diethyl ether,CCOCC,-0.09,0.3599999999999999,4.319999999999996,29.159999999999997,0.0,0.0,-1.76038385830001,131.8731493942165,0.0,0.023404596183628504,0.0,0,0.0,0.0,0.0,0.0,0.0,0.0,False
alloxan,O=C1NC(=O)C(=O)C(=O)N1,-1.25,0.0,-16.0,0.0,0.0,0.0,1.1904729472377453,54.315338140982064,0.0,0.08217288216183818,0.0,0,0.0,0.0,0.0,0.0,0.0,0.0,False
Methyl t-butyl ether,COC(C)(C)C,-0.24,0.0,85.33333333333331,0.0,0.0,0.0,11.351230162305347,0.0,0.0,-0.07737671613277915,0.0,0,0.0,0.0,0.0,0.0,0.0,0.0,False
p-Nitrophenol,Oc1ccc(cc1)N(=O)=O,-0.74,1.1719020815487764e-16,19.279999999999998,12.120000000000005,0.0,0.0,3.8247895556489686,95.29074994353994,0.0,0.02382683217517226,5.749511833283905,0,0.07870370370370372,0.0,0.0,0.0,0.0,0.0,False
methylthiouracil,Cc1cc(=O)[nH]c(=S)[nH]1,-2.436,1.0800000000000003,-250.9466666666667,46.41333333333334,0.0,0.0,-1.7174773143485844,33.61877338545607,0.0,-0.09350549409528722,0.0,0,0.0,0.0,0.0,0.0,0.0,0.0,False
4-Methyl-2-pentanone,CC(C)CC(=O)C,-0.74,1.2465373961218829,-118.99445983379502,68.26038781163435,0.0,0.0,-9.184291683284988,15.355588428623475,0.0,0.027895553465252625,0.0,0,0.0,0.0,0.0,0.0,0.0,0.0,False
Norea,CN(C)C(=O)NC1CC2CC1C3CCCC23,-3.171,-3.73961218836565,31.304709141274266,-18.914127423822702,-38.448753462603854,-0.4212211412742383,-11.026632651428057,31.682846391150154,0.0,0.17528420517705656,0.0,0,0.03176587301587301,0.031704459561602415,0.022569444444444444,0.015624999999999997,0.0,0.0,True
"2,2',3,3',4,4'-PCB",Clc1ccc(c(Cl)c1Cl)c2ccc(Cl)c(Cl)c2Cl,-8.01,-1.2231404958677676,-282.08264462809916,-73.22314049586778,-4.859504132231449,0.06982347107437976,-1.3871198149508772,45.634351009169215,0.0,-0.09471845552872238,11.126902983393991,0,0.03654970760233918,0.030306122448979598,0.018055555555555554,0.016376921138825898,0.0,0.0,False
Picene,c1ccc2c(c1)ccc3c2ccc4c5ccccc5ccc43,-7.87,2.1111111111111094,-69.83024691358027,17.901234567901223,-10.64814814814815,-0.010101259259259454,-15.270234515575096,157.57511582327393,0.0,0.311350026470759,0.0,0,0.019345238095238096,0.018040816326530613,0.010850694444444444,0.00886033425715965,0.00390625,0.004081216202428323,False
"1,2,3,4-Tetrahydronapthalene",C1CCc2ccccc2C1,-4.37,2.0826446280991733,-8.884297520661141,24.793388429752078,0.0,0.0,-1.9427871537462984,140.39086417840534,0.0,-0.03552261389784399,0.0,0,0.0,0.0,0.0,0.0,0.0,0.0,False
Deoxycorticosterone,CC12CCC3C(CCC4=CC(=O)CCC34C)C2CCC1C(=O)CO,-3.45,7.333333333333333,-36.22222222222219,94.66666666666671,77.88888888888889,-0.16956538271605007,-22.569001606201848,178.65515745870144,0.0,-0.014565851837502461,0.0,0,0.032095959595959594,0.028834467120181402,0.02019557823129251,0.017602565717645083,0.008721941638608307,0.013202734414855628,True
Estragole,c1(OC)ccc(CC=C)cc1,-2.92,-1.9111531190926276,-2.1663516068052906,12.914933837429105,-4.200378071833652,-0.15472512665406413,-6.794409192537746,49.3945455156277,0.0,-0.0457271540418433,5.749511833283905,0,0.04166666666666667,0.026938775510204085,0.015625,0.0,0.0,0.0,False
3-Methyl-3-heptanol,CCCCC(C)(O)CC,-1.6,1.0658436213991775,37.662551440329224,-58.74897119341563,27.271604938271615,0.06496834567901193,4.678967475427961,51.848723153791575,0.0,0.040245650184840685,0.0,0,0.013888888888888888,0.0,0.0,0.0,0.0,0.0,False
Hexylbenzene,CCCCCCc1ccccc1,-5.21,-0.9200000000000002,3.0,2.0,-35.0,-0.03320240000000006,0.6560295226139163,174.5716219564171,0.0,0.04244048112347551,0.0,0,0.012896825396825396,0.010068027210884354,0.008680555555555556,0.010917947425883931,0.015625,0.0,True
L-arabinose,C1OC(O)C(O)C(O)C1O,0.39,2.0,16.0,30.0,0.0,0.0,5.130937114492973,154.515956302459,0.0,0.11829628831824239,0.0,0,0.0,0.0,0.0,0.0,0.0,0.0,False
metalaxyl,COCC(=O)N(C(C)C(=O)OC)c1c(C)cccc1C,-1.601,-9.168352171326589,-141.35276621058892,-43.20761451516956,-229.69422962522316,-1.10421647352766,-24.166248896593714,6.329547080667054,0.0,0.1986269270810286,0.0,0,0.026552287581699342,0.017990580847723706,0.010416666666666666,0.013605442176870748,0.0,0.0,True
Cypermethrin,CC1(C)C(C=C(Cl)Cl)C1C(=O)OC(C#N)c2cccc(Oc3ccccc3)c2,-8.017,-2.196016296966954,-112.48755092802176,-432.75147125396114,-116.156631960163,-1.0891162154821181,23.645467663799312,18.324979220915846,0.16666666666666666,0.06666229230780599,17.568244979360085,0,0.02275,0.022066556352270637,0.012206460867175153,0.012389662122831248,0.008185244539411208,0.01102486856872822,False
ethofumesate,CCOC2Oc1ccc(OS(C)(=O)=O)cc1C2(C)C,-3.42,-3.7355734112490877,-120.5507669831994,71.0672023374726,-220.2761139517897,-1.40849536157779,-24.40126011978189,0.2872265001022773,0.0,0.07032602028907059,11.49902366656781,0,0.03079545454545455,0.0406530612244898,0.01606345663265306,0.014814814814814812,0.015000000000000003,0.0,True
4-Pentene-1-ol,OCCCC=C,-0.15,0.5,7.0,-6.0,0.0,0.0,-2.2691756372770557,62.49448935884217,0.0,-0.0912058927592784,0.0,0,0.0,0.0,0.0,0.0,0.0,0.0,False
Nerol,CC(C)=CCC/C(C)=C\CO,-2.46,-2.7835909631391207,-3.4768133174791775,54.60760998810939,61.527942925089185,0.26281020214030787,6.110396786536818,100.94849146156677,0.0,-0.12063364047632003,0.0,0,0.037037037037037035,0.013605442176870748,0.020833333333333332,0.0,0.0,0.0,False
3-Methylcholanthrene,c1cc(C)cc2c1c3cc4cccc5CCc(c45)c3cc2,-7.92,-0.9357195032870695,-112.07085463842218,51.69831994156318,-1.3330898466033658,-0.0012646223520821364,-24.507263089124507,85.48933031527048,0.0,0.07622265351185888,0.0,0,0.024033333333333337,0.01702040816326531,0.01401542759961127,0.01448629220206601,0.01367283950617284,0.012345679012345678,True
Pebulate,CCCCN(CC)C(=O)SCCC,-3.53,-5.003460207612456,-195.05536332179932,-138.2318339100346,74.69550173010379,0.28753369636678155,0.27350015132622746,16.704649455891836,0.0,0.008640933318917531,0.0,0,0.0202020202020202,0.010204081632653062,0.0078125,0.012345679012345675,0.0,0.0,True
1-Methylphenanthrene,Cc1cccc2c1ccc3ccccc32,-5.85,-1.3593964334705075,-56.48148148148148,3.3950617283950475,32.4074074074074,0.03074296296296236,-12.351173110940287,106.60690517633073,0.0,0.13694511560919528,0.0,0,0.024884259259259262,0.01673469387755102,0.013888888888888888,0.0,0.0,0.0,True
Dioxacarb,CNC(=O)Oc1ccccc1C2OCCO2,-1.57,-6.816884661117714,-60.24970273483945,-122.05350772889419,-52.863258026159386,-1.406783305588584,-21.333479770242942,17.71888303617042,0.0,0.020416441201838654,5.749511833283905,0,0.022500000000000006,0.017889412175126462,0.015630061548428893,0.015624999999999997,0.0,0.0,True
Propylene,CC=C,-1.08,0.0,0.0,0.0,0.0,0.0,0.0,99.38211899283105,0.0,-0.028351951226167425,0.0,0,0.0,0.0,0.0,0.0,0.0,0.0,False
biquinoline,c2ccc1nc(ccc1c2)c4ccc3ccccc3n4,-5.4,-1.6875,-10.12109375,14.1875,-33.09375,-0.08940049999999988,1.8459561810416276,78.5750220169158,0.0,-0.04169648981510053,11.387855989696922,0,0.02361111111111111,0.008979591836734696,0.010416666666666666,0.008860334257159652,0.00390625,0.004081216202428323,True
Buturon,CC(C#C)N(C)C(=O)Nc1ccc(Cl)cc1,-3.9,-3.4506539833531513,118.75862068965517,-71.22473246135553,104.3400713436385,0.447778211652793,14.386403599141985,22.869525336454362,0.0,0.03130385203804664,12.343784214475903,0,0.028273809523809524,0.02367346938775511,0.014930555555555556,0.01709078693205677,0.011875000000000002,0.0,True
p-Nitroaniline,Nc1ccc(cc1)N(=O)=O,-2.37,-0.9375,30.75,0.0,0.0,0.0,3.8113175310041023,25.640415964272222,0.0,0.031039878567191266,0.0,0,0.07870370370370372,0.0,0.0,0.0,0.0,0.0,False
Propyl formate,CCCOC=O,-0.49,0.48979591836734726,-23.632653061224488,-15.612244897959178,0.0,0.0,-3.8009468648788127,50.67177096267476,0.0,0.04576097252831555,0.0,0,0.0,0.0,0.0,0.0,0.0,0.0,False
1-Chloroheptane,CCCCCCCCl,-4.0,-0.5103969754253304,1.0056710775047295,-1.7240075614366708,-62.18336483931946,-0.1604313005671074,-0.4310515588636365,168.18222001858592,0.0,-0.0517851456461625,0.0,0,0.018518518518518517,0.020408163265306124,0.0,0.0,0.0,0.0,False
Flumethasone,CC1CC2C3CC(F)C4=CC(=O)C=CC4(C)C3(F)C(O)CC2(C)C1(O)C(=O)CO,-5.613,8.075407817790078,-180.3684210526315,208.83071714373654,-42.46014158202523,-0.20701199999999975,-38.764277693261285,175.9897328522242,0.0,0.007495623160268599,0.0,0,0.04099702380952381,0.031470683511499835,0.02056317318594104,0.014933919695824456,0.011942239858906526,0.009430524582039732,True
Formothion,COP(=S)(OC)SCC(=O)N(C)C=O,-1.995,-6.591715976331363,4.508875739644972,241.60946745562129,-65.4792899408284,0.3088608136094655,-13.873498779075968,0.0,0.0,0.20416865861980077,0.0,0,0.0404040404040404,0.01855287569573284,0.008928571428571428,0.0,0.0,0.0,True
p-Chloroiodobenzene,Clc1ccc(I)cc1,-4.03,0.0,476.75000000000006,0.0,0.0,0.0,2.985016379757738,91.88603648713381,0.0,-0.03411455772669595,0.0,0,0.0,0.0,0.0,0.0,0.0,0.0,False
Nitroethane,CCN(=O)=O,-0.22,0.0,0.0,0.0,0.0,0.0,0.0,18.439861119574097,0.0,-0.009128668923277196,0.0,0,0.0,0.0,0.0,0.0,0.0,0.0,False
Flucytosine,Nc1nc(=O)[nH]cc1F,-0.972,0.9585798816568046,-2.64497041420119,33.242603550295854,0.0,0.0,1.8108264327819508,40.570065512805826,0.0,-0.12394352036949106,0.0,0,0.0,0.0,0.0,0.0,0.0,0.0,False
RTI 10,O2c1ccccc1N(C)C(=O)c3cccnc23,-3.672,-2.0740740740740757,-137.34019204389574,-74.19341563786008,69.27983539094649,0.40214082304526566,-9.750758937517356,44.0946090182954,0.0,0.19813700298803147,11.629500169719275,1,0.019385964912280697,0.016518014613252703,0.004913076341647772,0.0,0.0,0.0,True
thiouracil,Sc1nccc(=O)[nH]1,-2.273,0.44444444444444453,-20.25,20.25,0.0,0.0,-0.979593284649111,32.95582616452188,0.0,-0.11436178214118031,0.0,0,0.0,0.0,0.0,0.0,0.0,0.0,False
Chloroethane,ClCC,-1.06,0.0,0.0,0.0,0.0,0.0,0.0,87.87242866633535,0.0,-0.019945194235369983,0.0,0,0.0,0.0,0.0,0.0,0.0,0.0,False
"1,2-Dichloroethane",ClCCCl,-1.06,0.0,0.0,0.0,0.0,0.0,0.0,118.88916920263664,0.0,-0.014463755982439614,0.0,0,0.0,0.0,0.0,0.0,0.0,0.0,False
"2,3,5-Trichlorophenol",Oc1cc(Cl)cc(Cl)c1Cl,-2.67,0.5917159763313609,-89.02958579881658,42.751479289940825,0.0,0.0,2.681212670511189,65.71682804125045,0.0,-0.042516681212570545,5.749511833283905,0,0.0,0.0,0.0,0.0,0.0,0.0,False
4-Methylbiphenyl,Cc1ccc(cc1)c2ccccc2,-4.62,-3.2399999999999993,21.680000000000007,-17.44,3.6800000000000015,0.003490995199999699,4.740906683422958,133.90825459866292,0.0,-0.07070522290501291,11.126902983393991,0,0.027777777777777783,0.02666666666666667,0.015625,0.02040816326530612,0.0,0.0,True
thiofanox,CNC(=O)ON=C(CSC)C(C)(C)C,-1.62,-8.84375,-251.66796875,-111.8046875,-165.140625,-0.34726923828125045,11.3986204382878,18.5986965458258,0.0,-0.1264920994751847,0.0,0,0.03418803418803418,0.01855287569573284,0.005208333333333333,0.0,0.0,0.0,True
"1,2,4,5-Tetrachlorobenzene",Clc1cc(Cl)c(Cl)cc1Cl,-5.56,0.0,194.75,0.0,0.0,0.0,3.02317855704674,90.26306506034928,0.0,-0.04310195936159985,0.0,0,0.0,0.0,0.0,0.0,0.0,0.0,False
dimethirimol,CCCCc1c(C)nc(nc1O)N(C)C,-2.24,-5.018166089965398,-132.61245674740482,-220.5363321799308,58.40830449826989,0.28201977854671173,0.9695627332827648,109.13900051862278,0.0,0.08463698812519559,5.879988336435371,0,0.03125,0.017755102040816324,0.022569444444444444,0.016460905349794233,0.0,0.0,True
thiamylal,CCCC(C)C1(CC=C)C(=O)NC(=S)NC1=O,-3.46,-1.3306122448979574,-149.00734693877556,-81.33061224489794,-54.774693877551,0.199511568163264,7.594962239424008,8.365392157384228,0.0,0.005116702230526215,0.0,0,0.030336257309941522,0.020259740259740266,0.014756944444444444,0.0,0.0,0.0,True
Cyclooctanol,OC1CCCCCCC1,-1.29,2.3616000000000015,-9.14240000000001,38.50239999999999,0.0,0.0,-1.2624810188876263,66.05920774913695,0.0,0.15997981235035003,0.0,0,0.0625,0.0,0.0,0.0,0.0,0.0,False
benzothiazole,c2ccc1scnc1c2,-1.5,1.2346938775510208,-20.0,32.0,0.0,0.0,0.4622790144082276,147.02830225178494,0.0,-0.006450424215466039,0.0,0,0.0,0.0,0.0,0.0,0.0,0.0,False
fensulfothion,CCOP(=S)(OCC)Oc1ccc(cc1)S(C)=O,-2.3,-4.058775510204081,-476.0571428571429,21.6391836734694,290.2677551020409,2.9139275306122463,-1.3750380170222287,3.1400651313877916,0.0,0.007134220751140796,5.749511833283905,0,0.02430555555555556,0.018884353741496596,0.024936868686868684,0.013958175862937764,0.013333333333333336,0.0,True
Epiandrosterone,CC34CCC1C(CCC2CC(O)CCC12C)C3CCC4=O,-4.16,0.11072664359861144,50.795847750865036,90.90157631680123,16.402921953094957,-0.35835777008842973,-8.066949654876645,126.26495270013945,0.0,0.19086878851536582,0.0,0,0.03472222222222223,0.03050722043203246,0.017764477585906154,0.019543200878234888,0.01507908950617284,0.0,True
"cis-1,2-Dimethylcyclohexane",C/C1CCCCC1\C,-4.3,1.333333333333333,58.333333333333314,33.333333333333336,0.0,0.0,12.75612960638095,131.8705346178833,0.0,0.10913575686682107,0.0,0,0.0,0.0,0.0,0.0,0.0,0.0,False
2-Methylpropane,CC(C)C,-2.55,0.0,0.0,0.0,0.0,0.0,0.0,139.22572963353454,0.0,0.04028602784335082,0.0,0,0.0,0.0,0.0,0.0,0.0,0.0,False
Isonazid,c1nccc(C(=O)NN)c1,0.009,1.314878892733563,-24.716262975778548,20.775086505190313,0.0,0.0,-1.5352087829197316,39.80938414478971,0.0,-0.10290577897493354,0.0,0,0.03819444444444445,0.04,0.0,0.0,0.0,0.0,False
"1,3-Difluorobenzene",Fc1cccc(F)c1,-2.0,0.0,-17.25,0.0,0.0,0.0,4.914704674999994,33.405639563443536,0.0,-0.0794362054904385,0.0,0,0.0,0.0,0.0,0.0,0.0,0.0,False
Styrene,C=Cc1ccccc1,-2.82,1.0,6.25,12.5,0.0,0.0,1.366728172112248,91.10266909946661,0.0,-0.1685675173514951,0.0,0,0.0625,0.0,0.0,0.0,0.0,0.0,False
tetrachloroguaiacol,COc1c(O)c(Cl)c(Cl)c(Cl)c1Cl,-4.02,3.598615916955016,-164.318339100346,-285.1972318339099,0.0,0.0,-2.8568317975035917,93.93824886314657,0.0,-0.05816784106150047,11.49902366656781,0,0.01967592592592593,0.0,0.0,0.0,0.0,0.0,False
Cycloheptene,C1CCC=CCC1,-3.18,0.0,67.86703601108032,0.0,0.0,0.0,14.840926411856023,148.5230157309432,0.0,0.0448447412708602,0.0,0,0.0,0.0,0.0,0.0,0.0,0.0,False
1-Decanol,CCCCCCCCCCO,-3.63,-0.3966942148760331,1.0909090909090862,1.0578512396694177,0.9917355371900809,-0.028475680440771377,-0.8366670210757617,95.93093090375793,0.0,-0.04611058140727365,0.0,0,0.009259259259259259,0.00816326530612245,0.0078125,0.008230452674897117,0.010000000000000002,0.0,False
Benzo(a)fluorene,C1c2ccccc2c3ccc4ccccc4c13,-6.68,-0.9714625445897733,-23.483947681331763,21.8192627824019,-4.072532699167666,-0.0038633674197387467,-5.135387662157731,173.49081349179858,0.0,0.17561308130901596,11.126902983393991,0,0.025190972222222222,0.008761080189651618,0.007239701436130004,0.004783163265306124,0.0,0.0,True
Tetrachloroethylene,ClC(=C(Cl)Cl)Cl,-2.54,0.0,0.0,0.0,0.0,0.0,0.0,12.189674481154084,0.0,0.00693759961532066,0.0,0,0.0,0.0,0.0,0.0,0.0,0.0,False
"1,3-Dinitrobenzene",O=N(=O)c1cccc(c1)N(=O)=O,-2.29,4.5,-17.390625,-18.375,0.0,0.0,5.794296791146946,26.964800696485863,0.0,0.02130870897161409,0.0,0,0.059027777777777776,0.0,0.0,0.0,0.0,0.0,False
Equilin,CC34CCC1C(=CCc2cc(O)ccc12)C3CCC4=O,-5.282,3.6949999999999967,18.520000000000017,73.92,-36.68000000000001,-0.2508244800000008,-5.8438592917940815,101.94264109383161,0.0,-0.08524653021702666,5.749511833283905,0,0.03015151515151516,0.030204081632653063,0.019244850718065,0.019543200878234888,0.01507908950617284,0.0,True
Cholanthrene,C1Cc2c3c1cccc3cc4c2ccc5ccccc54,-7.85,-0.25951557093425714,-104.93079584775086,64.18685121107268,-14.273356401384074,-0.013540276816609376,-22.945899969164795,87.25012101695317,0.0,0.030788339945138507,0.0,0,0.022500000000000003,0.012335600907029478,0.009840915532879815,0.007306626354245404,0.0,0.0,True
2-Ethylbutanal,CCC(CC)C=O,-1.52,0.6232686980609414,-26.44321329639889,34.130193905817166,0.0,0.0,6.052478645165977,32.53707852778697,0.0,0.11004223487047435,0.0,0,0.0,0.0,0.0,0.0,0.0,0.0,False
1-Heptanol,CCCCCCCO,-1.81,-0.625,1.4375,1.375,-8.75,-0.202408333333333,-1.2372762955807175,64.786894916768,0.0,-0.0033005483419267607,0.0,0,0.018518518518518517,0.020408163265306124,0.0,0.0,0.0,0.0,False
Ethyne,C#C,0.29,0.0,0.0,0.0,0.0,0.0,0.0,45.23106793900798,0.0,-0.004604467712975101,12.846699791240518,0,0.0,0.0,0.0,0.0,0.0,0.0,False
Fluoranthene,c1ccc2c(c1)c3cccc4cccc2c34,-6.0,2.2248520710059205,-102.0710059171598,-36.98224852071008,56.804733727810635,0.05388724260354973,-22.320531094850917,163.2478292212334,0.0,0.18104077939264845,22.253805966787983,0,0.01563492063492064,0.008148148148148154,0.0,0.0,0.0,0.0,True
1-Hexene,CCCCC=C,-3.23,0.5925925925925932,-3.404683942183813e-15,-8.333333333333336,0.0,0.0,1.109559022438589e-14,135.05828248139636,0.0,-0.043526472001607884,0.0,0,0.0,0.0,0.0,0.0,0.0,0.0,False
Phoxim,CCOP(=S)(OCC)ON=C(C#N)c1ccccc1,-4.862,-4.20242214532872,-353.4013840830449,-54.536332179930774,-160.04152249134947,-0.58347850865052,3.57922868405504,0.0,0.0,0.15084263006764373,6.069221312792274,0,0.02976190476190476,0.017265306122448976,0.010314542483660129,0.006608911370816132,0.008541666666666668,0.012345679012345678,True
Nitrobenzene,O=N(=O)c1ccccc1,-1.8,0.8265306122448978,-22.346938775510207,-24.489795918367346,0.0,0.0,4.354930614363074,17.437847545866532,0.0,-0.011173363939655274,0.0,0,0.0625,0.0,0.0,0.0,0.0,0.0,False
1-Nitropropane,CCCN(=O)=O,-0.8,0.0,-69.58579881656804,0.0,0.0,0.0,1.3496694608358082,9.849720093867449,0.0,0.07134861052124207,0.0,0,0.0,0.0,0.0,0.0,0.0,0.0,False
"2,4-Dinitrotoluene",Cc1ccc(cc1N(=O)=O)N(=O)=O,-2.82,1.0443213296398886,8.083102493074803,-4.706371191135742,0.0,0.0,5.3099271552521525,21.86593120019739,0.0,-0.006495547840811728,0.0,0,0.06481481481481483,0.0,0.0,0.0,0.0,0.0,False
"3,5-Dimethylpyridine",Cc1cncc(C)c1,0.38,3.3217993079584787,-87.3910034602076,87.24913494809687,0.0,0.0,-18.1779746852906,107.6930223041344,0.0,-0.010208482523810817,0.0,0,0.0,0.0,0.0,0.0,0.0,0.0,False
aminothiazole,Nc1nccs1,-0.36,0.0,70.56,0.0,0.0,0.0,2.8100138750521473,38.3334418259944,0.0,-0.041956291140316425,0.0,0,0.0,0.0,0.0,0.0,0.0,0.0,False
Dialifos,CCOP(=S)(OCC)SC(CCl)N2C(=O)c1ccccc1C2=O,-6.34,-7.046875,-481.41999999999985,108.85000000000004,-310.13000000000005,-2.2579582824999997,-18.518178728756414,33.504633462083845,0.0,-0.015024929595695177,0.0,0,0.02998316498316498,0.022127130422061294,0.01642219387755102,0.008680555555555552,0.006172839506172839,0.010000000000000002,True
Diethyldisulfide,CCSSCC,-2.42,1.125,-16.015625,82.03125,0.0,0.0,-7.609803727801257,123.10614810193196,0.0,-0.09383636926696283,0.0,0,0.0,0.0,0.0,0.0,0.0,0.0,False
6-Methylchrysene,Cc1cc2c3ccccc3ccc2c4ccccc14,-6.57,-4.071625344352618,-90.17447199265382,-35.88154269972452,24.104683195592294,0.02286666666666677,-19.7190386044331,73.5152973400196,0.0,0.23162712499398544,0.0,0,0.026871980676328504,0.01752380952380952,0.009259259259259259,0.008062484252960446,0.0,0.0,True
5-Allyl-5-isopropylbarbital,O=C1NC(=O)NC(=O)C1(C(C)C)CC=C,-1.708,4.120095124851365,-234.78121284185485,-23.76218787158142,-23.68608799048751,-0.35069498216408995,10.91967004413964,40.41588575066871,0.0,-0.10850516440103483,0.0,0,0.034722222222222224,0.020204081632653064,0.0,0.0,0.0,0.0,True
"1,2,3-Trichlorobenzene",Clc1cccc(Cl)c1Cl,-4.0,0.0,-185.25,0.0,0.0,0.0,2.7701534305974396,27.66789126603437,0.0,-0.08046796786639225,0.0,0,0.0,0.0,0.0,0.0,0.0,0.0,False
hydrazobenzene,N(Nc1ccccc1)c2ccccc2,-2.92,-1.7278106508875746,30.79289940828403,-8.60355029585799,-17.58579881656805,0.04682660355029417,19.508278162013752,82.16497801413922,0.0,-0.037858574505546916,0.0,0,0.018055555555555554,0.00016326530612244817,0.006076388888888888,0.008062484252960446,0.0,0.0,True
2-Chloro-2-methylbutane,CCC(C)(C)Cl,-2.51,0.0,104.69896193771625,0.0,0.0,0.0,9.45592020964054,0.0,0.0,0.029688304783744828,0.0,0,0.0,0.0,0.0,0.0,0.0,0.0,False
Ethyl nonanoate,CCCCCCCCC(=O)OCC,-3.8,-0.09142857142857128,-50.02938775510204,2.1942857142857126,0.5224489795918321,-0.16454478367346928,-2.067690904332491,15.598354969625328,0.0,-0.016482999316824915,0.0,0,0.013888888888888888,0.011661807580174929,0.010416666666666666,0.009876543209876541,0.005000000000000001,0.008264462809917356,True
Iodoethane,CCI,-1.6,0.0,0.0,0.0,0.0,0.0,0.0,81.72630733629126,0.0,-0.012045430150864556,0.0,0,0.0,0.0,0.0,0.0,0.0,0.0,False
Carbetamide,c1c(NC(=O)OC(C)C(=O)NCC)cccc1,-1.83,-0.7226813590449953,-63.08264462809916,-35.42975206611569,-72.93388429752065,-0.829470685032139,16.769541127562352,22.02228518786278,0.0,-0.008313193536473196,0.0,0,0.017795138888888888,0.023422291993720566,0.01070601851851852,0.008230452674897117,0.006875,0.006870047274087678,True
Methyl acrylate,COC(=O)C=C,-0.22,0.6666666666666664,-6.611111111111109,48.166666666666664,0.0,0.0,-4.254504659460607,22.739739306651224,0.0,-0.028751380250190757,0.0,0,0.0,0.0,0.0,0.0,0.0,0.0,False
RTI 17,CCN2c1ccccc1N(C)C(=S)c3cccnc23,-4.706,-4.977508650519028,-236.5051903114187,-280.5951557093426,207.40484429065745,0.39931291868512203,-5.3372600749112955,36.54806792035515,0.0,0.1440725374114896,0.0,1,0.025517241379310343,0.017589394732251875,0.004913076341647772,0.0,0.0,0.0,True
Pentamethylbenzene,Cc1cc(C)c(C)c(C)c1C,-4.0,8.465020576131685,-49.58847736625509,89.40329218106999,0.0,0.0,-10.843835044577654,95.19474735048098,0.0,0.09386630329017687,0.0,0,0.0,0.0,0.0,0.0,0.0,0.0,False
Cyclooctyl-5-spirobarbituric acid,O=C2NC(=O)C1(CCCCCCC1)C(=O)N2,-2.982,1.359375,-25.125,-71.75,-19.3125,-0.5362308281250001,-10.061340721879473,42.89284601893919,0.0,0.18466081026232212,0.0,0,0.021825396825396828,0.030000000000000002,0.015625,0.02040816326530612,0.0,0.0,True
1-Tetradecanol,CCCCCCCCCCCCCCO,-5.84,-0.26074074074074044,0.8237037037037055,0.8059259259259276,0.7703703703703716,-0.011999051851851843,-0.5806136817518401,128.16236100774537,0.0,-0.026484178026162538,0.0,0,0.005555555555555555,0.0045351473922902496,0.00390625,0.003527336860670193,0.003333333333333334,0.003305785123966942,True
Isofenphos,CCOP(=S)(NC(C)C)Oc1ccccc1C(=O)OC(C)C,-4.194,-15.778827977315691,-561.0,-128.0,-42.0,0.33332634404536726,8.836990708468125,38.41315000757601,0.0,-0.030417632790548474,5.749511833283905,0,0.0324820788530466,0.017063857801184995,0.021701388888888888,0.009411171876157868,0.017142857142857144,0.0,True
"1,1,1,2-Tetrachloroethane",ClCC(Cl)(Cl)Cl,-2.18,0.0,0.0,0.0,0.0,0.0,0.0,0.0,0.0,-0.0762273794181923,0.0,0,0.0,0.0,0.0,0.0,0.0,0.0,False
cortisone acetate,CC(=O)OCC(=O)C3(O)CCC4C2CCC1=CC(=O)CCC1(C)C2C(=O)CC34C,-4.21,-2.750933639758687,69.29100833093939,28.8014938236139,-63.69204251651821,-1.81537901522551,-12.22770949945309,34.28701137102947,0.0,0.15296503202660522,0.0,0,0.034801587301587306,0.02912471655328798,0.017720629918634115,0.017111782984798853,0.010640817901234568,0.011113465658920204,True
p-t-Butylphenol,CC(C)(C)c1ccc(O)cc1,-2.41,-3.2384000000000004,-5.641599999999998,70.07039999999999,46.78559999999999,0.09749381760000032,-9.00936427583379,77.61182925046825,0.0,-0.04337250056575533,5.749511833283905,0,0.08854166666666667,0.0,0.0,0.0,0.0,0.0,False
phenothrin,CC(C)=CC3C(C(=O)OCc2cccc(Oc1ccccc1)c2)C3(C)C,-5.24,4.64940828402367,-130.508875739645,-153.43786982248517,-113.59763313609467,-0.2960131360946747,22.836617563226234,12.906479892251449,0.16666666666666666,0.1636236958193202,11.49902366656781,0,0.01790798611111111,0.019229024943310656,0.010685123408337693,0.013136609862800339,0.008913874191651969,0.01095149021074947,False
o-Chloroiodobenzene,Clc1ccccc1I,-3.54,0.0,-355.24999999999994,0.0,0.0,0.0,0.9997324299787385,101.05332405653158,0.0,-0.11434174068953486,0.0,0,0.0,0.0,0.0,0.0,0.0,0.0,False
6-hydroxyquinoline,Oc2ccc1ncccc1c2,-2.16,1.2037037037037046,0.2592592592592606,14.592592592592595,10.382716049382717,0.028711419753086366,-3.5791277653825095,81.21726630776982,0.0,-0.010384247768636928,5.749511833283905,0,0.020833333333333336,0.04,0.0,0.0,0.0,0.0,False
Phenol,c1ccccc1O,0.0,0.28994082840236696,14.449704142011838,8.100591715976332,0.0,0.0,4.469244351426257,67.39566814947273,0.0,-0.042772828203145916,5.749511833283905,0,0.0,0.0,0.0,0.0,0.0,0.0,False
1-Butyne,CCC#C,-1.24,0.0,12.0,0.0,0.0,0.0,2.6241180904555135,52.487646962002465,0.0,0.01968102435339174,12.343784214475903,0,0.0,0.0,0.0,0.0,0.0,0.0,False
1-Nitronapthalene,O=N(=O)c1cccc2ccccc12,-3.54,4.125,-32.0,-31.5,0.0,0.0,-4.580706941142182,16.62042755589717,0.0,-0.04451904469832295,0.0,0,0.02700617283950617,0.04,0.0,0.0,0.0,0.0,True
kebuzone,CC(=O)CCC1C(=O)N(N(C1=O)c2ccccc2)c3ccccc3,-3.27,-16.888888888888893,-57.34693877551019,-115.6235827664399,39.823129251700664,0.5683579319727902,20.749242653445084,22.681215612929954,0.0,0.1377886459259917,0.0,0,0.026058201058201058,0.01023033774913474,0.013165509259259259,0.01091794742588393,0.008068181818181822,0.012345679012345678,True
1-Phenylethanol,CC(O)c1ccccc1,-0.92,1.4709141274238218,-6.138504155124653,12.628808864265931,0.0,0.0,-1.931929224317208,65.25552518611026,0.0,0.012207284601364575,0.0,0,0.0625,0.0,0.0,0.0,0.0,0.0,False
Chrysene,c1ccc2c(c1)ccc3c4ccccc4ccc23,-8.057,-0.23999999999999977,-53.0,6.0,-14.0,-0.013280960000000825,-11.589854899511812,135.90937747953126,0.0,0.30663398295609295,0.0,0,0.019005847953216377,0.01673469387755102,0.006944444444444444,0.008062484252960446,0.0,0.0,True
2-Octanone,CCCCCCC(=O)C,-2.05,-1.3328,2.7647999999999944,2.355199999999999,-42.864,-0.2508351359999996,-0.33261027220024053,18.011673007538008,0.0,-0.017876450343420405,0.0,0,0.027777777777777776,0.0272108843537415,0.0,0.0,0.0,0.0,False
Lactose,OCC1OC(OC2C(O)C(O)C(O)OC2CO)C(O)C(O)C1O,-0.244,-2.1728395061728403,-43.21382716049383,22.938271604938265,-41.97037037037038,0.545778666666667,7.234417900402668,367.3137251451347,0.0,-0.14911931999247094,0.0,0,0.028703703703703703,0.024517945109078114,0.021090534979423863,0.014575459813555049,0.009652777777777777,0.0,False
"1,2,4,5-Tetrabromobenzene",Brc1cc(Br)c(Br)cc1Br,-6.98,0.0,1004.7499999999998,0.0,0.0,0.0,3.1123846158367448,58.92191325156985,0.0,0.16400896765359282,0.0,0,0.0,0.0,0.0,0.0,0.0,0.0,False
5-Allyl-5-methylbarbital,O=C1NC(=O)NC(=O)C1(C)CC=C,-1.16,3.219281663516069,13.31379962192816,-71.64839319470698,-24.28733459357278,-0.39968275236294787,-14.833620980955345,49.44844977083147,0.0,0.06919174022249455,0.0,0,0.020833333333333336,0.04040816326530613,0.0,0.0,0.0,0.0,True
p-Bromoiodobenzene,Brc1ccc(I)cc1,-4.56,0.0,1217.0,0.0,0.0,0.0,5.3137722863339905,82.8674229197673,0.0,0.02934212931728394,0.0,0,0.0,0.0,0.0,0.0,0.0,0.0,False
3-Ethyl-3-pentanol,CCC(O)(CC)CC,-0.85,1.6875,35.4375,82.6875,0.0,0.0,0.5621700214099942,31.592724909667645,0.0,-0.10353189087625611,0.0,0,0.0,0.0,0.0,0.0,0.0,0.0,False
hydrochlorothiazide,NS(=O)(=O)c2cc1c(NCNS1(=O)=O)cc2Cl,-2.63,-3.5968000000000013,161.49439999999996,-103.23519999999999,55.6768,-0.5465275199999992,-32.470139978409065,3.763205155387622,0.0,-0.16952687571056077,0.0,0,0.07161458333333333,0.011479591836734693,0.027777777777777776,0.0,0.0,0.0,True
Secobarbital,O=C1NC(=O)NC(=O)C1(C(C)CCC)CC=C,-2.356,-1.3306122448979567,-191.80897959183673,-89.00408163265307,5.999183673469375,-0.2039694987755101,-5.1880834529410835,31.753905720740235,0.0,-0.08695988482266691,0.0,0,0.030336257309941522,0.020259740259740262,0.014756944444444444,0.0,0.0,0.0,True
Butane,CCCC,-2.57,0.0,18.367346938775505,0.0,0.0,0.0,4.016507281309453,152.94361936729015,0.0,-0.024962646595916082,0.0,0,0.0,0.0,0.0,0.0,0.0,0.0,False
Ethylbenzene,CCc1ccccc1,-2.77,1.037037037037037,-0.9259259259259224,14.814814814814818,0.0,0.0,-0.20247824772033748,115.7591583950244,0.0,0.010992443578529635,0.0,0,0.0625,0.0,0.0,0.0,0.0,0.0,False
1-Methylnaphthalene,Cc1cccc2ccccc12,-3.7,4.097505668934241,-50.96371882086168,46.14512471655329,0.0,0.0,-11.144568042892638,89.61981926929309,0.0,0.057465141293984,0.0,0,0.020833333333333332,0.0,0.0,0.0,0.0,0.0,False
Quinoline,c1ccc2ncccc2c1,-1.3,1.6608996539792382,-16.0,21.0,0.0,0.0,-1.4949529411841915,150.5046925600044,0.0,0.0110344862524737,0.0,0,0.0,0.0,0.0,0.0,0.0,0.0,False
Diosgenin,C1C(O)CCC2(C)CC3CCC4(C)C5(C)CC6OCC(C)CC6OC5CC4C3C=C21,-7.32,-6.25925925925926,172.6944444444444,-131.41666666666666,4.916666666666644,0.09735199999999726,29.38822509015857,117.21069188754885,0.0,0.13096546325293115,0.0,1,0.0314795918367347,0.024945420028476502,0.020859440267335005,0.012605997260015116,0.010503556092324211,0.009214876033057852,False
diisooctyl phthalate,c1(C(=O)OCCCCCC(C)(C))c(C(=O)OCCCCCC(C)(C))cccc1,-6.637,-2.499540863177228,69.24517906336091,-40.86317722681357,-83.81818181818181,-2.0980080000000036,12.985496991948224,60.31623490151838,0.0,0.06999045202054266,0.0,0,0.021701388888888888,0.014518950437317782,0.009002057613168723,0.009167199643390118,0.0056018518518518535,0.0065384484576403775,False
Fructose,OCC1OC(O)(CO)C(O)C1O,0.64,6.25,-20.0,28.0,9.0,0.09241600000000016,-0.9848125197429748,0.0,0.0,0.008525128564790967,0.0,0,0.01111111111111111,0.0,0.0,0.0,0.0,0.0,False
"1,2-Diethoxyethane ",CCOCCOCC,-0.77,-1.4876033057851237,19.0,-18.0,12.0,0.21749117355371625,-0.40397499772165935,74.17055282256862,0.0,0.0011654241591336635,0.0,0,0.018518518518518517,0.020408163265306124,0.0,0.0,0.0,0.0,False
2-Chlorotoluene,Cc1ccccc1Cl,-3.52,0.8533333333333336,16.32000000000002,34.68000000000001,0.0,0.0,4.096321553499116,114.96016804660565,0.0,-0.04079899517737832,0.0,0,0.0,0.0,0.0,0.0,0.0,0.0,False
2-Butanone,CCC(=O)C,0.52,0.0,38.8224852071006,0.0,0.0,0.0,4.638687107816689,12.397808127390139,0.0,0.0430947432549737,0.0,0,0.0,0.0,0.0,0.0,0.0,0.0,False
Triazolam,Cc3nnc4CN=C(c1ccccc1Cl)c2cc(Cl)ccc2n34,-4.09,-6.49387755102041,-60.81795918367348,42.791836734693874,-233.90775510204082,-0.5774758024489792,-28.25333158056234,41.28453594916335,0.0,0.11466510975268063,5.687386274683562,1,0.022806267806267804,0.024388852315119593,0.012909149166913143,0.009397833207357017,0.0078125,0.0,True
p-Bromoacetanilide,CC(=O)Nc1ccc(Br)cc1,-3.083,-0.2437673130193903,84.86703601108032,-32.927977839335185,-404.15235457063704,-0.24563409972299155,-7.51519599229466,21.38325485053811,0.0,0.04315253248701354,0.0,0,0.028935185185185185,0.05387755102040817,0.0,0.0,0.0,0.0,False
Flucythrinate,CC(C)C(C(=O)OC(C#N)c1cccc(Oc2ccccc2)c1)c3ccc(OC(F)F)cc3,-6.876,-4.21938775510204,-230.32653061224488,-69.68367346938776,-184.28571428571433,-2.3930737678571425,4.646145570461893,8.223187860552708,0.0,-0.1150937336992869,23.31775681264399,0,0.021400226757369616,0.024761904761904756,0.009837962962962965,0.011245690688199396,0.0068585526315789475,0.007644722571770832,False
"2,4,6-Trichlorophenol",Oc1c(Cl)cc(Cl)cc1Cl,-2.34,0.5917159763313609,-23.79881656804734,-61.86390532544379,0.0,0.0,3.814148936585034,56.582622857955116,0.0,-0.034602990192258404,5.749511833283905,0,0.0,0.0,0.0,0.0,0.0,0.0,False
Fenitrothion,COP(=S)(OC)Oc1ccc(N(=O)=O)c(C)c1,-4.04,-0.8145065398335306,-261.7277051129608,14.366230677764554,128.52080856123663,3.5720882378121277,5.506607873975827,1.0622482389907373,0.0,0.12109967413259985,5.749511833283905,0,0.03657407407407408,0.0280690737833595,0.02700617283950617,0.012345679012345675,0.0,0.0,True
o-Nitroaniline,Nc1ccccc1N(=O)=O,-1.96,1.5625,-54.25,0.0,0.0,0.0,5.28985706450916,20.374672087825974,0.0,0.0027161903273123403,0.0,0,0.0625,0.0,0.0,0.0,0.0,0.0,False
Fenarimol,OC(c1ccc(Cl)cc1)(c2cncnc2)c3ccccc3Cl,-4.38,-0.8477508650519048,-61.0,-56.0,131.0,0.8171950242214534,-20.532706751952414,51.352351912701266,0.0,-0.09925954127714846,0.0,0,0.016264619883040933,0.014219881500987495,0.01986882716049383,0.009259259259259255,0.015625,0.0,True
eucalyptol,CC12CCC(CC1)C(C)(C)O2,-1.64,9.04280618311534,-44.73246135552907,173.84661117717002,0.0,0.0,-15.89146902766802,0.0,0.0,-0.17096703036796254,0.0,0,0.0,0.0,0.0,0.0,0.0,0.0,False
2-Heptanol,CCCCCC(C)O,-1.55,-0.625,1.4375,1.375,36.75,0.09540833333333275,-1.237276295580717,58.36172208762575,0.0,-0.012358748364009348,0.0,0,0.037037037037037035,0.0,0.0,0.0,0.0,0.0,False
2-Butoxyethanol,CCCCOCCO,-0.42,-0.9421487603305788,-15.0,-16.0,-4.0,-0.23240370247933878,2.6826229095357257,74.02559241244155,0.0,0.014111674999449163,0.0,0,0.018518518518518517,0.020408163265306124,0.0,0.0,0.0,0.0,False
Tetrafluthrin,Cc1c(F)c(F)c(COC(=O)C2C(C=C(Cl)C(F)(F)F)C2(C)C)c(F)c1F,-7.321,1.6674598453301614,-218.75669244497317,-253.34503271861976,-176.95776323616894,-2.7418125687091015,29.706667351503373,1.2880360725822846,0.16666666666666666,0.12338142087485773,0.0,0,0.03936868686868687,0.021895141895141895,0.02083569538926681,0.014660493827160493,0.013707561728395063,0.01218753188450158,True
3-Pentanol,CCC(O)CC,-0.24,0.4444444444444448,22.51851851851852,28.444444444444443,0.0,0.0,0.9937425423456411,48.42097221151323,0.0,-0.0453189664146239,0.0,0,0.0,0.0,0.0,0.0,0.0,0.0,False
isoguanine,Nc1nc(O)nc2nc[nH]c12,-3.401,3.65625,-71.703125,23.25,0.0,0.0,1.185083324862822,57.44803902967762,0.0,-0.08538520946231039,6.010464839586836,0,0.04000000000000001,0.0,0.0,0.0,0.0,0.0,False
Stirofos,COP(=O)(OC)OC(=CCl)c1cc(Cl)c(Cl)cc1Cl,-4.522,-3.4132653061224496,242.28571428571442,395.12244897959187,-84.36734693877554,1.4538859145408147,-11.652972432185956,0.0,0.0,-0.07455860972520349,0.0,0,0.033888888888888885,0.020408163265306124,0.019345238095238092,0.01288557751142785,0.0,0.0,False
"1,2,4-Trichlorobenzene",Clc1ccc(Cl)c(Cl)c1,-3.59,0.0,70.75,0.0,0.0,0.0,3.168078471566439,83.4803192872681,0.0,-0.10070609291135642,0.0,0,0.0,0.0,0.0,0.0,0.0,0.0,False
Methyl hexanoate,CCCCCC(=O)OC,-1.87,-1.455576559546313,2.177693761814742,0.24196597353497565,-9.448015122873345,0.10394091493383674,-0.8090844413142845,14.831118718033721,0.0,-0.06659436846102135,0.0,0,0.027777777777777776,0.01360544217687075,0.0,0.0,0.0,0.0,False
Ethyl acetate,CCOC(=O)C,-0.04,0.734693877551021,-35.3877551020408,53.08163265306121,0.0,0.0,-2.6552644051886944,15.937596267280513,0.0,0.05459787545509075,0.0,0,0.0,0.0,0.0,0.0,0.0,0.0,False
isocarbamid,C1N(C(=O)NCC(C)C)C(=O)NC1,-2.15,-6.164540816326531,-54.36734693877551,-122.97959183673473,-96.9795918367347,-0.8557990255102035,-6.247100344482011,51.29092978750197,0.0,-0.02496055535353028,0.0,0,0.02123456790123457,0.027048914804016843,0.013605442176870744,0.0,0.0,0.0,True
p-Toluenesulfonamide,Cc1ccc(cc1)S(=O)(=O)N,-1.74,-3.52,75.25,-68.0,73.5,0.260708415,6.206289358883264,2.9558995379795365,0.0,-0.03839262180097026,0.0,0,0.08854166666666667,0.0,0.0,0.0,0.0,0.0,True
Estradiol,CC12CCC3C(CCc4cc(O)ccc34)C2CCC1O,-5.03,4.950413223140491,42.280991735537185,80.29752066115705,-39.842975206611584,-0.18357609917355416,-1.8993771813831335,124.25675024184112,0.0,-0.06893101200824281,5.749511833283905,0,0.03015151515151516,0.030204081632653063,0.019244850718065,0.019543200878234888,0.01507908950617284,0.0,True
Hexestrol,CCC(C(CC)c1ccc(O)cc1)c2ccc(O)cc2,-4.43,-0.8027210884353777,-59.412698412698425,-29.75510204081633,-8.603174603174605,-0.635582857142857,-20.33615901874392,134.5010720370691,0.0,0.13080368817733815,11.49902366656781,0,0.023662551440329218,0.02018552875695733,0.018229166666666664,0.013101536911060715,0.008000000000000002,0.020610141822263034,True
p-Xylene,Cc1ccc(C)cc1,-2.77,1.1851851851851851,39.814814814814824,-37.03703703703704,0.0,0.0,8.706564651974318,116.93163962279075,0.0,-0.04171347531261338,0.0,0,0.0,0.0,0.0,0.0,0.0,0.0,False
Cyanazine,CCNc1nc(Cl)nc(NC(C)(C)C#N)n1,-3.15,-16.97384066587396,-206.6991676575505,-89.2473246135553,21.379310344827605,0.42525631034482536,33.660982927700445,37.52912700428297,0.0,-0.00582996255696025,6.069221312792274,0,0.04166666666666666,0.02291156462585034,0.01736111111111111,0.006172839506172837,0.0,0.0,True
Diphenylamine,N(c1ccccc1)c2ccccc2,-3.504,-2.0,6.625,-25.5,16.0625,0.043664784722222225,10.366790501264967,79.04636084900835,0.0,-0.1319003958263739,0.0,0,0.0013888888888888896,0.009795918367346938,0.012152777777777776,0.0,0.0,0.0,True
fluconazole,OC(Cn1cncn1)(Cn2cncn2)c3ccc(F)cc3F,-1.8,-1.4740484429065752,-78.39100346020761,100.8892733564014,-20.349480968858114,0.11934539792387526,2.422596350076529,133.42017225136814,0.0,-0.06870006033164996,0.0,0,0.029828431372549022,0.00895210609496324,0.012760552939124363,0.009824840429999156,0.012345679012345678,0.0,True
"2,2-Dimethylbutane",CCC(C)(C)C,-3.55,0.0,60.75,0.0,0.0,0.0,13.284597832931066,174.93772562663654,0.0,0.047429591781189696,0.0,0,0.0,0.0,0.0,0.0,0.0,0.0,False
Niridazole,O=C1NCCN1c2ncc(s2)N(=O)=O,-3.22,-6.3999999999999995,-162.0,5.0,-67.5,-1.4822884649999986,-13.905627911073568,33.737200130840485,0.0,0.14842457662316383,0.0,0,0.03022222222222222,0.027048914804016846,0.013605442176870744,0.0,0.0,0.0,True
bromopropylate,CC(C)OC(=O)C(O)(c1ccc(Br)cc1)c2ccc(Br)cc2,-4.93,-13.42936288088643,-58.25484764542941,156.01385041551248,134.0166204986149,0.9211152548476468,9.47355295653001,3.3527043528623093,0.0,-0.11623155871149443,0.0,0,0.027369281045751634,0.025632653061224493,0.016098484848484845,0.020889163746306595,0.008541666666666668,0.0,True
2-Nitropropane,CC(C)N(=O)=O,-0.62,0.0,0.0,0.0,0.0,0.0,0.0,0.9643198083860133,0.0,-0.0380507038723323,0.0,0,0.0,0.0,0.0,0.0,0.0,0.0,False
"2,3-Dimethylnaphthalene",Cc1cc2ccccc2cc1C,-4.72,-0.9722222222222234,31.25,-50.0,37.5,0.03557399999999996,6.8336408605611805,120.73581111174624,0.0,0.0643285063153925,0.0,0,0.027777777777777783,0.04,0.0,0.0,0.0,0.0,False
2-Nonanone,CCCCCCCC(=O)C,-2.58,-0.2857142857142854,2.61224489795919,2.2857142857142927,1.632653061224492,-0.05593730612244882,-0.2937489776996684,19.31975081093196,0.0,-0.026948535283485914,0.0,0,0.02222222222222222,0.020408163265306124,0.020833333333333332,0.0,0.0,0.0,False
triamcinolone diacetate,CC(=O)OCC(=O)C3(O)C(CC4C2CCC1=CC(=O)C=CC1(C)C2(F)C(O)CC34C)OC(C)=O,-4.13,-5.295857988165679,-18.478106508875765,124.66295857988166,-30.40189349112422,-1.4016268799999998,-25.05343412306818,83.59253285131014,0.0,0.026838947133991858,0.0,0,0.03934920634920634,0.02659863945578231,0.019838645334677083,0.015849020384167772,0.010873275236020335,0.009041837324665607,True
Cyclopentene,C1CC=CC1,-2.1,0.0,0.0,0.0,0.0,0.0,0.0,121.00255961304747,0.0,-0.022322745391152424,0.0,0,0.0,0.0,0.0,0.0,0.0,0.0,False
norbormide,OC(C1=CC2C5C(C1C2=C(c3ccccc3)c4ccccn4)C(=O)NC5=O)(c6ccccc6)c7ccccn7,-3.931,-23.942626953125,-110.00390625,-126.70703125,59.7421875,-0.7712395957031235,3.008585921410131,56.5599194302891,0.0,-0.21233451576290532,0.0,0,0.02379928315412187,0.020647415428756536,0.015047820203350158,0.008263158064745365,0.0037931034482758625,0.0026467887430454266,False
brompyrazone,c1ccccc1n2ncc(N)c(Br)c2(=O),-3.127,-4.119092627599243,-30.841209829867672,-256.6408317580341,-44.17769376181477,0.028737801512286998,12.718768781604394,23.55207906314982,0.0,-0.06750865203952859,5.687386274683562,0,0.029914529914529916,0.02467120181405896,0.018663194444444444,0.02040816326530612,0.0,0.0,True
4-methoxypteridine,COc1ncnc2nccnc12,-1.11,0.6049382716049367,-95.1111111111111,-45.88888888888888,40.33333333333334,0.19152133333333288,-7.944007166755521,47.46167742353631,0.0,-0.15613677759798875,5.879988336435371,0,0.02546296296296296,0.04,0.0,0.0,0.0,0.0,False
o-Chloronitrobenzene,Clc1ccccc1N(=O)=O,-2.55,1.020408163265306,-78.83673469387753,-21.551020408163264,0.0,0.0,4.349588223663292,14.951915107369421,0.0,-0.0015452381193711054,0.0,0,0.0625,0.0,0.0,0.0,0.0,0.0,False
Cyclooctane,C1CCCCCCC1,-4.15,1.7777777777777777,-1.0534782922554263e-14,44.44444444444444,0.0,0.0,-2.246100931421324e-14,308.013739823788,0.0,0.09959335054465654,0.0,0,0.0,0.0,0.0,0.0,0.0,0.0,False
Piperophos,CCCOP(=S)(OCCC)SCC(=O)N1CCCCC1C,-4.15,-2.0612244897959178,-270.28404831320273,-490.00791336942945,-385.4977092877968,-2.1313458671386964,-7.11954298084424,0.0,0.0,0.2692583475126922,0.0,0,0.021666666666666664,0.02231292517006802,0.012231691919191916,0.007516586881666246,0.007604166666666667,0.0051525354555657585,True
2-butenal,CC=CC=O,0.32,0.0,-15.396694214876025,0.0,0.0,0.0,4.369125056398875,67.37474836152381,0.0,-0.07001194812484687,0.0,0,0.0,0.0,0.0,0.0,0.0,0.0,False
Ethyl butyrate,CCCCCOC(=O)CC,-1.28,-1.745562130177515,-23.230769230769237,-8.863905325443787,-39.70414201183434,-0.22619678106508928,-3.791927341460766,12.384627089910452,0.0,-0.004671466807419111,0.0,0,0.02222222222222222,0.020408163265306124,0.010416666666666666,0.0,0.0,0.0,False
Methyl benzoate,COC(=O)c1ccccc1,-1.85,0.8024691358024695,-60.0,-14.0,27.0,0.1042845925925923,-4.973688484793865,25.357149097934567,0.0,0.07389724372572236,0.0,0,0.03819444444444445,0.04,0.0,0.0,0.0,0.0,False
Propoxur,CNC(=O)Oc1ccccc1OC(C)C,-2.05,-10.0,-63.648888888888905,-160.60000000000002,-70.63111111111111,-0.902074764444445,-13.216295589382053,16.23136194413249,0.0,0.0006691644395860548,11.49902366656781,0,0.02042483660130719,0.031243042671614096,0.015046296296296294,0.0,0.0,0.0,True
phthalimide,O=C1NC(=O)c2ccccc12,-2.61,2.640625,-34.0625,3.75,0.0,0.0,4.98607268604646,38.43333777868872,0.0,0.055614309551822796,0.0,0,0.0625,0.0,0.0,0.0,0.0,0.0,False
1-Octene,CCCCCCC=C,-4.44,-0.625,-2.6151920135614792e-15,-3.4046839421838127e-15,-8.333333333333337,-0.00790533333333346,-5.4940525857318725e-15,168.03942390215087,0.0,0.04345347937537501,0.0,0,0.018518518518518517,0.020408163265306124,0.0,0.0,0.0,0.0,False
Sucrose,OCC2OC(OC1(CO)OC(CO)C(O)C1O)C(O)C(O)C2O,0.79,-5.604938271604939,-31.87456790123457,-5.453827160493829,-66.5925925925926,0.14136800000000127,6.939259162523629,0.0,0.0,-0.11596572221184462,0.0,0,0.030607638888888886,0.024521541950113374,0.02026643990929705,0.014065811509789099,0.007946428571428571,0.0,False
RTI 12,CCN2c1nc(Cl)ccc1N(C)C(=O)c3cccnc23,-4.114,-10.107438016528926,-172.10743801652893,-155.97520661157023,167.99173553719012,0.5594674618916418,0.5074667210286726,48.99929634688978,0.0,-0.05700190565106111,0.0,1,0.02973958333333333,0.02259259259259259,0.007812499999999999,0.02040816326530612,0.0,0.0,True
p-Chloronitrobenzene,Clc1ccc(cc1)N(=O)=O,-2.92,1.020408163265306,17.16326530612245,51.591836734693864,0.0,0.0,3.759363624522292,16.461807009931363,0.0,-0.022874757280599355,0.0,0,0.07870370370370372,0.0,0.0,0.0,0.0,0.0,False
Primidone,CCC1(C(=O)NCNC1=O)c2ccccc2,-2.64,3.5200000000000036,-240.99555555555543,-12.675555555555558,55.61333333333334,0.2775026133333321,-5.579452065211489,7.703405630022123,0.0,0.005624929313255444,0.0,0,0.021701388888888888,0.028338192419825076,0.0,0.0,0.0,0.0,True
Fluvalinate,CC(C)C(Nc1ccc(cc1Cl)C(F)(F)F)C(=O)OC(C#N)c2cccc(Oc3ccccc3)c2,-8.003,-10.814404432132958,11.289012003693458,-7.32440751000309,48.424438288704216,-0.6907014416743611,18.055690984294134,0.9892543616501708,0.0,-0.19199692280208464,17.568244979360085,0,0.026748971193415638,0.01717425431711146,0.015509259259259259,0.013443072702331962,0.006263586956521741,0.00892601479111743,False
Estrone,CC12CCC3C(CCc4cc(O)ccc34)C2CCC1=O,-3.955,6.167800453514742,22.2448979591837,86.49433106575964,-31.43990929705215,-0.21928824489795926,-4.410808347789295,114.05301805371309,0.0,-0.22419271133028262,5.749511833283905,0,0.03015151515151516,0.030204081632653063,0.019244850718065,0.019543200878234888,0.01507908950617284,0.0,True
D-fenchone,CC2(C)C1CCC(C)(C1)C2=O,-1.85,6.954732510288063,-7.7407407407407405,133.7037037037037,0.0,0.0,-1.8001823809918986,0.0,0.0,-0.0253016098316618,0.0,0,0.0,0.0,0.0,0.0,0.0,0.0,False
Diethyl phthalate,CCOC(=O)c1ccccc1C(=O)OCC,-2.35,-12.711111111111117,-125.03999999999998,-127.37777777777772,-69.68,-1.3086435200000002,7.736291283791749,33.348072626583914,0.0,0.07666404293239333,0.0,0,0.026234567901234566,0.020272108843537417,0.01240079365079365,0.012345679012345675,0.0,0.0,True
3-Methyl-1-Butene,CC(C)C=C,-2.73,0.0,33.33333333333333,0.0,0.0,0.0,7.289216917931982,111.67311981342785,0.0,-0.0652061617309062,0.0,0,0.0,0.0,0.0,0.0,0.0,0.0,False
"2,3,4,5-Tetrachlorophenol",Oc1cc(Cl)c(Cl)c(Cl)c1Cl,-3.15,0.715976331360947,-108.9112426035503,-63.946745562130175,0.0,0.0,2.3274543190100108,69.2694927053117,0.0,-0.07693709338476401,5.749511833283905,0,0.0,0.0,0.0,0.0,0.0,0.0,False
Hypoxanthine,O=c1[nH]cnc2nc[nH]c12,-2.296,2.2040816326530615,-36.0,48.0,0.0,0.0,-0.809335840479998,43.89328654366536,0.0,-0.13656717232114204,0.0,0,0.0,0.0,0.0,0.0,0.0,0.0,False
7-methylpteridine,Cc2cnc1cncnc1n2,-0.854,-0.44982698961937756,-56.28027681660899,-49.21107266435986,0.0,0.0,7.06440962663879,45.99318850791084,0.0,-0.10911719957976211,0.0,0,0.020833333333333336,0.04,0.0,0.0,0.0,0.0,False
1-Heptyne,CCCCCC#C,-3.01,-0.01385041551246563,2.493074792243767,2.2160664819944587,10.180055401662049,0.009657207756232548,0.5451768885987983,83.4431079259125,0.0,-0.05438761464617722,12.343784214475903,0,0.027777777777777776,0.0,0.0,0.0,0.0,0.0,False
Dichloromethane,ClCCl,-0.63,0.0,0.0,0.0,0.0,0.0,0.0,18.661162747456682,0.0,-0.015053675109405272,0.0,0,0.0,0.0,0.0,0.0,0.0,0.0,False
4-Chloroanisole,COc1ccc(Cl)cc1,-2.78,-0.2109375,108.90625,80.90625,0.0,0.0,0.26329506096132665,41.46824802193612,0.0,-0.04379578621708067,5.749511833283905,0,0.05902777777777778,0.0,0.0,0.0,0.0,0.0,False
"2,4-Dichlorophenol ",Oc1ccc(Cl)cc1Cl,-1.55,0.4792899408284023,47.49112426035502,-56.75147928994083,0.0,0.0,4.061355495945762,65.22392716320209,0.0,-0.026080113463527226,5.749511833283905,0,0.0,0.0,0.0,0.0,0.0,0.0,False
Benzophenone,O=C(c1ccccc1)c2ccccc2,-3.12,-1.777777777777777,-40.0,-64.0,28.0,0.1041885555555548,2.6562197356012756,25.425668403532043,0.0,0.13060633922461795,0.0,0,0.011574074074074073,0.009795918367346938,0.012152777777777776,0.0,0.0,0.0,True
5-Allyl-5-ethylbarbital,O=C1NC(=O)NC(=O)C1(CC)CC=C,-1.614,3.810650887573967,-112.0,-43.0,-24.0,-0.37315010650887565,-2.0348257905164266,34.84258564410862,0.0,-0.005194395306103342,0.0,0,0.02932098765432099,0.026938775510204085,0.0,0.0,0.0,0.0,True
Erythritol,OCC(O)C(O)CO,0.7,0.8888888888888885,6.3333333333333215,19.55555555555555,0.0,0.0,4.0631341145532565,123.08832540040925,0.0,-0.03922961954218453,0.0,0,0.0,0.0,0.0,0.0,0.0,0.0,False
"2,2',3,4,5,5'-PCB",Clc1ccc(Cl)c(c1)c2cc(Cl)c(Cl)c(Cl)c2Cl,-7.68,-2.3140495867768585,83.00826446280992,-44.13223140495871,-113.9504132231405,-0.27221861983471085,-0.9424043917467846,42.2769472987437,0.0,-0.16080235817030006,11.126902983393991,0,0.03156565656565656,0.0251140456182473,0.017939814814814815,0.01020408163265306,0.0,0.0,False
Eicosane,CCCCCCCCCCCCCCCCCCCC,-8.172,-0.24973985431841847,-1.1706555671175847,-1.1966701352757532,-1.2486992715920922,-0.0011845660770025972,-0.2559948709471433,221.86485124205342,0.0,-0.14774826656138487,0.0,0,0.0037037037037037034,0.002915451895043732,0.002403846153846154,0.002057613168724279,0.0018181818181818186,0.001652892561983471,False
Meprobamate,CCCC(C)(COC(N)=O)COC(N)=O,-1.807,1.7557392102846676,56.88705234159778,-186.84756657483928,-56.57392102846648,0.4395805913682266,-46.18472372563599,31.988744569981545,0.0,0.06788420838910444,0.0,0,0.021604938271604937,0.02226345083487941,0.015625,0.0,0.0,0.0,True
indazole,c2ccc1[nH]ncc1c2,-2.16,1.0755555555555558,4.595555555555573,19.63555555555556,0.0,0.0,6.206775307186508,90.18121130317651,0.0,-0.017671578103920046,0.0,0,0.0,0.0,0.0,0.0,0.0,0.0,False
Linuron,CON(C)C(=O)Nc1ccc(Cl)c(Cl)c1,-3.592,-3.8,69.27360000000003,-1.8879999999999966,25.574400000000026,0.7728794399999973,11.611564298180632,27.599703282700066,0.0,0.09151783010353665,0.0,0,0.02835648148148148,0.025825602968460114,0.020616319444444444,0.011274880322499369,0.0,0.0,True
"7,12-Dimethylbenz(a)anthracene",Cc1c2ccccc2c(C)c3ccc4ccccc4c13,-7.02,1.339506172839511,-159.8765432098765,-68.82716049382717,19.753086419753078,0.018738567901233676,-34.96124410637752,136.17101449353126,0.0,0.19818111219955453,0.0,0,0.02726337448559671,0.015462184873949581,0.008333333333333331,0.008062484252960446,0.0,0.0,False
Abate,COP(=S)(OC)Oc1ccc(Sc2ccc(OP(=S)(OC)OC)cc2)cc1,-6.237,5.712992304210046,-348.42915346310537,192.9062924400181,487.2521502942506,0.32541990267089416,-26.96752086893211,0.3185381336040836,0.0,0.23191443716666432,11.49902366656781,0,0.012254901960784315,0.027943485086342233,0.01736111111111111,0.01299545159194282,0.010511363636363636,0.004675654214521144,False
"1,4-Difluorobenzene",Fc1ccc(F)cc1,-1.97,0.0,46.75,0.0,0.0,0.0,19.54041113844899,32.39448629049145,0.0,-0.021760400433806875,0.0,0,0.0,0.0,0.0,0.0,0.0,0.0,False
Ioxynil,Oc1c(I)cc(C#N)cc1I,-3.61,0.44897959183673497,-942.6734693877552,82.32653061224491,0.0,0.0,-12.499264367628314,56.904905810364895,0.0,-0.02749583290260874,11.818733146076179,0,0.02951388888888889,0.0,0.0,0.0,0.0,0.0,False
Methaqualone,Cc1ccccc1n3c(C)nc2ccccc2c3=O,-2.925,-2.5996326905417804,-119.0,-191.0,5.0,0.23401111111111267,-6.264523035265085,15.781590335429295,0.0,0.06896930086135443,5.687386274683562,0,0.024722222222222225,0.02142857142857143,0.007465277777777778,0.010531620055429581,0.0,0.0,True
6-methoxypteridine,COc2cnc1ncncc1n2,-1.139,-2.9753086419753094,-16.333333333333325,-10.111111111111107,-19.55555555555555,0.09971911111111079,6.252690119368258,46.66443497959836,0.0,-0.06169015662430435,5.879988336435371,0,0.02430555555555556,0.020136054421768707,0.027777777777777776,0.0,0.0,0.0,False
4-Chlorotoluene,Cc1ccc(Cl)cc1,-3.08,0.8533333333333336,96.32000000000002,-128.52,0.0,0.0,5.571252553758114,114.77537726774986,0.0,-0.02254400371711899,0.0,0,0.0,0.0,0.0,0.0,0.0,0.0,False
3-Chloroanisole,COc1cccc(Cl)c1,-2.78,1.4765625,18.90625,-115.09375,0.0,0.0,1.0812148059431377,40.154198141781364,0.0,0.005844010992593379,5.749511833283905,0,0.03125,0.0,0.0,0.0,0.0,0.0,False
butacarb,c1(C(C)(C)C)cc(C(C)(C)C)cc(OC(=O)NC)c1,-4.24,-33.39462809917355,120.16528925619826,-315.9504132231404,23.14049586776868,-1.9514400743801634,-0.8590186326231073,25.70133899879217,0.0,0.1382703582358745,5.749511833283905,0,0.04912551440329218,0.025661047027506656,0.014351851851851852,0.0,0.0,0.0,True
"2,3-Dichlorophenol",Oc1cccc(Cl)c1Cl,-1.3,0.4792899408284023,-149.4319526627219,28.17159763313609,0.0,0.0,3.332718636205916,65.55891774449243,0.0,-0.03649602830729257,5.749511833283905,0,0.0,0.0,0.0,0.0,0.0,0.0,False
Azodrin,CNC(=O)C=C(C)OP(=O)(OC)OC,0.651,0.22448979591836782,-168.5357142857143,3.841836734693888,-241.35204081632645,-3.481575141581631,-2.1283395281572948,0.6920773389622833,0.0,0.2633027980792059,0.0,0,0.030303030303030297,0.022675736961451243,0.008928571428571428,0.0,0.0,0.0,True
d-inositol,OC1C(O)C(O)C(O)C(O)C1O,0.35,4.5,-15.0,36.0,0.0,0.0,8.26913498737503,171.72059053028778,0.0,0.18623163995971972,0.0,0,0.0,0.0,0.0,0.0,0.0,0.0,False
isophorone,CC1=CC(=O)CC(C)(C)C1,-1.06,5.208333333333335,-268.6666666666666,140.83333333333331,0.0,0.0,-23.390927096293304,12.85698213088757,0.0,-0.05698196720541604,0.0,0,0.0,0.0,0.0,0.0,0.0,0.0,False
m-Nitrotoluene,Cc1cccc(c1)N(=O)=O,-2.44,3.806228373702421,-14.53287197231834,-66.03806228373702,0.0,0.0,1.1319046376010333,18.057218403736886,0.0,0.08758505373834062,0.0,0,0.03125,0.0,0.0,0.0,0.0,0.0,False
Butylbenzene,CCCCc1ccccc1,-4.06,-1.7083333333333324,2.6041666666666705,-34.37499999999999,10.416666666666671,0.009881666666666518,0.5694700717134152,145.1862475212724,0.0,-0.02906092906993208,0.0,0,0.018055555555555554,0.020136054421768707,0.027777777777777776,0.0,0.0,0.0,False
4-Methylpentanol,CC(C)CCCO,-1.14,1.190476190476191,11.60544217687075,-26.42857142857143,0.0,0.0,-6.978784019600325,62.935982923600704,0.0,-0.08287292402353266,0.0,0,0.0,0.0,0.0,0.0,0.0,0.0,False
Pentylbenzene,CCCCCc1ccccc1,-4.64,-2.341563786008231,2.8806584362139915,1.6460905349794268,-7.818930041152254,-0.007417349794238845,0.6299323262410745,131.18539815136066,0.0,-0.08753058945593852,0.0,0,0.015046296296296297,0.012081632653061225,0.014467592592592591,0.02040816326530612,0.0,0.0,False
"9,10-Dimethylanthracene",Cc1c2ccccc2c(C)c3ccccc13,-6.57,7.777777777777782,-154.77777777777783,-18.8888888888889,17.777777777777775,0.016864711111110514,-33.84626388893084,118.72497823776817,0.0,0.09110616453166193,0.0,0,0.024074074074074074,0.013061224489795917,0.0,0.0,0.0,0.0,True
Tricyclazole,Cc2cccc3sc1nncn1c23,-2.07,4.272500000000002,-201.76999999999995,33.510000000000026,0.0,0.0,-38.248686860194354,36.814323694958354,0.0,-0.04860571725719189,0.0,1,0.024841269841269845,0.0,0.0,0.0,0.0,0.0,True
"2',3,4-PCB",Clc1ccc(cc1)c2cccc(Cl)c2Cl,-6.29,-0.008264462809917453,-122.08264462809915,-121.22314049586772,117.32231404958675,0.38143854958677664,-1.8304490969674168,50.27819799784691,0.0,0.03493073145832812,11.126902983393991,0,0.029914529914529916,0.029024943310657598,0.021180555555555557,0.01020408163265306,0.0,0.0,True
1-Butanol,CCCCO,0.0,0.11999999999999994,-7.920000000000002,9.719999999999999,0.0,0.0,3.2273704068833124,52.14156973988187,0.0,-0.011633872355479271,0.0,0,0.0,0.0,0.0,0.0,0.0,0.0,False
"O,P'-DDD",ClC(Cl)C(c1ccc(Cl)cc1)c2ccccc2Cl,-6.51,-0.040816326530614046,56.653061224489804,-428.8979591836737,208.2091836734694,0.567192632653061,0.956290847941409,2.053095740281709,0.0,-0.08615162177706658,0.0,0,0.01888888888888889,0.026377551020408167,0.01890432098765432,0.009259259259259255,0.015625,0.0,False
"N,N-Diethylaniline",CCN(CC)c1ccccc1,-3.03,1.0251479289940841,-66.04733727810653,15.869822485207083,27.834319526627215,0.040723349112425714,-12.28956653837393,93.0718059511848,0.0,0.03671562974462008,0.0,0,0.030092592592592594,0.04,0.0,0.0,0.0,0.0,False
benzoin,OC(C(=O)c1ccccc1)c2ccccc2,-2.85,-1.086734693877552,-20.0,-61.0,1.0,0.2074978775510192,6.853003873154013,65.12050764314901,0.0,-0.08806300270535082,0.0,0,0.022569444444444444,0.006802721088435374,0.006076388888888888,0.008062484252960446,0.0,0.0,True
p-Methoxybenzaldehyde,COc1ccc(C=O)cc1,-1.49,-1.296296296296296,32.0,44.0,-9.0,-0.3854428148148145,-0.25517087000279426,122.71431038327054,0.0,0.043723057801009706,5.749511833283905,0,0.060185185185185196,0.020408163265306124,0.0,0.0,0.0,0.0,False
N-Ethylaniline,CCNc1ccccc1,-1.7,0.15749999999999964,-37.47,-2.830000000000007,15.869999999999997,0.025226669999999694,-5.0794963081141855,65.58679482839578,0.0,-0.050067026432008596,0.0,0,0.030092592592592594,0.04,0.0,0.0,0.0,0.0,False
TEFLUBENZURON,Fc1cccc(F)c1C(=O)NC(=O)Nc2cc(Cl)c(F)c(Cl)c2F,-7.28,2.5777777777777793,-237.55555555555554,116.44444444444446,61.8888888888889,-0.7841708800000005,6.031184472575305,30.849385464504035,0.0,-0.011347875719893452,0.0,0,0.035277777777777776,0.015477551020408164,0.016617063492063492,0.01215098834146453,0.011875000000000002,0.008984677433875295,True
1-Chloropentane,CCCCCCl,-2.73,0.4982698961937718,-3.418685121107264,-63.4152249134948,0.0,0.0,-0.6088374243249345,61.14707933667029,0.0,0.028539835331562475,0.0,0,0.0,0.0,0.0,0.0,0.0,0.0,False
mannitol,OCC(O)C(O)C(O)C(O)CO,0.06,1.3017751479289936,-11.78698224852071,-12.639053254437876,22.57988165680473,0.03393287573964476,-0.9294355871877459,114.72410263800425,0.0,-0.1322136762898743,0.0,0,0.020833333333333332,0.010204081632653062,0.0,0.0,0.0,0.0,False
Diuron,CN(C)C(=O)Nc1ccc(Cl)c(Cl)c1,-3.8,-3.9722222222222214,11.0,-51.0,-192.0,-0.5815967499999999,3.7850958384719884,33.95711378765913,0.0,0.10384710311467635,0.0,0,0.030934343434343432,0.03156462585034013,0.019675925925925927,0.0,0.0,0.0,True
Griseofulvin,COC1=CC(=O)CC(C)C13Oc2c(Cl)c(OC)cc(OC)c2C3=O,-3.246,-23.57168352171326,-207.59250446162997,-222.92980368828086,-159.6591314693634,-0.8763054205829851,-15.265917376038223,0.0,0.0,0.18178792209887837,17.248535499851716,0,0.03854861111111112,0.023120748299319725,0.0171957671957672,0.013207173301419328,0.008906250000000001,0.0,True
"1,1,2-Trichlorotrifluoroethane",FC(F)(Cl)C(F)(Cl)Cl,-3.04,0.0,0.0,0.0,0.0,0.0,0.0,0.1772126579451829,0.0,-0.023906151377502568,0.0,0,0.0,0.0,0.0,0.0,0.0,0.0,False
Chloroxuron,CN(C)C(=O)Nc2ccc(Oc1ccc(Cl)cc1)cc2,-4.89,-1.7126530612244903,93.67510204081631,-112.1534693877551,91.51183673469384,0.046071790204080816,11.469818012772956,33.24734809210261,0.0,0.221780073849663,11.49902366656781,0,0.016865079365079368,0.023721488595438177,0.020032051282051277,0.00897867564534231,0.014125000000000006,0.007846138149168453,True
1-Ethylnaphthalene,CCc1cccc2ccccc12,-4.17,2.673611111111109,-81.25,-6.25,18.75,0.01778699999999998,-17.767466237459256,68.72535107182478,0.0,-0.009102749487569041,0.0,0,0.02546296296296296,0.04,0.0,0.0,0.0,0.0,False
bupirimate,CCCCc1c(C)nc(NCC)nc1OS(=O)(=O)N(C)C,-4.16,-26.155555555555555,-34.56790123456789,-281.17283950617275,-320.61728395061715,-1.636460356543209,-9.457806949655094,3.912287102663653,0.0,-0.0897658540746862,5.879988336435371,0,0.0363425925925926,0.023727891156462587,0.018229166666666668,0.00949667616334283,0.003333333333333334,0.0,True
"2,7-dimethylquinoline",c2c(C)cc1nc(C)ccc1c2,-1.94,-5.716446124763704,-31.731568998109637,-47.92249527410207,105.51039697542532,0.14947871455576422,8.089584720517175,55.83769331835461,0.0,0.05058804351765477,0.0,0,0.03703703703703704,0.02666666666666667,0.0,0.0,0.0,0.0,False
Aniline,Nc1ccccc1,-0.41,0.5,18.367346938775515,13.22448979591837,0.0,0.0,4.3735301466816185,105.94150039049826,0.0,0.008016114186505737,0.0,0,0.0,0.0,0.0,0.0,0.0,0.0,False
RTI 20,C2c1ccccc1N(CCF)C(=O)c3ccccc23,-4.799,-6.593204775022954,-90.30211202938476,-47.49403122130395,51.3149678604224,-0.1983324150596877,-15.176753816156216,20.064116704543146,0.0,0.13667861656796812,0.0,1,0.01700396825396825,0.016766706682673063,0.012274254940071266,0.02040816326530612,0.0,0.0,True
"1,7-phenantroline",c1cnc2c(c1)ccc3ncccc23,-2.68,0.9504132231404949,-47.396694214876035,-5.975206611570266,20.82644628099173,0.05349828099173493,-13.328987487007984,218.67197903176563,0.0,-0.0022128012155254884,0.0,1,0.012500000000000002,0.019591836734693877,0.0,0.0,0.0,0.0,True
4-Heptanone,CCCC(=O)CCC,-1.3,0.3719008264462807,-92.66115702479337,8.859504132231406,32.80165289256198,0.08515785123966849,-3.687455531890203,14.983525773994856,0.0,-0.033817593979375414,0.0,0,0.027777777777777776,0.0,0.0,0.0,0.0,0.0,False
"3,3-Dimethyl-1-butanol",CC(C)(C)CCO,-0.5,0.5102040816326532,-44.29931972789115,27.938775510204085,0.0,0.0,8.789303820719397,62.318251836234666,0.0,0.1078704377886888,0.0,0,0.0,0.0,0.0,0.0,0.0,0.0,False
1-Pentyne,CCCC#C,-1.64,0.15976331360946755,-16.27218934911242,11.094674556213015,0.0,0.0,-3.5583455368602923,61.62060273774107,0.0,-0.024250634692449164,12.343784214475903,0,0.0,0.0,0.0,0.0,0.0,0.0,False
Carbazole,c1ccc2c(c1)[nH]c3ccccc32,-5.27,1.8760330578512394,-35.0,-9.0,27.0,0.03720557851239638,0.009824220449379417,100.35920428258716,0.0,0.01270129664315447,0.0,1,0.016904761904761912,0.008148148148148154,0.0,0.0,0.0,0.0,True
3-Methyl-2-pentanol,CCC(C)CCO,-0.71,0.8503401360544219,11.591836734693876,0.7551020408163273,0.0,0.0,4.910547932824867,62.71621769216995,0.0,0.12050515541622771,0.0,0,0.0,0.0,0.0,0.0,0.0,0.0,False
"2,2-Dimethylpentane",CCCC(C)(C)C,-4.36,1.2759924385633281,-53.59168241965972,62.52362948960302,0.0,0.0,-11.719241944614632,155.9081507030042,0.0,0.049744289330628154,0.0,0,0.0,0.0,0.0,0.0,0.0,0.0,False
1-Nonanol,CCCCCCCCCO,-3.01,-0.4533333333333334,1.1866666666666699,1.1466666666666687,1.0666666666666669,-0.03631999999999996,-0.938863673391627,53.71704105686243,0.0,-0.11291413130748208,0.0,0,0.01111111111111111,0.010204081632653062,0.010416666666666666,0.012345679012345675,0.0,0.0,False
methyltestosterone acetate,CC(=O)OC3(C)CCC4C2CCC1=CC(=O)CCC1(C)C2CCC34C,-5.284,6.087719298245608,42.842105263157904,17.94736842105261,-12.30963373345645,-0.5596844444444444,-13.770611952556834,11.37755121646065,0.0,0.1557909848063822,0.0,0,0.03388888888888889,0.030358612580834804,0.020677115543186967,0.017715419501133783,0.013630104463437796,0.006486218607430728,True
"1,3-Dichlorobenzene",Clc1cccc(Cl)c1,-3.04,0.0,-85.24999999999999,0.0,0.0,0.0,3.2632377559649925,81.25648242998557,0.0,-0.04029733026754141,0.0,0,0.0,0.0,0.0,0.0,0.0,0.0,False
ampyrone,Cc2c(N)c(=O)n(c1ccccc1)n2C,-0.624,-1.8545918367346934,-59.081632653061206,-60.40816326530612,60.408163265306136,0.28228538775510276,9.598479731699426,30.350913640722258,0.0,0.15555112152310885,5.687386274683562,0,0.02829365079365079,0.022250566893424036,0.027777777777777776,0.0,0.0,0.0,True
Amitraz,CN(C=Nc1ccc(C)cc1C)C=Nc2ccc(C)cc2C,-5.47,-1.6799999999999993,-80.34469135802469,81.73925925925926,191.4775308641976,-0.2967070261728393,-54.547559381074045,145.9634687526729,0.0,0.005391536046055304,0.0,0,0.034027777777777775,0.011584062196307095,0.016710069444444444,0.011810279667422523,0.008203125,0.00659796619392579,True
Dinitramine,CCN(CC)c1c(cc(c(N)c1N(=O)=O)C(F)(F)F)N(=O)=O,-5.47,0.10938775510204055,20.741224489795936,4.208979591836738,-19.21959183673467,-3.8215632195918365,0.15866434502938756,1.0747407516429257,0.0,0.15245459982076306,0.0,0,0.054425064599483194,0.009282798833819241,0.0234375,0.0,0.0,0.0,True
Bromochloromethane,ClCBr,-0.89,0.0,0.0,0.0,0.0,0.0,0.0,18.29321891265801,0.0,0.030962647564182846,0.0,0,0.0,0.0,0.0,0.0,0.0,0.0,False
RTI 5,CCN2c1ccccc1N(C)C(=O)c3cccnc23,-3.324,-4.977508650519028,-235.9515570934256,-211.07266435986156,171.28027681660905,0.5550851833910061,-13.96693734344989,44.27814486145788,0.0,0.1603713443752593,0.0,1,0.025517241379310343,0.017589394732251875,0.004913076341647772,0.0,0.0,0.0,True
Triallate,CC(C)N(C(C)C)C(=O)SCC(Cl)=C(Cl)Cl,-4.88,4.6640625,-507.1953125,684.1640625,-707.609375,-2.2692324843750016,-35.65268035519888,5.030082334276016,0.0,0.08712140250051975,0.0,0,0.027777777777777776,0.027210884353741496,0.020833333333333332,0.0,0.0,0.0,True
Coumaphos,CCOP(=S)(OCC)Oc2ccc1oc(=O)c(Cl)c(C)c1c2,-5.382,-2.8891966759002776,-613.0360110803324,-49.75069252077562,365.781163434903,1.1448986696675933,2.6786185503757896,0.0,0.0,0.21739011814845802,5.749511833283905,0,0.02403846153846154,0.0285343228200371,0.01779513888888889,0.01762186356023891,0.010096153846153847,0.009624868210726795,True
1-Hexene-3-ol,CCCC(O)C=C,-0.59,1.0387811634349025,-24.40166204986149,8.199445983379496,0.0,0.0,0.6815014873069931,68.63259340837624,0.0,-0.04022384884037122,0.0,0,0.0,0.0,0.0,0.0,0.0,0.0,False
2-Ethyl pyridine,CCc1ccccn1,0.51,1.24567474048443,-15.432525951557098,21.564013840830444,0.0,0.0,-5.644868300996374,131.24923524676242,0.0,0.01458979434009091,0.0,0,0.0625,0.0,0.0,0.0,0.0,0.0,False
probarbital,CCC1(C(C)C)C(=O)NC(=O)NC1=O,-2.21,3.75,-329.16836734693885,216.6275510204081,0.0,0.0,21.421205007107826,33.714194704511456,0.0,0.09752788283967573,0.0,0,0.07083333333333333,0.0,0.0,0.0,0.0,0.0,True
Octane,CCCCCCCC,-5.24,-0.852071005917159,-3.1065088757396455,-3.2544378698224854,-3.550295857988168,-0.003367952662722235,-0.6793205115824037,193.57234566772505,0.0,-0.08210975315065756,0.0,0,0.018518518518518517,0.020408163265306124,0.0,0.0,0.0,0.0,False
Nitrazepam,O=C3CN=C(c1ccccc1)c2cc(ccc2N3)N(=O)=O,-3.796,-6.9609375,-38.48046875,12.46875,-26.46875,-0.47860434375000166,-6.965698003029137,36.82000940284668,0.0,0.09764325715933367,0.0,0,0.02565412186379928,0.01984650270364556,0.017088853085093687,0.008230452674897117,0.015625,0.0,True
Trichloroethylene,ClC=C(Cl)Cl,-1.96,0.0,0.0,0.0,0.0,0.0,0.0,12.114538631813065,0.0,0.011646513676187176,0.0,0,0.0,0.0,0.0,0.0,0.0,0.0,False
Dulcin,CCOc1ccc(NC(N)=O)cc1,-2.17,-0.2447999999999999,-42.44480000000001,9.932799999999993,-32.3472,-0.5158869631999996,-13.376693546082796,39.428529635891394,0.0,-0.041728683617478515,5.749511833283905,0,0.02932098765432099,0.0403265306122449,0.015625,0.016460905349794233,0.0,0.0,True
"1,1,2,2-Tetrachloroethane",ClC(Cl)C(Cl)Cl,-1.74,0.0,0.0,0.0,0.0,0.0,0.0,1.760700101639921,0.0,-0.06970414460501805,0.0,0,0.0,0.0,0.0,0.0,0.0,0.0,False
Permethrin,CC1(C)C(C=C(Cl)Cl)C1C(=O)OCc2cccc(Oc3ccccc3)c2,-6.291,3.463137996219282,-108.5349716446125,-406.21928166351614,-173.9338374291115,-0.6842622797731561,23.414877146504054,28.130861312056513,0.16666666666666666,0.061089831771096836,11.49902366656781,0,0.01790798611111111,0.019229024943310656,0.010685123408337693,0.013136609862800337,0.008913874191651969,0.010951490210749471,False
Dibromomethane,BrCBr,-1.17,0.0,0.0,0.0,0.0,0.0,0.0,20.63787005747361,0.0,0.05338690354857057,0.0,0,0.0,0.0,0.0,0.0,0.0,0.0,False
Amobarbital,CCC1(CCC(C)C)C(=O)NC(=O)NC1=O,-2.468,-8.761245674740485,-62.80622837370244,-57.380622837370225,173.3771626297578,0.7853117231833925,18.742662158245274,30.942232579867348,0.0,0.04964380645684602,0.0,0,0.04722222222222223,0.0093563579277865,0.03935185185185185,0.0,0.0,0.0,True
1-Pentadecanol,CCCCCCCCCCCCCCCO,-6.35,-0.239583333333333,0.7760416666666687,0.7604166666666694,0.7291666666666685,-0.009817749999999808,-0.5390172679889498,110.06372768947347,0.0,-0.09287090513740376,0.0,0,0.00505050505050505,0.004081632653061225,0.003472222222222222,0.0030864197530864187,0.0028571428571428576,0.0027548209366391185,True
Methyl acetate,COC(=O)C,0.46,0.0,62.55371900826446,0.0,0.0,0.0,3.6188646170745744,18.303923573944164,0.0,0.01222082280169506,0.0,0,0.0,0.0,0.0,0.0,0.0,0.0,False
2-Undecanol,CCCCCCCCCC(C)O,-2.94,-0.3518518518518524,1.0092592592592622,0.9814814814814836,0.9259259259259335,-0.022632740740740842,-0.7540767483414212,101.25272128654153,0.0,-0.1209505865880383,0.0,0,0.015873015873015872,0.013605442176870748,0.0125,0.012345679012345675,0.013333333333333336,0.0,True
Ipazine,CCN(CC)c1nc(Cl)nc(NC(C)C)n1,-3.785,-18.062283737024224,-107.64013840830452,-184.24221453287197,-73.39792387543251,0.2814001332179946,19.394092763054825,22.531363253660135,0.0,-0.031171545547507666,0.0,0,0.037173202614379085,0.023090379008746355,0.020833333333333332,0.0,0.0,0.0,True
"1,2-Dinitrobenzene",O=N(=O)c1ccccc1N(=O)=O,-3.1,2.25,-52.828125,-45.9375,0.0,0.0,5.2951593778601955,17.960186193557234,0.0,0.006994835815305956,0.0,0,0.03125,0.0,0.0,0.0,0.0,0.0,False
2-Hydroxypyridine,Oc1ccccn1,1.02,0.3402777777777777,12.138888888888896,10.02777777777778,0.0,0.0,1.9275221210428644,76.22453397793204,0.0,-0.05160438078863657,5.879988336435371,0,0.0,0.0,0.0,0.0,0.0,0.0,False
2-Pentanone,CCCC(=O)C,-0.19,0.5625,-42.0,36.0,0.0,0.0,-2.209029454066304,16.87425475412757,0.0,0.05972572434550279,0.0,0,0.0,0.0,0.0,0.0,0.0,0.0,False
Anethole,COc1ccc(C=CC)cc1,-3.13,-1.7032136105860116,-20.69943289224953,23.90548204158789,-33.83175803402647,-0.3004666389413978,-10.201044884260194,48.21283194346967,0.0,0.004990742224773389,5.749511833283905,0,0.04166666666666667,0.026938775510204085,0.015625,0.0,0.0,0.0,False
Salicin,OCC2OC(Oc1ccccc1CO)C(O)C(O)C2O,-0.85,-4.185595567867036,-30.0,1.0,-51.0,-0.33579650969529423,8.211787565021652,0.0,0.0,-0.022372802515562586,5.749511833283905,0,0.027777777777777776,0.022189239332096475,0.016904239766081873,0.013332493491223646,0.0078125,0.0,False
3-Pentanone,CCC(=O)CC,-0.28,0.5625,12.0,36.0,0.0,0.0,-0.6556693527213671,20.301015929453694,0.0,0.03642317721852212,0.0,0,0.0,0.0,0.0,0.0,0.0,0.0,False
Bibenzyl,C(Cc1ccccc1)c2ccccc2,-4.62,-0.08163265306122437,50.0,25.0,-25.0,-0.023715999999999966,10.93382537689803,197.5103449368323,0.0,-0.01790707586567355,0.0,0,0.018055555555555554,0.00016326530612244817,0.006076388888888888,0.008062484252960446,0.0,0.0,True
Digoxin,CC1OC(CC(O)C1O)OC2C(O)CC(OC2C)OC8C(O)CC(OC7CCC3(C)C(CCC4C3CC(O)C5(C)C(CCC45O)C6=CC(=O)OC6)C7)OC8C,-4.081,-14.77169691405975,31.766753760327557,83.90826919002889,-80.37984605606952,-0.516492000000007,-3.0845274480964022,164.15579776501954,0.0,0.08465544437201493,0.0,0,0.027460317460317463,0.027305929463984174,0.015829665199413097,0.013251838878171497,0.009971272554605889,0.007344682253773163,False
"2,4'-PCB",Clc1ccc(cc1)c2ccccc2Cl,-5.28,-0.28099173553718987,-77.78512396694215,-6.710743801652892,-57.619834710743795,-0.18785928099173524,-2.442463885207396,174.02746230775116,0.0,-0.027571291513609965,11.126902983393991,0,0.02525252525252525,0.03440233236151604,0.01171875,0.02040816326530612,0.0,0.0,True
Santonin,CC3C2CCC1(C)C=CC(=O)C(=C1C2OC3=O)C,-3.09,-7.984567901234568,-33.44444444444448,35.88888888888887,85.33333333333331,-0.04335733333333481,-5.030807003724427,11.12689105106826,0.0,0.2003943047250001,0.0,1,0.04781746031746031,0.02116867259724402,0.013888888888888888,0.0,0.0,0.0,True
3-Methylbutan-1-ol,CC(C)CCO,-0.51,0.29629629629629656,-26.07407407407408,18.962962962962962,0.0,0.0,5.872933100817939,69.11476585886454,0.0,0.004523789642912369,0.0,0,0.0,0.0,0.0,0.0,0.0,0.0,False
Butethal,CCCCC1(CC)C(=O)NC(=O)NC1=O,-1.661,-2.6045785639958385,-117.08012486992716,-61.44432882414151,75.76586888657647,0.20469393132153865,7.539934732677199,31.130932361555523,0.0,0.06627617777674735,0.0,0,0.035879629629629636,0.012653061224489798,0.029513888888888888,0.0,0.0,0.0,True
Nitromethane,CN(=O)=O,0.26,0.0,0.0,0.0,0.0,0.0,0.0,52.825030778426296,0.0,0.01618008917027712,0.0,0,0.0,0.0,0.0,0.0,0.0,0.0,False
1-Hexadecanol,CCCCCCCCCCCCCCCCO,-7.0,-0.22145328719723195,0.7335640138408346,0.7197231833910083,0.6920415224913521,-0.008051561707034546,-0.5029022934815399,135.53740768124933,0.0,0.09765245890939322,0.0,0,0.004629629629629629,0.003710575139146568,0.003125,0.0027434842249657054,0.0025000000000000005,0.0023612750885478157,True
Fluridone,Cn2cc(c1ccccc1)c(=O)c(c2)c3cccc(c3)C(F)(F)F,-4.445,-5.288088642659279,-60.21883656509695,-198.8365650969529,108.87534626038786,0.6750693434903051,-19.36168881696624,1.1374927506966104,0.0,-0.0937160256242572,22.253805966787983,0,0.0320945945945946,0.019091507570770244,0.013955662393162392,0.01271697762925833,0.010104166666666668,0.007754310784613815,True
2-Chloronapthalene,Clc1ccc2ccccc2c1,-4.14,1.6049382716049392,36.44444444444445,-34.888888888888886,0.0,0.0,0.6043433726109997,109.63540009947276,0.0,-0.02840699595891406,0.0,0,0.020833333333333336,0.04,0.0,0.0,0.0,0.0,False
2-Methylnapthalene,Cc1ccc2ccccc2c1,-3.77,0.4716553287981863,-14.739229024943313,-14.909297052154196,20.578231292517007,0.019521333333333116,-3.2231231269767435,111.62723004748364,0.0,0.01722618972182715,0.0,0,0.020833333333333336,0.04,0.0,0.0,0.0,0.0,False
Bromoethane,CCBr,-1.09,0.0,0.0,0.0,0.0,0.0,0.0,79.77099438859683,0.0,0.046156446758847794,0.0,0,0.0,0.0,0.0,0.0,0.0,0.0,False
Diethyl sulfide,CCSCC,-1.34,0.3599999999999999,28.000000000000014,49.0,0.0,0.0,0.9068444713159839,140.8564622064502,0.0,-0.02521960503538983,0.0,0,0.0,0.0,0.0,0.0,0.0,0.0,False
o-Chlorobromobenzene,Clc1ccccc1Br,-3.19,0.0,-199.99999999999997,0.0,0.0,0.0,2.3236124012887367,103.9130662360256,0.0,-0.017558043932608108,0.0,0,0.0,0.0,0.0,0.0,0.0,0.0,False
Etofenprox,CCOc1ccc(cc1)C(C)(C)COCc3cccc(Oc2ccccc2)c3,-8.6,-2.836734693877551,-110.65178571428574,155.00127551020407,-18.799744897959194,0.1948954948979578,-15.48730181691824,64.6669376068092,0.0,-0.15217663545595245,17.248535499851716,0,0.025761648745519714,0.01824884792626728,0.012152777777777776,0.005468305291938449,0.008005952380952381,0.006874905864804854,False
p-Methylaniline,Cc1ccc(N)cc1,-1.21,1.1072664359861597,47.875432525951545,-38.44636678200692,0.0,0.0,0.7586603076012166,114.87583655620182,0.0,-0.050632804061917926,0.0,0,0.0,0.0,0.0,0.0,0.0,0.0,False
"2,2',4,4',5,5'-PCB",Clc1cc(Cl)c(cc1Cl)c2cc(Cl)c(Cl)cc2Cl,-8.56,-1.2231404958677676,229.91735537190087,-73.22314049586778,-4.859504132231449,0.06982347107437988,-0.5912697330128777,149.69158080214706,0.0,-0.14188753393841244,11.126902983393991,0,0.03306878306878307,0.030306122448979598,0.018055555555555557,0.016376921138825898,0.0,0.0,False
"1,1-Dichloroethane",CC(Cl)Cl,-1.29,0.0,0.0,0.0,0.0,0.0,0.0,2.0568168351633913,0.0,-0.04896254296138656,0.0,0,0.0,0.0,0.0,0.0,0.0,0.0,False
2-Methylphenol,Cc1ccccc1O,-0.62,1.0,40.03125,27.5625,0.0,0.0,6.865609438911801,64.93323603844847,0.0,-0.024635863356585755,5.749511833283905,0,0.0,0.0,0.0,0.0,0.0,0.0,False
"1,3-Dibromobenzene",Brc1cccc(Br)c1,-3.54,0.0,-355.24999999999994,0.0,0.0,0.0,1.2175715879999924,64.8898572045328,0.0,0.060882417527793026,0.0,0,0.0,0.0,0.0,0.0,0.0,0.0,False
Diallate,CC(C)N(C(C)C)C(=O)SCC(=CCl)Cl,-4.286,0.775390625,-527.8203125,464.2890625,-588.359375,-1.6187684648437486,-36.32102851394895,7.006339636331511,0.0,0.11765226065583864,0.0,0,0.02525252525252525,0.03265306122448979,0.0125,0.0,0.0,0.0,True
Tricresyl phosphate,Cc1ccc(OP(=O)(Oc2cccc(C)c2)Oc3ccccc3C)cc1,-6.01,-6.38388411045722,-109.81846989588048,-298.3906745133544,-298.05070167496604,-1.0465251104572193,13.103013195180534,0.0,0.0,0.02389939896354104,17.248535499851716,0,0.019554093567251463,0.01969649398220827,0.0073896011396011405,0.010359699435329687,0.00989130434782609,0.00908070605040302,False
"Sparsomycin (3,8mg/ml)",CSCS(=O)CC(CO)NC(=O)C=Cc1c(C)[nH]c(=O)[nH]c1=O,-1.981,2.685941043083901,-166.93650793650795,139.78458049886623,100.13378684807257,0.6674364671201806,-9.392998107079597,84.74439905989831,0.0,-0.31536372283194214,0.0,0,0.029224537037037035,0.013571428571428571,0.018548976608187134,0.00842781557067271,0.012426470588235298,0.00715573240825766,False
Oxycarboxin,CC1=C(C(=O)Nc2ccccc2)S(=O)(=O)CCO1,-2.281,-3.3111342351716964,-113.61290322580636,31.62539021852236,-75.49635796045783,-0.46215318418314494,26.095629977518875,50.56784861323269,0.0,-0.003846585108705117,0.0,0,0.037760416666666664,0.0168547418967587,0.010044642857142858,0.013353489543965733,0.0,0.0,True
Methyl pentanoate,CCCC(=O)OCC,-1.36,0.09000000000000022,-115.43999999999998,-5.3599999999999905,43.56,0.20903183999999903,1.5385041349509585,20.414958033651363,0.0,-0.08260772589140565,0.0,0,0.027777777777777776,0.0,0.0,0.0,0.0,0.0,False
4-hydroxypyridine,Oc1ccncc1,1.02,0.0,31.138888888888896,0.0,0.0,0.0,4.838791245713112,68.98441822123634,0.0,-0.03159934107533838,5.749511833283905,0,0.0,0.0,0.0,0.0,0.0,0.0,False
1-Pentene,CCCC=C,-2.68,0.23999999999999988,-8.333333333333337,16.666666666666664,0.0,0.0,-1.8223042294830019,137.04555403131965,0.0,-0.1134417930655103,0.0,0,0.0,0.0,0.0,0.0,0.0,0.0,False
"2,6-Dichlorophenol",Oc1c(Cl)cccc1Cl,-1.79,0.4792899408284023,-64.50887573964498,28.17159763313609,0.0,0.0,4.073723846436762,61.508061947967754,0.0,-0.00848317193308768,5.749511833283905,0,0.0,0.0,0.0,0.0,0.0,0.0,False
Chloropham,CC(C)OC(=O)Nc1cccc(Cl)c1,-3.38,-3.686390532544378,-202.80473372781066,113.99408284023669,59.372781065088745,0.4572917041420092,20.60977805582431,16.524721479593346,0.0,0.03081879407980847,0.0,0,0.034027777777777775,0.018204081632653062,0.021412037037037035,0.01020408163265306,0.0,0.0,True
"2,3-Dimethylbutane",CC(C)C(C)C,-3.65,0.0,81.0,0.0,0.0,0.0,17.712797110574755,174.01746647103508,0.0,0.0037124239126328376,0.0,0,0.0,0.0,0.0,0.0,0.0,0.0,False
Metranidazole,Cc1ncc(N(=O)=O)n1CCO,-1.26,6.857142857142857,9.55102040816325,-86.00000000000001,0.0,0.0,-4.220455565772336,24.9970914173045,0.0,0.21749431766598668,0.0,0,0.02388888888888889,0.0,0.0,0.0,0.0,0.0,True
Danazol,CC23Cc1cnoc1C=C2CCC4C3CCC5(C)C4CCC5(O)C#C,-5.507,4.3480029585798805,88.75,123.75,52.5,-0.49299081656804916,-18.081496688315386,123.08534665006938,0.0,-0.024314344404682154,12.343784214475903,1,0.032746031746031745,0.02612557666744859,0.018269428983714697,0.015354753012316036,0.012161779835390948,0.008724279835390947,True
acetazolamide,CC(=O)Nc1nnc(s1)S(N)(=O)=O,-2.36,-8.246537396121884,-218.0,-30.0,-95.0,-2.1410188365650957,5.303639297753688,4.277011491894588,0.0,0.02569885971943593,0.0,0,0.04083333333333333,0.04897959183673469,0.0,0.0,0.0,0.0,False
Triclosan,Oc1cc(Cl)ccc1Oc2ccc(Cl)cc2Cl,-4.46,-2.1093749999999996,0.8055555555555369,9.39583333333332,182.6388888888889,0.8545291874999997,3.5351876996005127,103.51715422359958,0.0,-0.12543533471943613,17.248535499851716,0,0.025173611111111112,0.018829931972789118,0.029166666666666667,0.007054673721340386,0.025625000000000002,0.0,True
"3,4-PCB",Clc1ccc(cc1Cl)c2ccccc2,-6.39,-0.7355371900826445,56.03305785123966,6.380165289256198,-124.52892561983471,-0.3329120991735531,-0.7610982411123033,91.21406488540099,0.0,-0.1819830216452702,11.126902983393991,0,0.032828282828282825,0.02275510204081633,0.018663194444444444,0.02040816326530612,0.0,0.0,True
cycloheximide,CC1CC(C)C(=O)C(C1)C(O)CC2CC(=O)NC(=O)C2,-1.13,8.044348296376423,-147.59816116819903,33.51541373715521,-6.719307733910223,1.7674382714981067,-12.694614180737148,49.23225112217612,0.0,-0.0020489673117537062,0.0,0,0.023478835978835978,0.019377013963480128,0.014371141975308643,0.015671453766691858,0.006944444444444444,0.0,True
Aminocarb,CNC(=O)Oc1ccc(N(C)C)c(C)c1,-2.36,0.4120707596253908,-157.59417273673256,177.67533818938608,-16.244536940686785,0.0806639999999999,-25.9736360762107,26.69861848780482,0.0,0.1157709920339729,5.749511833283905,0,0.0422979797979798,0.024761904761904763,0.02546296296296296,0.009876543209876541,0.0,0.0,True
m-Chloroaniline,Nc1cccc(Cl)c1,-1.37,0.6530612244897959,-113.55102040816327,27.591836734693878,0.0,0.0,3.126636658777699,94.26883987653333,0.0,-0.048808860660056304,0.0,0,0.0,0.0,0.0,0.0,0.0,0.0,False
Dimethyl phthalate,COC(=O)c1ccccc1C(=O)OC,-1.66,-4.569444444444445,-77.0625,-78.125,29.25,0.47509833333333495,-2.879628755312553,42.59743460345055,0.0,0.08753060987723994,0.0,0,0.03373015873015873,0.02013605442176871,0.0,0.0,0.0,0.0,True
Reposal,CCC1(C(=O)NC(=O)NC1=O)C2=CCC3CCC2C3,-2.696,-1.2052593133674172,-164.21621621621625,-176.90430971512046,45.999269539810086,-0.49842680204528844,-15.837776267296498,29.906406814008857,0.0,-0.06759810482481417,0.0,0,0.028183760683760686,0.036085600907029475,0.014930555555555555,0.02582908163265306,0.0,0.0,True
Fluorene,C1c2ccccc2c3ccccc13,-5.0,2.4215500945179573,-14.224952741020777,0.04725897920605782,23.96030245746692,0.02272970132325118,-3.1106629852989607,136.9093373274296,0.0,0.18717756866747345,11.126902983393991,0,0.016904761904761912,0.008148148148148154,0.0,0.0,0.0,0.0,True
"1,2-Dibromoethane",BrCCBr,-1.68,0.0,0.0,0.0,0.0,0.0,0.0,82.88480025565376,0.0,0.04244633734224863,0.0,0,0.0,0.0,0.0,0.0,0.0,0.0,False
Anthracene,c1ccc2cc3ccccc3cc2c1,-6.35,-2.25,15.451388888888882,-20.1388888888889,26.736111111111104,0.02536294444444459,3.3788557588330317,128.8421954877249,0.0,-0.025634994998908887,0.0,0,0.011111111111111117,0.013061224489795917,0.0,0.0,0.0,0.0,True
Quinonamid,ClC(Cl)CC(=O)NC2=C(Cl)C(=O)c1ccccc1C2=O,-5.03,-6.448979591836736,-140.0,-241.0,89.0,0.5239358698979588,-6.206296128173165,48.862783873040534,0.0,-0.04707954116409106,0.0,0,0.028645833333333332,0.02702947845804988,0.013671875,0.014336104812295285,0.008875000000000003,0.012345679012345678,True
Benfluralin,CCCCN(CC)c1c(cc(cc1N(=O)=O)C(F)(F)F)N(=O)=O,-5.53,-1.1216305062458976,160.4082840236687,46.467455621301774,-194.94082840236683,-5.990234966469431,10.406160080059633,0.2377101673104712,0.0,0.11387361682182011,0.0,0,0.04830246913580247,0.013383458646616539,0.020935457516339868,0.007873519778281681,0.015000000000000003,0.0,True
Warfarin,CC(=O)CC(c1ccccc1)c3c(O)c2ccccc2oc3=O,-3.893,-10.33727810650888,-23.917159763313617,-77.06508875739647,-22.059171597633107,-0.059442587771207846,-4.330463930017106,21.835232715171053,0.0,0.0105422351281933,5.749511833283905,0,0.0308048433048433,0.015160349854227404,0.01578282828282828,0.006938387890768841,0.008958333333333332,0.0,True
2-Methylanthracene,Cc1ccc2cc3ccccc3cc2c1,-6.96,-4.640603566529491,5.246913580246901,-28.395061728395067,-8.950617283950622,-0.008490913580247334,1.1473767370819161,140.77604010225215,0.0,0.0002982542723134855,0.0,0,0.016203703703703706,0.025,0.01171875,0.02040816326530612,0.0,0.0,True
"2,4-Dimethyl-2-pentanol ",CC(C)CC(C)(C)O,-0.92,2.625,-181.5625,128.625,0.0,0.0,-23.233434531132712,42.93032567673594,0.0,0.060085692950851095,0.0,0,0.0,0.0,0.0,0.0,0.0,0.0,False
"2,2',3,4,5-PCB",Clc1cc(Cl)c(cc1Cl)c2cccc(Cl)c2Cl,-7.21,-1.2066115702479352,-3.867768595041319,-6.842975206611566,6.247933884297522,0.05738119834710733,-1.758314655524599,20.208890068109568,0.0,-0.11393440509190329,11.126902983393991,0,0.03070175438596491,0.026005830903790092,0.01909722222222222,0.01020408163265306,0.0,0.0,False
hydantoin,O=C1CNC(=O)N1,-0.4,0.0,0.0,0.0,0.0,0.0,0.0,33.52324558528457,0.0,0.07008660249201237,0.0,0,0.0,0.0,0.0,0.0,0.0,0.0,False
Camphor,CC1(C)C2CCC1(C)C(=O)C2,-1.96,0.0,242.77777777777783,0.0,0.0,0.0,60.77736162068471,1.2337420490344753,0.0,0.057219340666662406,0.0,0,0.0,0.0,0.0,0.0,0.0,0.0,False
Epitostanol,CC45CCC2C(CCC3CC1SC1CC23C)C4CCC5O,-5.41,0.15263360246058763,24.986159169550124,93.66782006920413,101.04844290657438,-0.16373713494809744,0.6093479216340174,58.06777673240561,0.23570226039551584,0.05007921787348013,0.0,1,0.03556666666666667,0.02810359231411863,0.01796343537414966,0.016188940854119423,0.02015817901234568,0.0,True
Trifluralin,CCCN(CCC)c1c(cc(cc1N(=O)=O)C(F)(F)F)N(=O)=O,-5.68,-7.299145299145302,55.99999999999999,127.76923076923077,-237.48520710059182,-8.191125664694278,5.558192897127796,0.23780105628511555,0.0,0.21487555644176246,0.0,0,0.0472524154589372,0.01730612244897959,0.013503086419753084,0.018518518518518517,0.0,0.0,True
2-Nonanol,CCCCCCCC(C)O,-2.74,-0.45333333333333337,1.1866666666666597,1.1466666666666718,1.0666666666666669,-0.03631999999999998,-0.9388636733916272,61.01783605254447,0.0,0.034027221723831554,0.0,0,0.02222222222222222,0.020408163265306124,0.020833333333333332,0.0,0.0,0.0,False
2-pyrrolidone,O=C1CCCN1,1.07,0.0,0.0,0.0,0.0,0.0,0.0,19.543689678922515,0.0,0.023766838077798218,0.0,0,0.0,0.0,0.0,0.0,0.0,0.0,False
"2,3',4,4'-PCB",Clc1ccc(c(Cl)c1)c2ccc(Cl)c(Cl)c2Cl,-7.8,-1.0702479338842992,-136.2314049586777,-59.20661157024794,-117.38842975206609,-0.3093848925619838,-1.8412800414841444,42.127705663937206,0.0,-0.07740407445773673,11.126902983393991,0,0.03431372549019608,0.03259026687598117,0.015190972222222222,0.021835894851767863,0.0,0.0,False
Carbromal,CCC(Br)(CC)C(=O)NC(N)=O,-2.68,-0.16000000000000153,198.67999999999998,-127.64000000000003,173.27999999999997,0.48635690879999977,-3.4173018749868938,42.21231542582474,0.0,-0.06916772900019105,0.0,0,0.027777777777777776,0.0,0.0,0.0,0.0,0.0,True
dibutyl sebacate,CCCCOC(=O)CCCCCCCCC(=O)OCCCC,-3.896,-4.36734693877551,-58.08545918367345,-76.68877551020404,-2.831632653061217,-0.28317279591836947,10.701616666014965,24.703311260267242,0.0,-0.07950377160330808,0.0,0,0.014619883040935672,0.006802721088435373,0.0062499999999999995,0.005291005291005291,0.0030769230769230774,0.005509641873278237,True
"1,3,5-Trichlorobenzene",Clc1cc(Cl)cc(Cl)c1,-4.48,0.0,-185.25,0.0,0.0,0.0,2.7701534305974396,78.51223001004308,0.0,-0.05496581226700978,0.0,0,0.0,0.0,0.0,0.0,0.0,0.0,False
Nimetazepam,CN2C(=O)CN=C(c1ccccc1)c3cc(ccc23)N(=O)=O,-3.796,-12.045714285714284,-23.599999999999994,74.24000000000001,-95.11999999999999,-1.1761717812244905,-2.3821467948994033,37.91972926719905,0.0,0.09266640494794547,0.0,0,0.029360269360269364,0.02342325435921495,0.01551408606921029,0.009448223733938015,0.015625,0.0,True
chloropropylate,c1ccc(Cl)cc1C(c2ccc(Cl)cc2)(O)C(=O)OC(C)C,-4.53,-12.42936288088643,-126.73130193905814,-48.6398891966759,106.32686980609422,0.7161162936288096,5.841122770491509,0.2301772505338122,0.0,-0.09375811198989417,0.0,0,0.027391975308641972,0.022172481895984208,0.01645171957671958,0.019377447948876518,0.00390625,0.0,True
Isoproturon,CC(C)c1ccc(NC(=O)N(C)C)cc1,-3.536,-3.239669421487603,35.757575757575765,-48.5169880624426,65.01836547291093,0.14422222222222217,-6.547205690673824,22.659482217021598,0.0,0.056121559835264824,0.0,0,0.03877314814814814,0.02249433106575964,0.030092592592592594,0.016460905349794237,0.0,0.0,True
1-Bromoheptane,CCCCCCCBr,-4.43,-0.5103969754253304,-32.0,-48.0,-225.0,-0.08998145557655932,0.08866793535563404,123.05272970570068,0.0,0.06735237542878444,0.0,0,0.018518518518518517,0.020408163265306124,0.0,0.0,0.0,0.0,True
Tribromomethane,BrC(Br)Br,-1.91,0.0,0.0,0.0,0.0,0.0,0.0,1.381359672196086,0.0,0.02955970851955541,0.0,0,0.0,0.0,0.0,0.0,0.0,0.0,False
"1,5-Hexadiene ",C=CCCC=C,-2.68,0.5,6.25,-9.375,0.0,0.0,1.3667281721122606,152.75659668852768,0.0,-0.1539030891530706,0.0,0,0.0,0.0,0.0,0.0,0.0,0.0,False
Pyrazon,Nc2cnn(c1ccccc1)c(=O)c2Cl,-2.878,-4.119092627599244,-58.98109640831758,-104.64461247637053,-4.060491493383759,0.0024409395085061465,9.443800487553471,29.14765207556808,0.0,-0.08776389009018962,5.687386274683562,0,0.029914529914529912,0.02467120181405896,0.018663194444444444,0.02040816326530612,0.0,0.0,True
Napropamide,CCN(CC)C(=O)C(C)Oc1cccc2ccccc12,-3.57,4.187983343248068,-143.17668054729336,34.28911362284353,-96.72516359309934,-0.37889858893515704,-14.541337115762355,13.0504091118305,0.0,0.020459159490325323,5.749511833283905,0,0.022095959595959596,0.019377013963480128,0.013888888888888888,0.009970125616384119,0.0103125,0.012345679012345678,True
"2,6-PCB",Clc1cccc(Cl)c1c2ccccc2,-5.21,-0.0991735537190079,-265.42148760330576,-153.6198347107438,63.107438016528924,0.11131717355371841,-4.330264173138582,183.16289450378568,0.0,-0.02677061660086671,11.126902983393991,0,0.016203703703703703,0.026394557823129255,0.0,0.0,0.0,0.0,True
2-Methylpropene,CC(=C)C,-2.33,0.0,0.0,0.0,0.0,0.0,0.0,95.12535357971663,0.0,-0.0506363616034901,0.0,0,0.0,0.0,0.0,0.0,0.0,0.0,False
5-Methylchrysene,c1cccc2c3c(C)cc4ccccc4c3ccc12,-6.59,-0.11294765840220433,-137.1441689623508,-68.73278236914601,31.955922865013783,0.030314666666666736,-29.99020789788273,139.92893551871447,0.0,0.17112611423483173,0.0,0,0.022280092592592594,0.020058309037900877,0.006944444444444444,0.008062484252960446,0.0,0.0,True
N-Methylaniline,CNc1ccccc1,-1.28,1.0242214532871978,0.031141868512106905,15.747404844290653,0.0,0.0,0.2732056355088007,80.30896358221592,0.0,-0.014136205637745503,0.0,0,0.0625,0.0,0.0,0.0,0.0,0.0,False
"Hexachloro-1,3-butadiene",ClC(=C(Cl)C(=C(Cl)Cl)Cl)Cl,-4.92,0.0,77.44000000000001,0.0,0.0,0.0,1.8655844664959957,9.783029576842857,0.0,-0.04983355343236249,0.0,0,0.0,0.0,0.0,0.0,0.0,0.0,False
Cyclobutyl-5-spirobarbituric acid,O=C2NC(=O)C1(CCC1)C(=O)N2,-1.655,1.8899999999999997,-34.879999999999974,-7.839999999999993,0.0,0.0,5.380871801167229,34.58166879341872,0.0,0.09697087750180773,0.0,0,0.027777777777777783,0.04,0.0,0.0,0.0,0.0,False
RTI 23,CCN2c1cc(OC)cc(C)c1NC(=O)c3cccnc23,-5.153,-15.319252077562329,-120.74515235457064,-290.8614958448753,74.85872576177283,0.3362614155124617,2.449775264631952,61.432290812250464,0.0,0.31143164051699124,5.749511833283905,1,0.029968253968253974,0.021887485152791274,0.013313137755102039,0.008188460569412949,0.015625,0.0,True
Isoquinoline,c1ccc2cnccc2c1,-1.45,1.3702422145328716,7.0,15.0,0.0,0.0,2.75952702113008,121.21625504383921,0.0,-0.00020321573280183118,0.0,0,0.0,0.0,0.0,0.0,0.0,0.0,False
Carvacrol,c1(O)c(C)ccc(C(C)C)c1,-2.08,-2.4991999999999996,27.07839999999999,-82.60480000000003,93.57119999999999,0.19498763520000065,-0.2605163476572289,61.2740810855017,0.0,0.02185008651714318,5.749511833283905,0,0.04722222222222222,0.0,0.0,0.0,0.0,0.0,False
oxyphenbutazone,CCCCC1C(=O)N(N(C1=O)c2ccc(O)cc2)c3ccccc3,-3.73,-17.53719008264463,-20.67768595041324,-215.9256198347108,-36.82644628099173,1.121929652892561,20.341187058828922,171.55030003590164,0.0,0.1135353240967693,5.749511833283905,0,0.026693766937669377,0.01283572688334593,0.013722636490493632,0.009546205313401078,0.010125000000000002,0.013391490664217937,True
"1,2,4-tribromobenzene",c1(Br)c(Br)cc(Br)cc1,-4.5,0.0,397.0,0.0,0.0,0.0,2.364037516758939,64.32856450325198,0.0,0.10964230414996094,0.0,0,0.0,0.0,0.0,0.0,0.0,0.0,False
Terbacil,Cc1[nH]c(=O)n(c(=O)c1Cl)C(C)(C)C,-2.484,-5.127572016460903,-351.40740740740745,-336.3703703703703,280.33333333333337,1.1602373703703706,24.201402517164375,26.7785066842861,0.0,0.05450688856947118,0.0,0,0.044270833333333336,0.0,0.0,0.0,0.0,0.0,True
chloroacetamide,NC(=O)CCl,-0.02,0.0,0.0,0.0,0.0,0.0,0.0,25.74543433500932,0.0,-0.028276170318007287,0.0,0,0.0,0.0,0.0,0.0,0.0,0.0,False
Fenpropathrin,CC1(C)C(C(=O)OC(C#N)c2cccc(Oc3ccccc3)c2)C1(C)C,-6.025,-13.377759266972093,56.20533111203666,-56.40024989587674,-243.08163265306126,-1.1556504489795905,81.85278149217837,5.981987663342008,0.14433756729740643,0.12733383080873295,17.568244979360085,0,0.02589225589225589,0.027615046018407363,0.012587912769274377,0.013427631855211217,0.01092206790123457,0.013482880755608027,True
17a-Methyltestosterone,CC1(O)CCC2C3CCC4=CC(=O)CCC4(C)C3CCC21C,-3.999,-0.1360946745562121,134.42603550295865,95.42455621301777,-37.3698224852071,-0.3625775976331384,7.080679704849083,90.26417447918722,0.0,0.0949322498326312,0.0,0,0.037427983539094656,0.0332404707914912,0.020075999149659865,0.018252568517118775,0.019188271604938273,0.0,True
Propyl acetate,CCCOC(=O)C,-0.72,1.2975778546712808,-19.619377162629764,-38.05536332179931,0.0,0.0,-3.710876468392709,16.056515634308248,0.0,-0.022472782671279053,0.0,0,0.0,0.0,0.0,0.0,0.0,0.0,False
Clonazepam,Clc1ccccc1C2=NCC(=O)Nc3ccc(cc23)N(=O)=O,-3.499,-7.59375,-48.91796875,-70.53125,34.03125,0.5580307578124991,-5.504919078663301,28.586058289637847,0.0,0.05796025227820585,0.0,0,0.025939542483660132,0.021147392290249433,0.01886209029066172,0.006734006734006733,0.015625,0.0,True
acetyl sulfisoxazole,CC(=O)N(S(=O)c1ccc(N)cc1)c2onc(C)c2C,-3.59,-8.680816326530614,-3.6000000000000325,-414.16,130.52000000000007,1.6732203975510158,10.779914829110988,0.3271076265750361,0.0,0.0349805316262926,0.0,0,0.03365900383141762,0.01610801896516182,0.0215799117265954,0.012932693653593121,0.01507908950617284,0.0,True
4-Nitroacetanilide,CC(=O)Nc1ccc(cc1)N(=O)=O,-2.692,1.287981859410431,-48.61451247165533,26.179138321995474,9.253968253968251,0.8126571428571441,-1.9732838852389292,30.702538810988504,0.0,-0.018039410322861812,0.0,0,0.044270833333333336,0.0323265306122449,0.03125,0.0,0.0,0.0,True
chlorothiazide,NS(=O)(=O)c2cc1c(N=CNS1(=O)=O)cc2Cl,-3.05,-1.0226843100189045,184.9092627599244,-36.8998109640832,47.775047258979185,-0.14162271266540769,-31.51901252109425,1.5840573522249486,0.0,-0.20171100914277607,0.0,0,0.07161458333333333,0.011479591836734693,0.027777777777777776,0.0,0.0,0.0,True
Benomyl,CCCCNC(=O)n1c(NC(=O)OC)nc2ccccc12,-4.883,-14.596318211702823,10.069033530571986,-74.95923734385275,-242.68244575936882,-1.9035410414201173,-14.821903828803972,25.740757769309003,0.0,0.05754330374199613,0.0,0,0.02953373015873016,0.01698761555904413,0.011417587868480725,0.011125889102079577,0.009375,0.007218651158045097,True
Coumatetralyl,O=c2c(C3CCCc4ccccc43)c(O)c1ccccc1o2,-2.84,-3.9584487534626036,-71.14127423822714,-60.072022160664815,-55.005540166205,-0.09196078670360056,-6.863081346847112,23.03127131114556,0.0,-0.1746685729768334,5.749511833283905,0,0.024739583333333336,0.01638932496075353,0.01118827160493827,0.005176481366957557,0.004499999999999999,0.0,True
Naled,COP(=O)(OC)OC(Br)C(Cl)(Cl)Br,-2.28,0.08250000000000085,72.56999999999998,-382.46999999999986,0.0,0.0,-11.934704020556019,0.0,0.0,0.26559818554437203,0.0,0,0.025641025641025637,0.0,0.0,0.0,0.0,0.0,True
"1,3-Benzenediol",Oc1cccc(O)c1,0.81,0.9795918367346937,-30.530612244897952,29.6326530612245,0.0,0.0,4.392233168698429,90.5162534659951,0.0,-0.03553513971032936,11.49902366656781,0,0.0,0.0,0.0,0.0,0.0,0.0,False
"1,2-Propylene oxide",CC1CO1,-0.59,0.0,0.0,0.0,0.0,0.0,0.0,31.84081444874515,0.28867513459481287,0.055993375454488216,0.0,0,0.0,0.0,0.0,0.0,0.0,0.0,False
Ancymidol,COc1ccc(cc1)C(O)(C2CC2)c3cncnc3,-2.596,1.4873469387755147,-55.22122448979591,54.06367346938776,-82.1273469387755,-0.3420282644897947,-37.48361694290074,53.36348945688322,0.28867513459481287,0.05509847908633667,5.749511833283905,0,0.019988425925925934,0.020708616780045354,0.013811585240156667,0.009755291005291001,0.008541666666666666,0.012345679012345678,True
uracil,O=c1cc[nH]c(=O)[nH]1,-1.488,0.0,-9.583333333333332,0.0,0.0,0.0,1.1781530864916638,35.98882878078906,0.0,-0.11191718973519661,0.0,0,0.0,0.0,0.0,0.0,0.0,0.0,False
Quinethazone,CCC2NC(=O)c1cc(c(Cl)cc1N2)S(N)(=O)=O,-3.29,-6.888888888888888,6.0,-6.0,-153.0,-0.6541606666666667,-25.80497166054441,56.78130496675044,0.0,-0.09445289465152125,0.0,0,0.05299707602339181,0.01780612244897959,0.03414351851851852,0.018518518518518517,0.0,0.0,True
RTI 22,CCN2c1cc(N(C)C)cc(C)c1NC(=O)c3cccnc23,-4.871,-19.532879818594097,-81.38095238095238,-356.03628117913837,35.863945578231295,0.24095648979591622,3.419916966050488,59.07489463055728,0.0,0.3651325796131978,0.0,1,0.03217105263157895,0.022552910052910054,0.018395248724489794,0.007666558686966848,0.015625,0.0,True
Fenuron,CN(C)C(=O)Nc1ccccc1,-1.6,-4.0,28.333333333333332,-99.88888888888891,35.55555555555555,0.27562455555555515,4.763643755631546,23.38048204711934,0.0,0.09807567139058486,0.0,0,0.02546296296296296,0.020408163265306124,0.027777777777777776,0.0,0.0,0.0,True
t-Crotonaldehyde,C/C=C/C=O,0.32,0.0,-15.396694214876025,0.0,0.0,0.0,4.369125056398875,59.635756995673106,0.0,-0.06111119867208326,0.0,0,0.0,0.0,0.0,0.0,0.0,0.0,False
RTI 6,CCN2c1nc(N(C)(CCO))ccc1NC(=O)c3cccnc23,-3.36,-14.73979591836735,-141.31292517006804,-161.4195011337868,9.712018140589578,0.48047727664399503,-6.003849794562649,76.71621344725786,0.0,0.11337521057270666,0.0,1,0.027878086419753086,0.02198095238095238,0.01644923320205275,0.009592759061296474,0.009549039780521263,0.0051525354555657585,True
Fluorometuron,CN(C)C(=O)Nc1cccc(c1)C(F)(F)F,-3.32,-2.7105624142661173,33.074074074074076,-144.46913580246914,38.691358024691354,0.17220972290809203,8.444149906570093,0.3542144464988229,0.0,0.05321449547392368,0.0,0,0.032986111111111105,0.03339517625231911,0.024305555555555556,0.0,0.0,0.0,True
Diiodomethane,ICI,-2.34,0.0,0.0,0.0,0.0,0.0,0.0,21.348899114223595,0.0,-0.08442649169216301,0.0,0,0.0,0.0,0.0,0.0,0.0,0.0,False
testosterone propionate,CCC(=O)OC3CCC4C2CCC1=CC(=O)CCC1(C)C2CCC34C,-5.37,-2.699907663896587,43.2049861495845,-22.772853185595604,124.37550015389351,-0.2713511111111106,-17.45354638984051,22.583416275313937,0.0,0.043551410827902225,0.0,0,0.03153903903903904,0.026097427476737822,0.018106845912968364,0.017274010298563867,0.012254739858906525,0.0064165788071511975,True
3-Hexanoyloxymethylphenyltoin,O=C1N(COC(=O)CCCCC)C(=O)C(N1)(c2ccccc2)c3ccccc3,-5.886,-8.692307692307692,56.693786982248504,-76.53846153846155,-33.594674556213015,-1.2062960000000011,-0.5041443114371077,23.475024521544853,0.0,-0.03221568216632234,0.0,0,0.023253968253968253,0.013026670985854657,0.014974591026886945,0.010204409695977155,0.0069746071829405185,0.00477286898162319,True
Ethion,CCOP(=S)(OCC)SCSP(=S)(OCC)OCC,-5.54,5.10826888756692,-885.8750743604998,243.24330755502683,-659.5276621058891,-1.786936961332541,-45.11516179885608,0.6594831369499997,0.0,0.14245874866234742,0.0,0,0.03395061728395061,0.017185821697099896,0.015625,0.006172839506172837,0.010000000000000002,0.0,True
Phenylthiourea,NC(=S)Nc1ccccc1,-1.77,0.49382716049382747,-49.740740740740755,-42.7283950617284,23.7283950617284,0.043250672839506,-1.480540750351297,82.58923813461644,0.0,0.030699670889912545,0.0,0,0.02361111111111111,0.04,0.0,0.0,0.0,0.0,False
Chlorotoluron,CN(C)C(=O)Nc1ccc(C)c(Cl)c1,-3.46,-4.776406035665295,22.551440329218106,-31.43072702331962,-274.7256515775034,-1.2228817777777763,0.9717864079397586,21.086341178871344,0.0,0.04163216222629153,0.0,0,0.030934343434343432,0.03156462585034013,0.019675925925925927,0.0,0.0,0.0,True
1-Iodoheptane,CCCCCCCI,-4.81,-0.5103969754253304,-105.4291115311909,-145.72400756143665,-461.31379962192824,-0.0034837655954631673,0.48851081033220795,188.00024705078434,0.0,-0.033014369958880845,0.0,0,0.018518518518518517,0.020408163265306124,0.0,0.0,0.0,0.0,True
allicin,C=CCS(=O)SCC=C,-0.83,-0.5041551246537394,-168.39335180055397,-22.382271468144054,28.952908587257614,0.07541602216066426,-5.88722021593843,81.84634692563034,0.0,-0.10003844857362612,0.0,0,0.013888888888888888,0.020408163265306124,0.0,0.0,0.0,0.0,False
5-Methyl-5-ethylbarbituric acid,O=C1NC(=O)NC(=O)C1(C)CC,-1.228,1.1900826446280983,8.17355371900825,-13.330578512396704,0.0,0.0,10.827077397020508,35.2676171505617,0.0,-0.001808346195498596,0.0,0,0.03935185185185186,0.0,0.0,0.0,0.0,0.0,True
3-Methyl-2-butanone,CC(C)C(=O)C,-0.12,0.0,72.0,0.0,0.0,0.0,9.57760044944513,11.499642595127995,0.0,0.040775258350304905,0.0,0,0.0,0.0,0.0,0.0,0.0,0.0,False
"2,6-Dimethylnaphthalene ",Cc1ccc2cc(C)ccc2c1,-4.89,-0.9722222222222232,-25.0,-50.0,-37.5,-0.03557399999999996,-5.46691268844902,115.16751181156279,0.0,-0.017457891869513225,0.0,0,0.018518518518518517,0.06040816326530613,0.0,0.0,0.0,0.0,False
p-benzidine,Nc1ccc(cc1)c2ccc(N)cc2,-2.7,-4.497041420118344,53.37278106508874,11.242603550295852,-9.443786982248522,-0.11620828402366865,-1.579850466647948,177.8435266387123,0.0,-0.057430447149624905,11.126902983393991,0,0.036111111111111115,0.030204081632653066,0.0125,0.032753842277651796,0.0,0.0,True
Benznidazole,O=C(Cn1ccnc1N(=O)=O)NCc2ccccc2,-2.81,0.47450572320499507,30.594172736732553,-7.588969823100934,-16.347554630593127,-0.8607526243496358,15.257851667331874,27.588011260987315,0.0,0.2568136727553568,0.0,0,0.026250000000000002,0.011176303854875282,0.011951094540380253,0.00893583929298215,0.00661522633744856,0.005990350838835687,True
hematein,c1cc(O)c(O)c2OCC3(O)CC4=CC(=O)C(O)=CC4=C3c21,-2.7,-7.394463667820071,-105.4567474048443,65.87197231833909,2.6401384083044763,-0.8755806920415224,-23.120262340091326,206.25497262579097,0.0,-0.0026729926485117577,17.248535499851716,1,0.03967741935483872,0.025110204081632656,0.021595096371882082,0.017447719828672208,0.012812500000000001,0.0,True
Etomidate,CCOC(=O)c1cncn1C(C)c2ccccc2,-4.735,-6.3148788927335655,-90.30449826989619,-86.2006920415225,-10.041522491349463,-0.25371054671280324,-3.7573382885351547,21.188363047853727,0.0,0.0588851185197506,0.0,0,0.022671957671957677,0.0158063225290116,0.0073374046588332315,0.008860334257159652,0.008541666666666666,0.012345679012345678,True
3-Methylpentane,CCC(C)CC,-3.68,0.3599999999999999,36.0,20.25,0.0,0.0,7.872354271366565,178.71657701123573,0.0,0.05309912850751044,0.0,0,0.0,0.0,0.0,0.0,0.0,0.0,False
"2,4,5-PCB",Clc1ccc(cc1)c2cc(Cl)ccc2Cl,-6.27,-0.008264462809917687,133.91735537190084,-121.2231404958677,117.32231404958677,0.38143854958677736,-1.432524055998417,103.20430866422382,0.0,-0.05037043343485506,11.126902983393991,0,0.02777777777777778,0.029024943310657598,0.021180555555555557,0.01020408163265306,0.0,0.0,True
6-aminochrysene,Nc3cc2c1ccccc1ccc2c4ccccc34,-6.2,-3.216796875,-71.0,-24.0,10.0,-0.0025602499999991396,-21.239732856250278,148.860185217247,0.0,0.25850349354434105,0.0,0,0.026871980676328504,0.01752380952380952,0.009259259259259259,0.008062484252960446,0.0,0.0,True
Disulfiram,CCN(CC)C(=S)SSC(=S)N(CC)CC,-4.86,-4.660493827160493,-761.5679012345681,-207.10493827160494,-644.9629629629629,-1.0862638518518506,-43.37142929292077,24.957296143932883,0.0,-0.018284161903304313,0.0,0,0.027777777777777776,0.027210884353741496,0.010416666666666666,0.012345679012345675,0.0,0.0,True
Valeraldehyde,CCCCC=O,-0.85,0.375,3.0,-18.0,0.0,0.0,-0.5493284568395558,77.45499907951543,0.0,-0.009933496606934869,0.0,0,0.0,0.0,0.0,0.0,0.0,0.0,False
Dimethyl sulfide,CSC,-0.45,0.0,0.0,0.0,0.0,0.0,0.0,111.26473981463852,0.0,-0.06757735533126978,0.0,0,0.0,0.0,0.0,0.0,0.0,0.0,False
Acetanilide,CC(=O)Nc1ccccc1,-1.33,0.27700831024930844,-35.87534626038782,-10.324099722991699,23.34349030470914,0.06969653185595534,-4.172382410066184,18.796954488711886,0.0,-0.04879750640810515,0.0,0,0.02361111111111111,0.04,0.0,0.0,0.0,0.0,False
Minoxidil,Nc1cc(nc(N)n1=O)N2CCCCC2,-1.989,-6.147777777777777,-64.34222222222223,-93.96444444444442,4.204444444444444,-0.5736579955555561,-3.5949191774479883,58.249204074409285,0.0,-0.0834537379262031,0.0,0,0.03632478632478633,0.02040816326530612,0.02048611111111111,0.02040816326530612,0.0,0.0,True
"P,P'-DDE",ClC(Cl)=C(c1ccc(Cl)cc1)c2ccc(Cl)cc2,-6.9,-1.9644970414201186,-344.66272189349127,-341.4201183431953,-120.8284023668639,-0.5010268639053247,-1.6335627959091767,28.404264449573315,0.0,-0.16221586324276374,0.0,0,0.021464646464646468,0.0353061224489796,0.014467592592592593,0.00987654320987654,0.025625000000000002,0.0,False
Glutethimide,CCC1(CCC(=O)NC1=O)c2ccccc2,-2.337,2.4037460978147744,-83.26222684703436,46.31113423517167,25.182101977107177,-0.13673165868886578,-5.741297577690606,6.776382758060071,0.0,-0.07838004822000769,0.0,0,0.030381944444444448,0.02666666666666667,0.015625,0.02040816326530612,0.0,0.0,True
Fluometuron,CN(C)C(=O)Nc1cccc(c1)C(F)(F)F,-3.43,-2.7105624142661173,33.074074074074076,-144.46913580246914,38.691358024691354,0.17220972290809203,8.444149906570093,0.7084288929976458,0.0,0.055491838531701074,0.0,0,0.032986111111111105,0.03339517625231911,0.024305555555555556,0.0,0.0,0.0,True
Acenapthene,C1Cc2cccc3cccc1c23,-4.63,7.669421487603306,-88.84297520661158,94.21487603305783,0.0,0.0,-19.42787153746336,147.8773604293523,0.0,-0.04896642714414457,0.0,0,0.0,0.0,0.0,0.0,0.0,0.0,False
methyl nicotinate,COC(=O)c1cccnc1,-0.46,0.8304498269896184,-43.996539792387544,-8.114186851211066,31.401384083044988,0.15021193079584735,-12.415754728263744,26.374819260606277,0.0,-0.011645661379953723,0.0,0,0.03819444444444445,0.04,0.0,0.0,0.0,0.0,False
megestrol acetate,CC(=O)OC3(CCC4C2C=C(C)C1=CC(=O)CCC1(C)C2CCC34C)C(C)=O,-5.35,11.715555555555552,-140.4933333333334,-78.20444444444443,204.6977777777778,-0.3407147199999983,-55.00930432883157,8.453754278569079,0.0,-0.397354475150383,0.0,0,0.03195,0.030767735665694847,0.022942733641075477,0.01692113882590073,0.010378492527615333,0.011461415501819542,True
Dimefuron,CN(C)C(=O)Nc1ccc(c(Cl)c1)n2nc(oc2=O)C(C)(C)C,-4.328,-9.808956916099778,-14.63492063492061,-159.96371882086171,-594.0249433106577,-1.183224724489795,15.901800857001403,25.388561368452745,0.0,0.02436361705908848,5.687386274683562,0,0.031842592592592596,0.030237602287291734,0.012939004967066191,0.01990425799949609,0.011763668430335097,0.012652141247182573,True
"3,3-Dimethyl-2-butanol",CC(O)C(C)(C)C,-0.62,0.0,111.7551020408163,0.0,0.0,0.0,16.021152129061328,59.76206181117148,0.0,0.00687025486714008,0.0,0,0.0,0.0,0.0,0.0,0.0,0.0,False
"1,2,3-Trimethylbenzene ",Cc1cccc(C)c1C,-3.2,3.306122448979592,27.55102040816325,82.6530612244898,0.0,0.0,6.024760921964115,127.49495030079122,0.0,0.007204255801922194,0.0,0,0.0,0.0,0.0,0.0,0.0,0.0,False
1-Hexanol,CCCCCCO,-1.24,0.23809523809523836,1.6054421768707494,1.523809523809526,9.312925170068027,0.026831265306122298,-1.4660273613503312,75.02178659360737,0.0,0.05630530859867805,0.0,0,0.027777777777777776,0.0,0.0,0.0,0.0,0.0,False
Benzotriazole,c2ccc1[nH]nnc1c2,-0.78,0.6173469387755104,-5.387755102040811,11.755102040816329,0.0,0.0,6.265814235769787,82.91385350710759,0.0,-0.038071912695540014,0.0,0,0.0,0.0,0.0,0.0,0.0,0.0,False
"2,3,3',4,4',5-PCB",Clc1ccc(cc1Cl)c2cc(Cl)c(Cl)c(Cl)c2Cl,-7.82,-1.0413223140495855,-55.173553719008204,-362.67768595041326,137.68595041322305,0.5626980165289251,0.43894584404202847,46.9680319356484,0.0,0.0396267895172563,11.126902983393991,0,0.03508771929824561,0.02908163265306123,0.021780303030303032,0.013101536911060719,0.0,0.0,False
Norethisterone,CC34CCC1C(CCC2=CC(=O)CCC12O)C3CCC4(O)C#C,-4.57,4.937526030820491,30.48771345272801,164.57809246147434,-5.087880049979178,-0.38443340608079973,-6.493672675342022,135.13542848770615,0.0,-0.15931206036469214,12.343784214475903,0,0.03580459770114943,0.03208912550527457,0.020449499244142102,0.015390106659947927,0.015134479717813051,0.009624868210726795,True
Risocaine,CCCOC(=O)c1ccc(N)cc1,-2.452,-4.25,-42.7810650887574,-56.29585798816568,-6.923076923076914,0.14103553846153635,-3.1857517054038773,35.742392555769925,0.0,-0.10440608068771326,0.0,0,0.02932098765432099,0.014460641399416913,0.018663194444444444,0.022549760644998737,0.0,0.0,True
nifedipine,COC(=O)C1=C(C)NC(=C(C1c2ccccc2N(=O)=O)C(=O)OC)C,-4.76,-32.75175770686857,-163.70524607896166,8.983234180638176,-394.374797187669,-4.8732886014061645,-31.607022389293473,43.20523075790105,0.0,0.1280943816052578,0.0,0,0.03605769230769231,0.02334027488546439,0.012415824915824917,0.0058309037900874635,0.0,0.0,True
Propionaldehyde,CCC=O,0.58,0.0,0.0,0.0,0.0,0.0,0.0,47.86292349202242,0.0,-0.02991479986555086,0.0,0,0.0,0.0,0.0,0.0,0.0,0.0,False
Ethyl vinyl ether,CCOC=C,-0.85,0.3195266272189351,-0.1597633136094586,25.881656804733733,0.0,0.0,-2.2080864654732317,117.9029695405414,0.0,-0.030310266257247698,0.0,0,0.0,0.0,0.0,0.0,0.0,0.0,False
Inosine,OCC1OC(C(O)C1O)n2cnc3c(O)ncnc23,-1.23,-3.5931321540062418,-21.401664932362113,23.01456815816859,-55.290322580645146,-0.27576554838709677,-1.5039926497685656,250.17171775708093,0.0,-0.15899341216632362,5.879988336435371,0,0.026468253968253967,0.02254976064499873,0.01930163090877376,0.012975560594608212,0.0078125,0.0,False
dioctyl phthalate,CCCCCCCCOC(=O)c1ccccc1C(=O)OCCCCCCCC,-5.115,-2.499540863177228,69.2451790633609,-40.86317722681357,-81.75757575757575,-1.2367469090909116,12.985496991948224,31.754505890797162,0.0,0.11754407639120266,0.0,0,0.018229166666666668,0.011603498542274052,0.009002057613168721,0.007267864410721554,0.0060500000000000016,0.003783627521001258,False
nitrofurantoin,O=C2CN(N=Cc1ccc(o1)N(=O)=O)C(=O)N2,-3.38,1.22117202268431,-1.2816635160680614,-28.678638941398873,21.3742911153119,-0.8541913119092627,-1.4391652859120339,42.163016150622205,0.0,0.13137599033167516,0.0,0,0.02136752136752136,0.017735665694849363,0.01642219387755102,0.01718964334705075,0.012768959435626103,0.0,True
1-Octadecanol,CCCCCCCCCCCCCCCCCCO,-8.4,-0.19205909510618643,0.6611265004616782,0.6500461680517089,0.6278855032317643,-0.005412786703600977,-0.44332256852678864,109.73153592090338,0.0,0.030732779616515635,0.0,0,0.003968253968253968,0.0031397174254317113,0.0026041666666666665,0.0022446689113355773,0.0020000000000000005,0.0018365472910927456,False
2-Methyl-1-Pentene,CCCC(=C)C,-3.03,0.7407407407407414,-33.33333333333334,41.66666666666666,0.0,0.0,-7.289216917931983,130.18023047939238,0.0,0.0003296639422609338,0.0,0,0.0,0.0,0.0,0.0,0.0,0.0,False
7-methoxypteridine,COc2cnc1cncnc1n2,-0.91,-4.358024691358025,-3.3333333333333286,-63.22222222222223,55.000000000000014,0.11824799999999931,0.7484955107592555,49.14633656131737,0.0,-0.1069445730109795,5.879988336435371,0,0.02430555555555556,0.020136054421768707,0.027777777777777776,0.0,0.0,0.0,False
Benzonitrile,N#Cc1ccccc1,-1.0,0.37869822485207105,1.3727810650887604,-8.976331360946746,0.0,0.0,4.047564687453344,95.1609121681347,0.0,0.015551079334220995,6.069221312792274,0,0.0625,0.0,0.0,0.0,0.0,0.0,False
Talbutal,CCC(C)C1(CC=C)C(=O)NC(=O)NC1=O,-2.016,2.75,-167.625,-150.6875,-13.0625,-0.6119410781249999,-5.771257487905935,29.04809312751384,0.0,0.05963452904184763,0.0,0,0.029079861111111112,0.026938775510204085,0.0,0.0,0.0,0.0,True
chlorquinox,c2(Cl)c(Cl)c(Cl)c1nccnc1c2(Cl),-5.43,2.0,-75.5625,-260.5,0.0,0.0,-1.306552022695888,48.009387904118036,0.0,-0.16850696207723373,0.0,0,0.03240740740740741,0.04,0.0,0.0,0.0,0.0,False
2-Bromonapthalene,Brc1ccc2ccccc2c1,-4.4,1.6049382716049392,19.777777777777786,-181.55555555555554,0.0,0.0,2.4939984982654275,103.74159196316926,0.0,0.029160330215170206,0.0,0,0.020833333333333336,0.04,0.0,0.0,0.0,0.0,False
Ethyl-p-aminobenzoate,CCOC(=O)c1ccc(N)cc1,-2.1,-2.672967863894139,-58.27977315689981,-25.67863894139887,6.1625708884688155,0.05211657466918609,-0.7229733729271899,23.11603993230286,0.0,-0.017200718631519882,0.0,0,0.0376984126984127,0.020244897959183675,0.029513888888888888,0.0,0.0,0.0,True
2-Chloropropane,CC(C)Cl,-1.41,0.0,0.0,0.0,0.0,0.0,0.0,84.4939159102287,0.0,-0.00921886498570573,0.0,0,0.0,0.0,0.0,0.0,0.0,0.0,False
4-Isopropyltoluene,CC(C)c1ccc(C)cc1,-3.77,-3.3333333333333335,-0.5208333333333249,8.333333333333341,78.12500000000001,0.07411249999999957,-0.11389401434274554,144.81294021704488,0.0,-0.01695725091252706,0.0,0,0.07870370370370372,0.0,0.0,0.0,0.0,0.0,False
"2,2',3,3'-PCB",Clc1cccc(c1Cl)c2cccc(Cl)c2Cl,-7.28,-1.4380165289256206,-224.95867768595042,42.61157024793389,-46.115702479338836,-0.14837239669421518,-2.905627757823004,20.70451113968426,0.0,-0.019432682228648187,11.126902983393991,0,0.027777777777777776,0.020272108843537414,0.013888888888888888,0.0,0.0,0.0,False
dexamethasone acetate,CC4CC3C2CCC1=CC(=O)C=CC1(C)C2(F)C(O)CC3(C)C4(O)C(=O)COC(C)=O,-4.9,-0.7385535900104132,-113.02497398543184,199.86992715920917,-210.00936524453695,-1.7133893485952119,-41.84638280241186,73.72426669618693,0.0,-0.0018431509164796688,0.0,0,0.03966861598440546,0.029797808012093724,0.017659248658813118,0.0165822158767485,0.013110970819304152,0.009029690847872666,True
Terbumeton,CCNc1nc(NC(C)(C)C)nc(OC)n1,-3.239,-24.441632653061227,-194.40979591836737,-169.76653061224485,-132.30857142857144,0.505613005714286,18.410834603900547,52.44168752155561,0.0,-0.09665078180171532,6.010464839586836,0,0.04289215686274509,0.029714285714285717,0.01171875,0.0,0.0,0.0,True
Xipamide,Cc1cccc(C)c1NC(=O)c2cc(c(Cl)cc2O)S(N)(=O)=O,-3.79,2.1433518005540173,76.03324099722994,211.44598337950134,62.22160664819944,-0.8304773518005537,-20.08197849024606,167.9363396576807,0.0,-0.01151383275615823,5.749511833283905,0,0.0441468253968254,0.015453905700211117,0.016019570707070704,0.0242139740886608,0.005798611111111112,0.012345679012345678,True
Decalin,C1CCC2CCCCC2C1,-5.19,2.448979591836735,10.459183673469385,30.612244897959176,0.0,0.0,2.2871777574124357,141.92507663539683,0.0,0.011516196832225958,0.0,0,0.0,0.0,0.0,0.0,0.0,0.0,False
Ethylene,C=C,-0.4,0.0,0.0,0.0,0.0,0.0,0.0,91.6297857297023,0.0,-0.04840640015634343,0.0,0,0.0,0.0,0.0,0.0,0.0,0.0,False
Propyl propanoate,CCCCC(=O)OC,-1.34,-0.17999999999999977,1.2800000000000047,-57.28000000000001,43.56,0.20903183999999903,-0.9579252816811299,21.531641381229388,0.0,-0.003253987304840899,0.0,0,0.018518518518518517,0.0,0.0,0.0,0.0,0.0,False
Triethyl phosphate,CCOP(=O)(OCC)OCC,0.43,-0.8387573964497027,-360.6035502958579,-78.37278106508874,207.0532544378698,1.0368249630177475,15.702975845099928,1.0294405975750212,0.0,0.11832644213980952,0.0,0,0.027777777777777776,0.0,0.0,0.0,0.0,0.0,True
3-Chlorobiphenyl,c1c(Cl)cccc1c2ccccc2,-4.88,-0.3925619834710734,12.661157024793384,-41.48760330578512,-18.214876033057863,-0.05538738842975215,-1.6321658604239704,81.90183970429558,0.0,-0.1704354589454045,11.126902983393991,0,0.025,0.01673469387755102,0.013888888888888888,0.0,0.0,0.0,True
"2,2',3,3',5,5',6,6'-PCB",Clc1cc(Cl)c(Cl)c(c1Cl)c2c(Cl)c(Cl)cc(Cl)c2Cl,-9.15,-4.0,182.8429752066116,298.87603305785126,-194.21487603305786,-0.5709572231404957,-2.4949793020572857,2.4122094650302337,0.0,-0.10757532031855412,11.126902983393991,0,0.028645833333333332,0.02040816326530612,0.012345679012345678,0.0,0.0,0.0,False
diphenamid,CN(C)C(=O)C(c1ccccc1)c2ccccc2,-2.98,-10.204081632653063,-0.2465306122448861,-239.20489795918365,82.01469387755101,0.34437230040816125,2.4958678215570647,19.80245159321682,0.0,0.06860359877315408,0.0,0,0.016865079365079364,0.01616326530612245,0.019965277777777776,0.0,0.0,0.0,True
Procymidone,CC12CC2(C)C(=O)N(C1=O)c3cc(Cl)cc(Cl)c3,-4.8,-9.828775267538646,-55.52199762187872,107.84304399524378,-815.2437574316289,-2.1891189060642082,20.19585308724701,0.22590643308676134,0.1767766952966369,-0.001559985063066713,0.0,0,0.03994444444444445,0.032025699168556306,0.012345679012345678,0.0,0.0,0.0,True
Diphenylmethane,C(c1ccccc1)c2ccccc2,-4.08,-1.3599999999999997,26.4,-12.159999999999998,9.920000000000003,0.009410508799999693,5.773059799002135,152.33332726384293,0.0,0.06088805075825865,0.0,0,0.0013888888888888896,0.009795918367346938,0.012152777777777776,0.0,0.0,0.0,True
m-Chlorobromobenzene,Clc1cccc(Br)c1,-3.21,0.0,-199.99999999999997,0.0,0.0,0.0,2.3236124012887367,76.42815392120261,0.0,0.023192832275932995,0.0,0,0.0,0.0,0.0,0.0,0.0,0.0,False
Khellin,COc2c1occc1c(OC)c3c(=O)cc(C)oc23,-3.021,-18.914672216441204,-195.9854318418314,-296.92091571279906,39.88033298647238,1.172325148803328,-18.383043042326005,38.533498006834925,0.0,0.0020445743816260298,11.49902366656781,1,0.03572420634920635,0.024217687074829936,0.010204081632653059,0.0,0.0,0.0,True
t-Butylbenzene,CC(C)(C)c1ccccc1,-3.66,1.4583333333333344,-39.58333333333333,5.208333333333345,0.0,0.0,-8.655945090044284,94.49746428229325,0.0,0.02384839541348661,0.0,0,0.0625,0.0,0.0,0.0,0.0,0.0,False
Ethyl propyl ether,CCCOCC,-0.66,0.8888888888888897,-15.296296296296298,3.555555555555554,0.0,0.0,-3.8968323891650707,69.81774837045978,0.0,-0.07226683866737288,0.0,0,0.0,0.0,0.0,0.0,0.0,0.0,False
nifuroxime,ON=Cc1ccc(o1)N(=O)=O,-2.19,-0.2933333333333328,-34.888888888888886,-8.333333333333336,-23.11111111111111,-0.5369171199999995,1.114801043382928,30.017159814816086,0.0,0.07646869528536739,0.0,0,0.03822222222222223,0.0272108843537415,0.0,0.0,0.0,0.0,False
Methoprene,COC(C)(C)CCCC(C)CC=CC(C)=CC(=O)OC(C)C,-5.19,-10.02551020408163,-57.244897959183696,94.48469387755104,191.52040816326527,0.6496057959183709,15.658802418437372,32.62730070862144,0.0,-0.05568519446640183,0.0,0,0.038011695906432746,0.012987012987012988,0.015625,0.008230452674897117,0.015384615384615385,0.005509641873278237,True
Diazinon,CCOP(=S)(OCC)Oc1cc(C)nc(n1)C(C)C,-3.64,-9.322500000000002,-436.2574999999999,-200.43999999999997,-384.3125,-1.8100463124999993,-8.848956997302304,0.4371826227156798,0.0,0.07419801071754335,5.879988336435371,0,0.030495169082125594,0.024367346938775503,0.017144097222222224,0.013958175862937763,0.0,0.0,True
o-Nitrophenol,Oc1ccccc1N(=O)=O,-1.74,1.3333333333333337,-47.04,-9.880000000000003,0.0,0.0,5.35069780275485,21.968069539953248,0.0,0.016417205558056824,5.749511833283905,0,0.0625,0.0,0.0,0.0,0.0,0.0,False
Propanil,CCC(=O)Nc1ccc(Cl)c(Cl)c1,-3.0,-3.1033057851239674,-35.48760330578512,19.396694214876035,-193.7190082644628,-0.5835920826446278,-0.48277204845737665,15.322586605411347,0.0,-0.029768231519495893,0.0,0,0.031635802469135804,0.03183673469387755,0.014756944444444444,0.0,0.0,0.0,True
Androsterone,CC12CCC(O)CC1CCC3C2CCC4(C)C3CCC4=O,-4.402,0.11072664359861055,50.795847750865036,90.90157631680124,16.402921953094953,-0.35835777008842973,-8.066949654876513,77.5360339173449,0.0,-0.026533759371645357,0.0,0,0.03472222222222223,0.03050722043203246,0.017764477585906154,0.019543200878234888,0.01507908950617284,0.0,True
"2,2',3,5'-PCB",Clc1ccc(Cl)c(c1)c2cccc(Cl)c2Cl,-6.47,-1.438016528925621,31.04132231404956,42.61157024793389,-46.115702479338836,-0.14837239669421518,-2.5077027168540047,17.046736205548736,0.0,-0.15447591351282106,11.126902983393991,0,0.026234567901234566,0.020272108843537414,0.013888888888888888,0.0,0.0,0.0,False
2-Methyl-2-pentanol,CCCC(C)(C)O,-0.49,1.1904761904761907,-58.39455782312925,65.19047619047618,0.0,0.0,-6.887096079998322,49.00221063064239,0.0,0.06599327434662404,0.0,0,0.0,0.0,0.0,0.0,0.0,0.0,False
glucose,OCC1OC(O)C(O)C(O)C1O,0.74,5.0,-26.0,22.0,9.0,0.09241600000000016,0.3818195437570256,128.54604263946834,0.0,-0.01667491718135092,0.0,0,0.02361111111111111,0.0,0.0,0.0,0.0,0.0,False
"2,3-Dimethylpentane",CCC(C)C(C)C,-4.28,0.8506616257088851,33.7429111531191,41.682419659735345,0.0,0.0,7.37878196512796,181.6975349839268,0.0,0.10347342574342781,0.0,0,0.0,0.0,0.0,0.0,0.0,0.0,False
Menthone,CC(C)C1CCC(C)CC1=O,-2.35,-0.7847800237812125,-131.9892984542212,55.01545778834722,69.53864447086802,0.14490757669441007,-0.21921088301477584,0.0,0.0,0.1880045946509504,0.0,0,0.07870370370370372,0.0,0.0,0.0,0.0,0.0,False
phenylbutazone,CCCCC1C(=O)N(N(C1=O)c2ccccc2)c3ccccc3,-3.81,-19.99945916711736,-42.09734991887509,-233.1568415359654,-70.65332612222821,0.2196752363439665,19.389646720994413,12.331199476295112,0.0,0.15543513179788626,0.0,0,0.024583333333333332,0.009799919967987193,0.008680555555555556,0.006982687254796097,0.0073214285714285725,0.012345679012345678,True
Butanethiol,CCCCS,-2.18,0.11999999999999994,-51.33333333333332,16.333333333333336,0.0,0.0,-1.662548197412674,87.6222952123833,0.0,-0.021114267884923495,0.0,0,0.0,0.0,0.0,0.0,0.0,0.0,False
3-chloropropionitrile,ClCCC#N,-0.29,0.0,0.0,0.0,0.0,0.0,0.0,95.0200505561171,0.0,-0.018287936770023897,6.069221312792274,0,0.0,0.0,0.0,0.0,0.0,0.0,False
5-(3-Methyl-2-butenyl)-5-isoPrbarbital,O=C1NC(=O)NC(=O)C1(C(C)C)CC=C(C)C,-2.593,-14.97061224489796,-122.78122448979593,18.698775510204086,321.8971428571429,1.5078246399999995,33.12430481645066,19.64692446520058,0.0,-0.07287279310649276,0.0,0,0.05514705882352942,0.0076020408163265316,0.03935185185185185,0.0,0.0,0.0,True
osthole,c1cc2ccc(OC)c(CC=C(C)(C))c2oc1=O,-4.314,-14.844290657439448,46.19377162629758,-14.14186851211073,-167.6678200692041,-0.1407647889273374,-9.43718935442839,41.05151694341266,0.0,0.05585048453603503,5.749511833283905,0,0.033775252525252535,0.023544575725026856,0.01765046296296296,0.01020408163265306,0.0,0.0,True
p-Fluoroacetanilide,CC(=O)Nc1ccc(F)cc1,-1.78,-0.2437673130193903,-9.770083102493079,-5.271468144044326,-46.13019390581718,-0.8029046426592779,3.228700268450493,34.26954425215949,0.0,-0.04102708575237749,0.0,0,0.028935185185185185,0.05387755102040817,0.0,0.0,0.0,0.0,False
Vinclozolin,CC1(OC(=O)N(C1=O)c2cc(Cl)cc(Cl)c2)C=C,-4.925,-6.32098765432099,-123.31275720164605,136.49382716049374,-343.0727023319616,-0.8371813772290815,19.51747261500249,13.78297283945609,0.0,-0.13267112501038683,0.0,0,0.034027777777777775,0.02649029982363315,0.016710069444444444,0.006802721088435374,0.0,0.0,True
1-Napthol,Oc1cccc2ccccc12,-2.22,3.1329639889196663,-41.0,30.0,0.0,0.0,-2.819148890194468,64.23255779134378,0.0,-0.003566567473106575,5.749511833283905,0,0.020833333333333332,0.0,0.0,0.0,0.0,0.0,False
"1,2,4,5-Tetramethylbenzene",Cc1cc(C)c(C)cc1C,-4.59,5.208333333333335,5.729166666666685,5.2083333333333455,0.0,0.0,1.2528341577694668,93.95252581492588,0.0,-0.026768082079672635,0.0,0,0.0,0.0,0.0,0.0,0.0,0.0,False
Coronene,c1cc2ccc3ccc4ccc5ccc6ccc1c7c2c3c4c5c67,-9.332,-30.0,-8.333333333333337,-116.66666666666667,66.66666666666661,0.06324266666666588,-1.8223042294829876,213.1268255604343,0.0,0.5946468511295158,0.0,0,0.02222222222222222,0.008163265306122446,0.0,0.0,0.0,0.0,False
3-Methyl-2-butanol,CC(C)C(C)O,-0.18,0.0,75.85185185185185,0.0,0.0,0.0,10.089982366493642,47.07787283144788,0.0,0.016759900793838198,0.0,0,0.0,0.0,0.0,0.0,0.0,0.0,False
Methoxychlor,COc1ccc(cc1)C(c2ccc(OC)cc2)C(Cl)(Cl)Cl,-6.89,0.2777777777777776,-226.26543209876544,-337.00000000000006,135.58333333333331,-0.4802636319444448,-4.317472550658425,0.0,0.0,0.011395432034243437,11.49902366656781,0,0.023313492063492067,0.036326530612244896,0.020061728395061727,0.003292181069958847,0.011875,0.013740094548175355,True
gentisin,c1c(O)C2C(=O)C3cc(O)ccC3OC2cc1(OC),-2.943,-4.670339761248851,4.487603305785118,-81.04132231404958,-115.45454545454545,-1.4815648484848478,0.0495343288367018,187.54897219177457,0.0,0.05663748393818335,0.0,1,0.029040404040404047,0.029714285714285714,0.010732323232323234,0.019463340891912317,0.017812500000000002,0.0,True
methyl laurate,CCCCCCCCCCCC(=O)OC,-4.69,-0.07614515169541912,2.969660916121357,2.360499702558001,1.1421772754312944,-0.11546490898274797,-0.41464545517677653,20.859418457681308,0.0,0.26298223255588987,0.0,0,0.01111111111111111,0.009070294784580497,0.0078125,0.007054673721340386,0.006666666666666668,0.006611570247933884,True
Isopropyl formate,CC(C)OC=O,-0.63,0.0,-31.224489795918352,0.0,0.0,0.0,5.3887889576513714,55.11097615774404,0.0,-0.03402282681292916,0.0,0,0.0,0.0,0.0,0.0,0.0,0.0,False
Pentyl acetate,CCCCCOC(=O)C,-1.89,-1.7599243856332698,2.177693761814742,-9.758034026465028,-40.57088846880907,-0.2814612476370508,-0.8090844413142843,24.5897704622356,0.0,0.056665099597567284,0.0,0,0.027777777777777776,0.0272108843537415,0.0,0.0,0.0,0.0,False
"2,2',3,4,4',5',6-PCB",Clc1ccc(c(Cl)c1)c2c(Cl)c(Cl)c(Cl)c(Cl)c2Cl,-7.92,-1.6239669421487593,56.03305785123966,-361.6198347107438,-40.165289256198335,-0.059951987603307444,-1.6540433154635168,47.35230438477568,0.0,-0.21845442392098338,11.126902983393991,0,0.032407407407407406,0.030876350540216087,0.018055555555555554,0.016376921138825898,0.0,0.0,False
Phenytoin,O=C1NC(=O)C(N1)(c2ccccc2)c3ccccc3,-4.097,-1.6524453694068686,-76.22060353798126,-115.0072840790843,39.398543184183126,0.05195880124869935,-10.30208358512758,30.543246452983517,0.0,0.08336413842397347,0.0,0,0.017611111111111112,0.015600907029478457,0.017361111111111112,0.0,0.0,0.0,True
Endrin,ClC4=C(Cl)C5(Cl)C3C1CC(C2OC12)C3C4(Cl)C5(Cl)Cl,-6.18,14.0,-928.1124828532235,-1052.40877914952,0.0,0.0,-15.082977945941826,0.0,0.23570226039551584,0.3706601346079676,0.0,1,0.054444444444444434,0.04518518518518518,0.0,0.0,0.0,0.0,True
DDD,ClC(Cl)C(c1ccc(Cl)cc1)c2ccc(Cl)cc2,-7.2,-1.4693877551020427,-152.48979591836743,-352.32653061224516,-117.50510204081634,-0.47865779591836616,2.6570694385126283,2.386314957346251,0.0,-0.1545810573384781,0.0,0,0.021464646464646468,0.0353061224489796,0.014467592592592593,0.00987654320987654,0.025625000000000002,0.0,False
Urea,NC(=O)N,0.96,0.0,0.0,0.0,0.0,0.0,0.0,27.82894694353077,0.0,-0.009466872943730966,0.0,0,0.0,0.0,0.0,0.0,0.0,0.0,False
chlordimeform,CN(C)C=Nc1ccc(Cl)cc1C,-2.86,-6.5,-112.0,-7.0,286.0,0.5932324999999996,-13.60132982368705,92.49193349853044,0.0,0.036788791153098445,0.0,0,0.04089506172839506,0.015204081632653065,0.03935185185185185,0.0,0.0,0.0,True
p-Chloroaniline,Nc1ccc(Cl)cc1,-1.66,0.6530612244897959,101.3061224489796,-91.26530612244898,0.0,0.0,3.773167265834123,111.27985010134256,0.0,-0.09710040065497627,0.0,0,0.0,0.0,0.0,0.0,0.0,0.0,False
"2,2'-PCB",Clc1ccccc1c2ccccc2Cl,-5.27,-0.09917355371900796,-9.421487603305781,-153.6198347107438,63.107438016528924,0.11131717355371841,-3.9323391321695818,182.45396901060354,0.0,0.005602141809469861,11.126902983393991,0,0.014957264957264956,0.026394557823129255,0.0,0.0,0.0,0.0,True
Pentylcyclopentane,CCCCCC1CCCC1,-6.08,-1.9999999999999996,-8.56105310099843e-15,-3.1086244689504375e-15,-3.3306690738754696e-15,-4.577916194274203e-16,2.7684709112804862e-14,138.03071742439198,0.0,-0.05945664778746705,0.0,0,0.016000000000000004,0.013888888888888885,0.020408163265306117,0.0,0.0,0.0,False
"2,4,6-Trimethylphenol",Cc1cc(C)c(O)c(C)c1,-2.05,7.6446280991735565,-130.02479338842974,145.25619834710747,0.0,0.0,-33.67759218649386,63.09463151339563,0.0,-0.00842984275208037,5.749511833283905,0,0.0,0.0,0.0,0.0,0.0,0.0,False
Phenylhydrazine,NNc1ccccc1,0.07,1.0,5.390625,13.125,0.0,0.0,-0.18842176808776867,93.89398037301098,0.0,-0.03675698013642823,0.0,0,0.0625,0.0,0.0,0.0,0.0,0.0,False
DDE,ClC(Cl)=C(c1ccc(Cl)cc1)c2ccc(Cl)cc2,-6.9,-1.9644970414201186,-344.66272189349127,-341.4201183431953,-120.8284023668639,-0.5010268639053247,-1.6335627959091767,23.34800795069639,0.0,-0.1030659028645557,0.0,0,0.021464646464646468,0.0353061224489796,0.014467592592592593,0.00987654320987654,0.025625000000000002,0.0,False
Methyl propyl ether,CCCOC,-0.39,0.3599999999999999,-15.119999999999997,29.159999999999997,0.0,0.0,-4.083163476732663,134.6271100375121,0.0,-0.02018733803598374,0.0,0,0.0,0.0,0.0,0.0,0.0,0.0,False
Propylisopropylether,CCCOC(C)C,-1.34,1.5306122448979593,-15.442176870748298,-21.897959183673468,0.0,0.0,-3.791470653459196,126.14814568618374,0.0,0.011989826462497752,0.0,0,0.0,0.0,0.0,0.0,0.0,0.0,False
Ethyl heptanoate,CCCCCCC(=O)OCC,-2.74,-1.114149821640904,-52.24970273483947,1.6741973840665814,-55.93341260404279,-0.570578416171224,-2.1466838216751607,6.1535279845079245,0.0,-0.03876498755514766,0.0,0,0.018518518518518517,0.0163265306122449,0.0078125,0.012345679012345675,0.0,0.0,False
guanine,Nc2nc1[nH]cnc1c(=O)[nH]2,-3.583,2.69140625,-108.375,26.640625,0.0,0.0,0.34918290673093666,53.58817151335757,0.0,-0.10078530420704826,0.0,0,0.04000000000000001,0.0,0.0,0.0,0.0,0.0,False
"1,2-Diethylbenzene",CCc1ccccc1CC,-3.28,4.791666666666669,-86.45833333333333,36.45833333333334,0.0,0.0,-18.906406380886132,83.49451301537422,0.0,-0.07314762011064734,0.0,0,0.041666666666666664,0.0,0.0,0.0,0.0,0.0,False
"2,3,5,6-Tetrachlorophenol",Oc1c(Cl)c(Cl)cc(Cl)c1Cl,-3.37,0.715976331360947,35.0887573964497,60.360946745562146,0.0,0.0,2.7377477104700105,50.58026682892623,0.0,-0.06874396510191301,5.749511833283905,0,0.0,0.0,0.0,0.0,0.0,0.0,False
2-Chlorobiphenyl,Clc1ccccc1c2ccccc2,-4.54,-0.028925619834709728,-97.88429752066116,-66.21487603305788,37.057851239669404,0.05422502066115661,-3.277356500794606,177.0634399744069,0.0,-0.042488363668797276,11.126902983393991,0,0.01666666666666667,0.0236734693877551,0.0,0.0,0.0,0.0,True
phenolphthalein,Oc1ccc(cc1)C2(OC(=O)c3ccccc23)c4ccc(O)cc4,-2.9,-8.313019390581717,-71.74238227146817,-113.18559556786705,47.01662049861494,1.0294156786703605,0.720290754909397,38.69973503329826,0.0,-0.10365494107167893,11.49902366656781,0,0.021815245478036174,0.018138070042831952,0.024813397581254722,0.009496676163342828,0.020625,0.0,True
2-Pentanol,CCCC(C)O,-0.29,0.5925925925925932,-33.185185185185176,37.925925925925924,0.0,0.0,-1.745405988398063,39.39416089365555,0.0,0.023150821659893978,0.0,0,0.0,0.0,0.0,0.0,0.0,0.0,False
Phosalone,CCOP(=S)(OCC)SCn1c(=O)oc2cc(Cl)ccc12,-5.233,3.378086419753086,-561.3858024691357,229.01234567901238,2.929012345678996,-2.0417197932098756,-34.34205508268016,23.748028795914756,0.0,0.14315606039292927,0.0,0,0.038804347826086945,0.021366213151927434,0.012848993764172333,0.013905620118417734,0.01013888888888889,0.014437302316090195,True
4-Heptanol,CCCC(O)CCC,-1.4,0.5625,-69.875,21.0625,27.5625,0.07155624999999956,-1.3521120534031912,46.20410379106767,0.0,0.01344938098040495,0.0,0,0.027777777777777776,0.0,0.0,0.0,0.0,0.0,False
4-Bromotoluene,Cc1ccc(Br)cc1,-3.19,0.8533333333333336,175.52,-405.71999999999997,0.0,0.0,8.267882677330908,103.11465169923281,0.0,0.09309587885401688,0.0,0,0.0,0.0,0.0,0.0,0.0,0.0,False
"1,2,3,4-Tetrachlorobenzene",Clc1ccc(Cl)c(Cl)c1Cl,-4.57,0.0,-61.25000000000002,0.0,0.0,0.0,2.6252535160777395,28.688685403579846,0.0,-0.025459736567108218,0.0,0,0.0,0.0,0.0,0.0,0.0,0.0,False
1-Chloro-2-bromoethane,ClCCBr,-1.32,0.0,0.0,0.0,0.0,0.0,0.0,98.75466175654576,0.0,-0.0022922389944596755,0.0,0,0.0,0.0,0.0,0.0,0.0,0.0,False
Isobutyl formate,CC(C)COC=O,-1.01,1.0380622837370248,-29.72664359861592,-33.197231833910045,0.0,0.0,-10.439605340390361,71.69137084261887,0.0,0.03800772859603957,0.0,0,0.0,0.0,0.0,0.0,0.0,0.0,False
"1,3-Butadiene",C=CC=C,-1.87,0.0,16.0,0.0,0.0,0.0,3.498824120607351,98.35890849844603,0.0,-0.07989385248709119,0.0,0,0.0,0.0,0.0,0.0,0.0,0.0,False
Cyhalothrin,CC1(C)C(C=C(Cl)C(F)(F)F)C1C(=O)OC(C#N)c2cccc(Oc3ccccc3)c2,-8.176,-14.369999999999997,-132.4336,-267.2528,-87.28800000000001,-0.7235752779999924,2.490841875505929,0.5475950051317666,0.16666666666666666,0.06691700608095795,17.568244979360085,0,0.03345410628019324,0.022185743862762494,0.01112982586196872,0.013542946113630635,0.011025511188271607,0.009252117130905011,False
"2,2,3-Trimethylbutane",CC(C)C(C)(C)C,-4.36,0.0,125.04725897920603,0.0,0.0,0.0,27.344897870767888,163.25011712355976,0.0,-0.001740994914595199,0.0,0,0.0,0.0,0.0,0.0,0.0,0.0,False
p-Nitrotoluene,Cc1ccc(cc1)N(=O)=O,-2.49,-1.7993079584775087,36.05536332179932,-13.546712802768164,0.0,0.0,0.7284067999549692,18.137095074869613,0.0,0.030868713853423983,0.0,0,0.07870370370370372,0.0,0.0,0.0,0.0,0.0,False
Diphenyl ether,O(c1ccccc1)c2ccccc2,-3.96,-2.7183364839319473,-19.26654064272212,-40.64272211720226,23.606805293005674,0.10100427977315503,5.1172404213938245,29.912318823899945,0.0,-0.11219577191257314,11.49902366656781,0,0.0013888888888888896,0.009795918367346938,0.012152777777777776,0.0,0.0,0.0,True
Kepone,ClC1(C(=O)C2(Cl)C3(Cl)C14Cl)C5(Cl)C2(Cl)C3(Cl)C(Cl)(Cl)C45Cl,-5.259,3.8140589569161,176.44444444444443,-37.77777777777778,0.0,0.0,4.360538723161443,5.72176061409007,0.0,0.4238518637209762,0.0,0,0.022970085470085472,0.0,0.0,0.0,0.0,0.0,False
Apazone,CCCC1C(=O)N3N(C1=O)c2cc(C)ccc2N=C3N(C)C,-3.538,-35.61904761904761,-107.65759637188205,-446.5714285714286,-58.342403628117935,-0.2848577959183638,7.048970872512591,12.403404646959684,0.0,0.17052134019653079,0.0,1,0.03766812865497076,0.022077446363160648,0.021586829176114885,0.007180650037792894,0.0078125,0.0,True
4-Ethyltoluene,CCc1ccc(C)cc1,-3.11,-1.1020408163265303,19.387755102040806,-13.265306122448983,41.326530612244895,0.03920399999999981,4.239646574715506,132.2971937151598,0.0,0.10504438898116539,0.0,0,0.05902777777777778,0.0,0.0,0.0,0.0,0.0,False
cyclobarbital,CCC1(C(=O)NC(=O)NC1=O)C2=CCCCC2,-2.17,1.3590449954086286,-240.13223140495867,-57.644628099173524,29.107438016528935,-0.32008316620752986,-6.499542695715883,43.561007098137395,0.0,0.033052722433108216,0.0,0,0.028549382716049385,0.028,0.015625,0.02040816326530612,0.0,0.0,True
"1,2-Dichlorotetrafluoroethane",FC(F)(Cl)C(F)(F)Cl,-2.74,0.0,0.0,0.0,0.0,0.0,0.0,0.09449360062910142,0.0,0.019530877684429345,0.0,0,0.0,0.0,0.0,0.0,0.0,0.0,False
tubercidin,Nc1ncnc2n(ccc12)C3OC(CO)C(O)C3O,-1.95,-4.760330578512397,-31.17355371900828,22.429752066115697,-47.16253443526172,-0.1996364187327823,3.235584144160154,197.52537733764822,0.0,-0.18375862652001856,0.0,0,0.026468253968253967,0.02254976064499873,0.01930163090877376,0.012975560594608212,0.0078125,0.0,False
aminopyrine,CN(C)c2c(C)n(C)n(c1ccccc1)c2=O,-0.364,-0.5467128027681657,-308.49480968858137,-48.564013840830455,24.775086505190306,0.3345260830449817,26.021964953684886,26.46936709810636,0.0,0.1756227948531969,5.687386274683562,0,0.02817901234567901,0.021636432350718063,0.015624999999999998,0.02040816326530612,0.0,0.0,True
"2,2',3,3',5,6-PCB",Clc1cccc(c1Cl)c2c(Cl)c(Cl)cc(Cl)c2Cl,-8.6,-2.586776859504131,-34.80991735537195,18.413223140495827,-109.5867768595041,-0.32744625619834694,-2.7216796685045974,21.904812450233734,0.0,-0.11954657098347264,11.126902983393991,0,0.027777777777777776,0.02036014405762305,0.013888888888888888,0.0,0.0,0.0,False
4-Bromophenol,Oc1ccc(Br)cc1,-1.09,0.37869822485207105,165.7396449704142,-155.8639053254438,0.0,0.0,3.8361047274331788,59.37356971240047,0.0,0.012940731476817081,5.749511833283905,0,0.0,0.0,0.0,0.0,0.0,0.0,False
"2,4',5-PCB",Clc1ccc(cc1)c2cc(Cl)ccc2Cl,-6.25,-0.008264462809917687,133.91735537190084,-121.2231404958677,117.32231404958677,0.38143854958677736,-1.432524055998417,95.49838695062843,0.0,0.025976776348564552,11.126902983393991,0,0.02777777777777778,0.029024943310657598,0.021180555555555557,0.01020408163265306,0.0,0.0,True
trans-2-Pentene,CC/C=C/C,-2.54,0.3599999999999999,-8.333333333333336,25.0,0.0,0.0,-1.8223042294830034,87.15849763346773,0.0,-0.11295432592229916,0.0,0,0.0,0.0,0.0,0.0,0.0,0.0,False
Pentyl propanoate,CCCCC(=O)OCC,-2.25,-1.1512287334593567,-56.17769376181475,-55.410207939508496,17.78449905482042,0.22022980718336363,-2.2792173326038636,14.410636983119764,0.0,-0.03930693771006469,0.0,0,0.013888888888888888,0.020408163265306124,0.0,0.0,0.0,0.0,False
Difenoxuron,COc2ccc(Oc1ccc(NC(=O)N(C)C)cc1)cc2,-4.16,-0.9395134779750159,63.280736357659414,-82.31032215647599,85.99211045364892,-0.03163212623274234,9.55813886693252,41.71299324039087,0.0,0.1271216487381193,17.248535499851716,0,0.018939393939393943,0.022403628117913833,0.018601190476190473,0.007597340930674262,0.012604166666666668,0.0082551873185482,True
"2,3-Dimethyl-1,3-Butadiene",CC(=C)C(=C)C,-2.4,0.0,87.890625,0.0,0.0,0.0,19.219614920328553,116.75724575090021,0.0,-0.05739793656371136,0.0,0,0.0,0.0,0.0,0.0,0.0,0.0,False
Atratone,CCNc1nc(NC(C)C)nc(OC)n1,-2.084,-20.1044921875,-175.55078125,-196.54296875,-56.6640625,0.6727780859374999,5.1900856003402165,54.76088248201396,0.0,-0.08180145028074941,6.010464839586836,0,0.03657407407407407,0.02700680272108844,0.010416666666666666,0.0,0.0,0.0,True
Raffinose,OCC1OC(CO)(OC2OC(COC3OC(CO)C(O)C(O)C3O)C(O)C(O)C2O)C(O)C1O,-0.41,0.7171717171717177,-48.504132231404945,35.02020202020202,-22.938475665748403,0.8172078016528923,17.32655337803873,0.0,0.0,-0.20578149071730933,0.0,0,0.02764444444444445,0.02239562491663332,0.018025265661820285,0.01483816151259215,0.010600430474333985,0.00922305392461499,False
Caffeine,Cn1cnc2n(C)c(=O)n(C)c(=O)c12,-0.876,9.333333333333334,-221.125,-50.3125,0.0,0.0,3.9495018118256286,47.20653056568162,0.0,-0.03412351524170555,0.0,0,0.03475694444444445,0.0,0.0,0.0,0.0,0.0,False
Methoproptryne,COCCCNc1nc(NC(C)C)nc(SC)n1,-2.928,-15.627218934911241,-146.07889546351086,-189.4234056541749,-95.04996712689018,0.7135717567389872,-1.846401876540926,56.85192592033326,0.0,-0.04669598505251356,0.0,0,0.02887426900584795,0.0202641056422569,0.010550213675213676,0.011869768483525096,0.01080357142857143,0.008264462809917356,True
Dyphylline,Cn2c(=O)n(C)c1ncn(CC(O)CO)c1c2=O,-0.17,-5.59375,-164.8046875,-36.4921875,-98.671875,-0.7222261874999998,-10.582389317314192,67.7338901605637,0.0,-0.1380834423477676,0.0,0,0.03621345029239766,0.029328449328449326,0.019618055555555555,0.009019904257999494,0.0,0.0,False
Butyl acetate,CCCCOC=O,-1.37,-0.10380622837370228,-10.442906574394469,-23.16262975778547,0.0,0.0,4.342048852403511,73.07625462617723,0.0,0.01896957079709011,0.0,0,0.027777777777777776,0.0,0.0,0.0,0.0,0.0,False
"Etoposide (148-167,25mg/ml)",COc1cc(cc(OC)c1O)C6C2C(COC2=O)C(OC4OC3COC(C)OC3C(O)C4O)c7cc5OCOc5cc67,-3.571,-1.8436815193571987,64.08400292184075,-124.72826880934991,36.46018991964937,3.2611296829802767,7.904595139903709,91.64782200715547,0.0,0.20969777776924148,28.747559166419524,1,0.02386973180076629,0.02041563878298572,0.016129794211591445,0.011795972905874183,0.010242059936280369,0.007964615855524946,False
Hexane,CCCCCC,-3.84,0.7199999999999995,-4.25,-4.5,0.0,0.0,-0.9293751570363254,129.87615774772658,0.0,-0.04577524303790304,0.0,0,0.0,0.0,0.0,0.0,0.0,0.0,False
"2,6-Dinitrotoluene",Cc1c(cccc1N(=O)=O)N(=O)=O,-3.0,5.149584487534624,-94.21606648199445,35.819944598337955,0.0,0.0,11.04158705045458,22.91267333144542,0.0,-0.011651531824952687,0.0,0,0.059027777777777776,0.0,0.0,0.0,0.0,0.0,False
