Compound ID,SMILES,ATSC6d,ATSC5Z,ATSC6Z,ATSC8Z,ATSC8se,ATSC5i,RPCS,Xch-3d,Mor24v,SMR_VSA9,nG12FHRing,JGI5,JGI6,JGI7,JGI8,JGI9,JGI10,GhoseFilter,measured log(solubility:mol/L)
Dimefuron,CN(C)C(=O)Nc1ccc(c(Cl)c1)n2nc(oc2=O)C(C)(C)C,-9.808956916099778,-14.63492063492061,-159.96371882086171,-594.0249433106577,-1.183224724489795,15.901800857001405,25.388561368452745,0.0,0.0243636170590884,5.687386274683562,0,0.0318425925925925,0.0302376022872917,0.0129390049670661,0.019904257999496,0.011763668430335,0.0126521412471825,True,-4.328
estriol,CC34CCC1C(CCc2cc(O)ccc12)C3CC(O)C4O,6.800000000000004,5.648888888888901,63.53333333333335,-20.37333333333334,-0.2816793600000003,-5.3131844739401615,162.85446930849182,0.0,-0.318637590719007,5.749511833283905,0,0.0329333333333333,0.0302494331065759,0.0229439990281827,0.016572009462221,0.0191882716049382,0.0,True,-4.955
prednisolone acetate,CC(=O)OCC(=O)C3(O)CCC4C2CCC1=CC(=O)C=CC1(C)C2C(O)CC34C,1.3412812410226953,46.96552714737149,76.47428899741452,-91.97098534903762,-2.1138470910657854,-18.841620763102625,35.44906774492936,0.0,-0.0686586827229612,0.0,0,0.0348015873015873,0.0291247165532879,0.0177206299186341,0.0171117829847988,0.0106408179012345,0.0111134656589202,True,-4.37
"2,4,5-Trichlorophenol ",Oc1cc(Cl)c(Cl)cc1Cl,0.5917159763313609,127.58579881656806,-61.86390532544379,0.0,0.0,3.4404591487871112,65.23650643859965,0.0,-0.1172386375308104,5.749511833283905,0,0.0,0.0,0.0,0.0,0.0,0.0,False,-2.21
Benzotriazole,c2ccc1[nH]nnc1c2,0.6173469387755104,-5.387755102040811,11.755102040816327,0.0,0.0,6.265814235769787,82.91385350710759,0.0,-0.03807191269554,0.0,0,0.0,0.0,0.0,0.0,0.0,0.0,False,-0.78
"1,3-Difluorobenzene",Fc1cccc(F)c1,0.0,-17.25,0.0,0.0,0.0,4.914704674999994,33.405639563443536,0.0,-0.0794362054904385,0.0,0,0.0,0.0,0.0,0.0,0.0,0.0,False,-2.0
Coronene,c1cc2ccc3ccc4ccc5ccc6ccc1c7c2c3c4c5c67,-30.0,-8.333333333333337,-116.66666666666669,66.66666666666661,0.0632426666666658,-1.822304229482988,213.1268255604343,0.0,0.5946468511295158,0.0,0,0.0222222222222222,0.0081632653061224,0.0,0.0,0.0,0.0,False,-9.332
chlordimeform,CN(C)C=Nc1ccc(Cl)cc1C,-6.5,-112.0,-7.0,286.0,0.5932324999999996,-13.60132982368705,92.49193349853044,0.0,0.0367887911530984,0.0,0,0.040895061728395,0.015204081632653,0.0393518518518518,0.0,0.0,0.0,True,-2.86
Permethrin,CC1(C)C(C=C(Cl)Cl)C1C(=O)OCc2cccc(Oc3ccccc3)c2,3.463137996219282,-108.5349716446125,-406.21928166351614,-173.9338374291115,-0.6842622797731561,23.41487714650405,28.130861312056517,0.1666666666666666,0.0610898317710968,11.49902366656781,0,0.0179079861111111,0.0192290249433106,0.0106851234083376,0.0131366098628003,0.0089138741916519,0.0109514902107494,False,-6.291
Thalidomide,O=C1N(C2CCC(=O)NC2=O)C(=O)c3ccccc13,-5.0820451843044,-91.8799048751486,-111.80737217598094,52.58026159334125,0.1897113436385254,8.966305281039913,42.62386020405988,0.0,0.102534911933626,0.0,0,0.0323188405797101,0.0192828798185941,0.0156309051398337,0.0147372606449987,0.0123456790123456,0.0,True,-2.676
Propylcyclopentane,CCCC1CCCC1,1.3333333333333324,-25.0,-3.3306690738754696e-15,0.0,0.0,-5.466912688449002,200.15727869832972,0.0,-0.0346146671822882,0.0,0,0.04,0.0,0.0,0.0,0.0,0.0,False,-4.74
1-Pentadecanol,CCCCCCCCCCCCCCCO,-0.239583333333333,0.7760416666666687,0.7604166666666694,0.7291666666666685,-0.0098177499999998,-0.5390172679889498,110.06372768947348,0.0,-0.0928709051374037,0.0,0,0.005050505050505,0.0040816326530612,0.0034722222222222,0.0030864197530864,0.0028571428571428,0.0027548209366391,True,-6.35
"1,3,5-Trinitrobenzene",O=N(=O)c1cc(cc(c1)N(=O)=O)N(=O)=O,12.499999999999998,9.0,-12.0,0.0,0.0,8.158444383420726,37.30078677437315,0.0,0.0806028474266026,0.0,0,0.0578703703703703,0.0,0.0,0.0,0.0,0.0,False,-2.89
chloralose,OCC(O)C2OC1OC(OC1C2O)C(Cl)(Cl)Cl,1.5535714285714293,-141.74489795918367,85.78571428571428,-17.77551020408165,0.4927321096938775,-3.5059653806841604,0.0,0.0,-0.1537183970129393,0.0,0,0.0353819444444444,0.0311688311688311,0.0358796296296296,0.0105820105820105,0.0,0.0,False,-1.84
Flumethasone,CC1CC2C3CC(F)C4=CC(=O)C=CC4(C)C3(F)C(O)CC2(C)C1(O)C(=O)CO,8.075407817790078,-180.3684210526315,208.8307171437365,-42.46014158202523,-0.2070119999999997,-38.764277693261285,175.9897328522242,0.0,0.0074956231602685,0.0,0,0.0409970238095238,0.0314706835114998,0.020563173185941,0.0149339196958244,0.0119422398589065,0.0094305245820397,True,-5.613
Biphenyl,c1ccc(cc1)c2ccccc2,0.0661157024793399,-10.743801652892566,-19.00826446280993,17.35537190082644,0.0164639999999997,-2.3494170231351026,131.93277245491555,0.0,-0.0309487224469301,11.126902983393991,0,0.0173611111111111,0.0195918367346938,0.0,0.0,0.0,0.0,False,-4.345
Tricyclazole,Cc2cccc3sc1nncn1c23,4.272500000000002,-201.76999999999995,33.510000000000026,0.0,0.0,-38.248686860194354,36.814323694958354,0.0,-0.0486057172571918,0.0,1,0.0248412698412698,0.0,0.0,0.0,0.0,0.0,True,-2.07
Rovral,CC(C)NC(=O)N1CC(=O)N(C1=O)c2cc(Cl)cc(Cl)c2,-9.879757785467127,-220.0,213.0,71.0,0.7513391833910035,18.15875179250076,30.751613538301047,0.0,0.105218270428282,0.0,0,0.0343415637860082,0.0202581545438688,0.0194978632478632,0.0085453934660283,0.0177678571428571,0.0041152263374485,True,-4.376
Propiconazole,CCCC1COC(Cn2cncn2)(O1)c3ccc(Cl)cc3Cl,-10.111111111111107,-37.98422090729783,4.902695595003275,-116.34976988823144,-0.3318237028270918,-0.8760902167472673,0.0,0.0,-0.1153861008847841,0.0,0,0.0309722222222222,0.0123522297808012,0.015194998453927,0.0113572494524875,0.0141679526748971,0.0,True,-3.493
Acetanilide,CC(=O)Nc1ccccc1,0.2770083102493084,-35.87534626038782,-10.3240997229917,23.34349030470914,0.0696965318559553,-4.172382410066184,18.796954488711886,0.0,-0.0487975064081051,0.0,0,0.0236111111111111,0.04,0.0,0.0,0.0,0.0,False,-1.33
Acetonitrile,CC#N,0.0,0.0,0.0,0.0,0.0,0.0,102.46833041642886,0.0,0.0375780855931456,6.069221312792274,0,0.0,0.0,0.0,0.0,0.0,0.0,False,0.26
Xipamide,Cc1cccc(C)c1NC(=O)c2cc(c(Cl)cc2O)S(N)(=O)=O,2.1433518005540173,76.03324099722994,211.4459833795013,62.22160664819944,-0.8304773518005537,-20.08197849024606,167.9363396576807,0.0,-0.0115138327561582,5.749511833283905,0,0.0441468253968254,0.0154539057002111,0.0160195707070707,0.0242139740886608,0.0057986111111111,0.0123456790123456,True,-3.79
Mebendazole,COC(=O)Nc2nc1ccc(cc1[nH]2)C(=O)c3ccccc3,-2.261224489795919,-13.44000000000001,-31.6,-47.2,-0.6196173061224485,-7.270837166491056,55.49805901198498,0.0,-0.0004940231655913,0.0,0,0.0273931623931623,0.0188859311840678,0.0139839927198949,0.0116814913796206,0.0081818181818181,0.0059631103402147,True,-3.88
p-Chloroaniline,Nc1ccc(Cl)cc1,0.6530612244897959,101.3061224489796,-91.26530612244898,0.0,0.0,3.773167265834123,111.27985010134256,0.0,-0.0971004006549762,0.0,0,0.0,0.0,0.0,0.0,0.0,0.0,False,-1.66
Propetamphos,CCNP(=S)(OC)OC(=CC(=O)OC(C)C)C,-1.1979547114682252,-479.192111029949,119.39371804236676,-26.32943754565376,-0.7083665493060622,-0.5973979340188108,35.93617107816503,0.0,0.0907176222155678,0.0,0,0.037037037037037,0.0136054421768707,0.021875,0.0098765432098765,0.008,0.0,True,-3.408
nifedipine,COC(=O)C1=C(C)NC(=C(C1c2ccccc2N(=O)=O)C(=O)OC)C,-32.75175770686857,-163.70524607896166,8.983234180638176,-394.374797187669,-4.8732886014061645,-31.607022389293476,43.20523075790105,0.0,0.1280943816052578,0.0,0,0.0360576923076923,0.0233402748854643,0.0124158249158249,0.0058309037900874,0.0,0.0,True,-4.76
"2,2',4,4',6,6'-PCB",Clc1cc(Cl)c(c(Cl)c1)c2c(Cl)cc(Cl)cc2Cl,-1.5867768595041325,32.09917355371894,-518.3140495867768,-289.9504132231405,-0.9159256198347112,-3.8454760100296896,148.7569778756712,0.0,-0.1855471001134319,11.126902983393991,0,0.0214646464646464,0.0470748299319727,0.0069444444444444,0.0327538422776517,0.0,0.0,False,-8.71
brompyrazone,c1ccccc1n2ncc(N)c(Br)c2(=O),-4.119092627599243,-30.841209829867672,-256.6408317580341,-44.17769376181477,0.0287378015122869,12.718768781604394,23.55207906314982,0.0,-0.0675086520395285,5.687386274683562,0,0.0299145299145299,0.0246712018140589,0.0186631944444444,0.0204081632653061,0.0,0.0,True,-3.127
Ipazine,CCN(CC)c1nc(Cl)nc(NC(C)C)n1,-18.062283737024224,-107.64013840830452,-184.242214532872,-73.39792387543251,0.2814001332179946,19.394092763054825,22.531363253660132,0.0,-0.0311715455475076,0.0,0,0.037173202614379,0.0230903790087463,0.0208333333333333,0.0,0.0,0.0,True,-3.785
Ethyl-p-aminobenzoate,CCOC(=O)c1ccc(N)cc1,-2.672967863894139,-58.27977315689981,-25.67863894139887,6.162570888468816,0.052116574669186,-0.7229733729271899,23.11603993230286,0.0,-0.0172007186315198,0.0,0,0.0376984126984127,0.0202448979591836,0.0295138888888888,0.0,0.0,0.0,True,-2.1
1-Chloropropane,CCCCl,0.0,0.0,0.0,0.0,0.0,0.0,91.66715355004168,0.0,0.0008684705055373,0.0,0,0.0,0.0,0.0,0.0,0.0,0.0,False,-1.47
bromopropylate,CC(C)OC(=O)C(O)(c1ccc(Br)cc1)c2ccc(Br)cc2,-13.42936288088643,-58.25484764542941,156.01385041551248,134.0166204986149,0.9211152548476468,9.47355295653001,3.3527043528623093,0.0,-0.1162315587114944,0.0,0,0.0273692810457516,0.0256326530612244,0.0160984848484848,0.0208891637463065,0.0085416666666666,0.0,True,-4.93
Perfluidone,Cc1cc(ccc1NS(=O)(=O)C(F)(F)F)S(=O)(=O)c2ccccc2,4.685185185185187,-283.33024691358025,-78.09259259259258,302.9166666666667,3.5158864444444418,-49.09708680655231,0.5550928950728669,0.0,0.0525206205863277,0.0,0,0.0316584967320261,0.0194662480376766,0.0256331699346405,0.0182805632541082,0.0103125,0.0098577068274037,True,-3.8
6-aminochrysene,Nc3cc2c1ccccc1ccc2c4ccccc34,-3.216796875,-71.0,-24.0,10.0,-0.0025602499999991,-21.23973285625028,148.860185217247,0.0,0.258503493544341,0.0,0,0.0268719806763285,0.0175238095238095,0.0092592592592592,0.0080624842529604,0.0,0.0,True,-6.2
3-Chloroanisole,COc1cccc(Cl)c1,1.4765625,18.90625,-115.09375,0.0,0.0,1.0812148059431377,40.15419814178136,0.0,0.0058440109925933,5.749511833283905,0,0.03125,0.0,0.0,0.0,0.0,0.0,False,-2.78
"2,2',3,3',5,5',6,6'-PCB",Clc1cc(Cl)c(Cl)c(c1Cl)c2c(Cl)c(Cl)cc(Cl)c2Cl,-4.0,182.8429752066116,298.87603305785126,-194.21487603305783,-0.5709572231404957,-2.4949793020572857,2.4122094650302337,0.0,-0.1075753203185541,11.126902983393991,0,0.0286458333333333,0.0204081632653061,0.0123456790123456,0.0,0.0,0.0,False,-9.15
Norea,CN(C)C(=O)NC1CC2CC1C3CCCC23,-3.73961218836565,31.304709141274262,-18.914127423822706,-38.448753462603854,-0.4212211412742383,-11.026632651428056,31.682846391150157,0.0,0.1752842051770565,0.0,0,0.031765873015873,0.0317044595616024,0.0225694444444444,0.0156249999999999,0.0,0.0,True,-3.171
2-Methylbutan-2-ol,CCC(C)(C)O,0.0,66.37037037037037,0.0,0.0,0.0,8.828734570681936,46.21939977975791,0.0,-0.0916441504963284,0.0,0,0.0,0.0,0.0,0.0,0.0,0.0,False,0.15
1-Heptene,CCCCCC=C,2.3417586841689633e-16,-5.403085386509097e-15,-4.440892098500627e-15,16.666666666666664,0.0158106666666664,1.1141141342818636e-14,157.77270244747527,0.0,-0.0053332033149276,0.0,0,0.0277777777777777,0.0,0.0,0.0,0.0,0.0,False,-3.73
3-Methyl-2-pentanol,CCC(C)CCO,0.8503401360544219,11.591836734693876,0.7551020408163273,0.0,0.0,4.910547932824867,53.7229487400852,0.0,0.0182947119591914,0.0,0,0.0,0.0,0.0,0.0,0.0,0.0,False,-0.72
Pyrazon,Nc2cnn(c1ccccc1)c(=O)c2Cl,-4.119092627599244,-58.98109640831758,-104.64461247637053,-4.060491493383759,0.0024409395085061,9.443800487553473,29.14765207556808,0.0,-0.0877638900901896,5.687386274683562,0,0.0299145299145299,0.0246712018140589,0.0186631944444444,0.0204081632653061,0.0,0.0,True,-2.878
hydantoin,O=C1CNC(=O)N1,0.0,0.0,0.0,0.0,0.0,0.0,33.52324558528457,0.0,0.0700866024920123,0.0,0,0.0,0.0,0.0,0.0,0.0,0.0,False,-0.4
Niridazole,O=C1NCCN1c2ncc(s2)N(=O)=O,-6.4,-162.0,5.0,-67.5,-1.4822884649999986,-13.905627911073568,33.737200130840485,0.0,0.1484245766231638,0.0,0,0.0302222222222222,0.0270489148040168,0.0136054421768707,0.0,0.0,0.0,True,-3.22
nifuroxime,ON=Cc1ccc(o1)N(=O)=O,-0.2933333333333328,-34.888888888888886,-8.333333333333336,-23.11111111111111,-0.5369171199999995,1.114801043382928,30.01715981481609,0.0,0.0764686952853673,0.0,0,0.0382222222222222,0.0272108843537415,0.0,0.0,0.0,0.0,False,-2.19
2-Hexanone,CCCCC(=O)C,1.0387811634349025,3.013850415512462,-42.43213296398893,0.0,0.0,-0.4516505909760054,20.75449447559788,0.0,0.0600144584976173,0.0,0,0.0,0.0,0.0,0.0,0.0,0.0,False,-0.8
1-Chloroheptane,CCCCCCCCl,-0.5103969754253304,1.0056710775047295,-1.7240075614366708,-62.18336483931946,-0.1604313005671074,-0.4310515588636365,168.18222001858592,0.0,-0.0517851456461625,0.0,0,0.0185185185185185,0.0204081632653061,0.0,0.0,0.0,0.0,False,-4.0
Digitoxin,CC1OC(CC(O)C1O)OC2C(O)CC(OC2C)OC8C(O)CC(OC7CCC3(C)C(CCC4C3CCC5(C)C(CCC45O)C6=CC(=O)OC6)C7)OC8C,-12.81154840563056,36.20281528296466,168.57713300775637,-123.30881930479735,-1.3454619867854083,-0.5142446247354291,162.17427922509864,0.0,-0.1377938001347869,0.0,0,0.0267995169082125,0.0270783969018318,0.0154999248695462,0.0134526243157195,0.0095020736882716,0.0075778467697659,False,-5.293
Hexachloroethane,ClC(Cl)(Cl)C(Cl)(Cl)Cl,0.0,0.0,0.0,0.0,0.0,0.0,0.0,0.0,-0.1837586060466196,0.0,0,0.0,0.0,0.0,0.0,0.0,0.0,False,-3.67
dimethirimol,CCCCc1c(C)nc(nc1O)N(C)C,-5.018166089965398,-132.61245674740482,-220.5363321799308,58.40830449826989,0.2820197785467117,0.9695627332827648,109.13900051862278,0.0,0.0846369881251955,5.879988336435371,0,0.03125,0.0177551020408163,0.0225694444444444,0.0164609053497942,0.0,0.0,True,-2.24
Ethisterone,CC12CCC(=O)C=C1CCC3C2CCC4(C)C3CCC4(O)C#C,4.367166474432906,43.888888888888935,139.7777777777778,10.222222222222236,-0.3701150449827001,-8.736141490987649,68.9893326880386,0.0,-0.3537920941328278,12.343784214475903,0,0.0358045977011494,0.0320891255052745,0.0204494992441421,0.0153901066599479,0.015134479717813,0.0096248682107267,True,-5.66
"5,6,7,8-tetrahydro-2-naphthol",Oc2ccc1CCCCc1c2,1.3761814744801524,-1.1115311909262795,-15.750472589792068,12.283553875236294,0.0255969905482038,-4.80799513232129,76.19620334184626,0.0,-0.0664031960696858,5.749511833283905,0,0.0208333333333333,0.04,0.0,0.0,0.0,0.0,False,-1.99
1-Hexadecanol,CCCCCCCCCCCCCCCCO,-0.2214532871972319,0.7335640138408346,0.7197231833910083,0.6920415224913521,-0.0080515617070345,-0.5029022934815399,135.5374076812493,0.0,0.0976524589093932,0.0,0,0.0046296296296296,0.0037105751391465,0.003125,0.0027434842249657,0.0025,0.0023612750885478,True,-7.0
"2,2',3,4,5-PCB",Clc1cc(Cl)c(cc1Cl)c2cccc(Cl)c2Cl,-1.2066115702479352,-3.867768595041319,-6.842975206611566,6.247933884297522,0.0573811983471073,-1.758314655524599,20.208890068109568,0.0,-0.1139344050919032,11.126902983393991,0,0.0307017543859649,0.02600583090379,0.0190972222222222,0.010204081632653,0.0,0.0,False,-7.21
d-inositol,OC1C(O)C(O)C(O)C(O)C1O,4.5,-15.0,36.0,0.0,0.0,8.26913498737503,171.72059053028778,0.0,0.1862316399597197,0.0,0,0.0,0.0,0.0,0.0,0.0,0.0,False,0.35
Azodrin,CNC(=O)C=C(C)OP(=O)(OC)OC,0.2244897959183678,-168.5357142857143,3.841836734693888,-241.35204081632645,-3.481575141581631,-2.1283395281572948,0.6920773389622833,0.0,0.2633027980792059,0.0,0,0.0303030303030302,0.0226757369614512,0.0089285714285714,0.0,0.0,0.0,True,0.651
Benfluralin,CCCCN(CC)c1c(cc(cc1N(=O)=O)C(F)(F)F)N(=O)=O,-1.1216305062458976,160.4082840236687,46.467455621301774,-194.94082840236683,-5.990234966469431,10.406160080059632,0.2377101673104712,0.0,0.1138736168218201,0.0,0,0.0483024691358024,0.0133834586466165,0.0209354575163398,0.0078735197782816,0.015,0.0,True,-5.53
1-Iodonapthalene,Ic1cccc2ccccc12,2.327160493827161,-615.5555555555557,-86.88888888888893,0.0,0.0,-7.610089011389054,131.0631948969466,0.0,0.0099716562911142,0.0,0,0.0208333333333333,0.0,0.0,0.0,0.0,0.0,False,-4.55
Methyl acrylate,COC(=O)C=C,0.6666666666666664,-6.611111111111109,48.16666666666666,0.0,0.0,-4.254504659460607,22.739739306651224,0.0,-0.0287513802501907,0.0,0,0.0,0.0,0.0,0.0,0.0,0.0,False,-0.22
3-Methylphenol,Cc1cccc(O)c1,1.75,-48.890625,48.234375,0.0,0.0,1.4051115156165035,66.35883299722693,0.0,0.0186749499306184,5.749511833283905,0,0.0,0.0,0.0,0.0,0.0,0.0,False,-0.68
metharbital,CCC1(CC)C(=O)NC(=O)N(C)C1=O,7.5,-219.2244897959184,34.97959183673469,0.0,0.0,7.56386248992187,29.23869489978333,0.0,0.0773403757732998,0.0,0,0.0337301587301587,0.0,0.0,0.0,0.0,0.0,True,-2.23
Methaqualone,Cc1ccccc1n3c(C)nc2ccccc2c3=O,-2.5996326905417804,-119.0,-191.0,5.0,0.2340111111111126,-6.264523035265085,15.781590335429296,0.0,0.0689693008613544,5.687386274683562,0,0.0247222222222222,0.0214285714285714,0.0074652777777777,0.0105316200554295,0.0,0.0,True,-2.925
5-(3-Methyl-2-butenyl)-5-isoPrbarbital,O=C1NC(=O)NC(=O)C1(C(C)C)CC=C(C)C,-14.97061224489796,-122.78122448979592,18.698775510204086,321.8971428571429,1.5078246399999995,33.12430481645066,19.64692446520058,0.0,-0.0728727931064927,0.0,0,0.0551470588235294,0.0076020408163265,0.0393518518518518,0.0,0.0,0.0,True,-2.593
Amobarbital,CCC1(CCC(C)C)C(=O)NC(=O)NC1=O,-8.761245674740485,-62.80622837370244,-57.38062283737023,173.3771626297578,0.7853117231833925,18.742662158245277,30.942232579867348,0.0,0.049643806456846,0.0,0,0.0472222222222222,0.0093563579277865,0.0393518518518518,0.0,0.0,0.0,True,-2.468
Buturon,CC(C#C)N(C)C(=O)Nc1ccc(Cl)cc1,-3.4506539833531518,118.75862068965516,-71.22473246135553,104.3400713436385,0.447778211652793,14.386403599141984,22.86952533645436,0.0,0.0313038520380466,12.343784214475903,0,0.0282738095238095,0.0236734693877551,0.0149305555555555,0.0170907869320567,0.011875,0.0,True,-3.9
Benzo(b)fluorene,C1c2ccccc2c3cc4ccccc4cc13,-3.824019024970273,12.901307966706293,-8.263971462544594,-11.920332936979795,-0.0113081046373368,2.821212968831048,121.02751205478609,0.0,0.1880696021066601,11.126902983393991,0,0.0278125,0.010204081632653,0.0062054583738257,0.003188775510204,0.0,0.0,True,-8.04
2-Butoxyethanol,CCCCOCCO,-0.9421487603305788,-15.0,-16.0,-4.0,-0.2324037024793387,2.6826229095357257,74.02559241244155,0.0,0.0141116749994491,0.0,0,0.0185185185185185,0.0204081632653061,0.0,0.0,0.0,0.0,False,-0.42
1-Napthol,Oc1cccc2ccccc12,3.1329639889196663,-41.0,30.0,0.0,0.0,-2.819148890194468,64.23255779134378,0.0,-0.0035665674731065,5.749511833283905,0,0.0208333333333333,0.0,0.0,0.0,0.0,0.0,False,-2.22
2-Methylpropene,CC(=C)C,0.0,0.0,0.0,0.0,0.0,0.0,95.12535357971664,0.0,-0.0506363616034901,0.0,0,0.0,0.0,0.0,0.0,0.0,0.0,False,-2.33
"Atovaquone(0,430mg/ml) - neutral",OC4=C(C1CCC(CC1)c2ccc(Cl)cc2)C(=O)c3ccccc3C4=O,0.0197530864197518,-84.76,-151.4888888888889,-61.88000000000003,-0.1596995688888894,-6.407656585722972,127.11641378380725,0.0,-0.155503839415212,0.0,0,0.0305555555555555,0.0216640502354788,0.012863005050505,0.0138573948097757,0.009625,0.0075202410318274,True,-5.931
benzothiazole,c2ccc1scnc1c2,1.2346938775510208,-20.0,32.0,0.0,0.0,0.4622790144082276,147.02830225178494,0.0,-0.006450424215466,0.0,0,0.0,0.0,0.0,0.0,0.0,0.0,False,-1.5
Prometon,COc1nc(NC(C)C)nc(NC(C)C)n1,-23.441632653061227,-194.40979591836737,-169.76653061224488,-107.3085714285714,0.529329005714286,18.410834603900547,55.43081740900767,0.0,-0.0999397980350938,6.010464839586836,0,0.0404411764705882,0.0269931972789115,0.015625,0.0,0.0,0.0,True,-2.478
2-Methylpropane,CC(C)C,0.0,0.0,0.0,0.0,0.0,0.0,139.22572963353454,0.0,0.0402860278433508,0.0,0,0.0,0.0,0.0,0.0,0.0,0.0,False,-2.55
"1,2,4-Trichlorobenzene",Clc1ccc(Cl)c(Cl)c1,0.0,70.75,0.0,0.0,0.0,3.168078471566439,83.4803192872681,0.0,-0.1007060929113564,0.0,0,0.0,0.0,0.0,0.0,0.0,0.0,False,-3.59
Pebulate,CCCCN(CC)C(=O)SCCC,-5.003460207612456,-195.0553633217993,-138.2318339100346,74.69550173010379,0.2875336963667815,0.2735001513262274,16.704649455891836,0.0,0.0086409333189175,0.0,0,0.0202020202020202,0.010204081632653,0.0078125,0.0123456790123456,0.0,0.0,True,-3.53
phenylbutazone,CCCCC1C(=O)N(N(C1=O)c2ccccc2)c3ccccc3,-19.99945916711736,-42.09734991887509,-233.1568415359654,-70.65332612222821,0.2196752363439665,19.389646720994413,12.331199476295112,0.0,0.1554351317978862,0.0,0,0.0245833333333333,0.0097999199679871,0.0086805555555555,0.006982687254796,0.0073214285714285,0.0123456790123456,True,-3.81
methyl nicotinate,COC(=O)c1cccnc1,0.8304498269896184,-43.99653979238754,-8.114186851211066,31.401384083044988,0.1502119307958473,-12.415754728263744,26.37481926060628,0.0,-0.0116456613799537,0.0,0,0.0381944444444444,0.04,0.0,0.0,0.0,0.0,False,-0.46
Cyclooctyl-5-spirobarbituric acid,O=C2NC(=O)C1(CCCCCCC1)C(=O)N2,1.359375,-25.125,-71.75,-19.3125,-0.5362308281250001,-10.061340721879471,42.89284601893919,0.0,0.1846608102623221,0.0,0,0.0218253968253968,0.03,0.015625,0.0204081632653061,0.0,0.0,True,-2.982
1-Bromopropane,CCCBr,0.0,0.0,0.0,0.0,0.0,0.0,107.34941337472492,0.0,0.0215875338375128,0.0,0,0.0,0.0,0.0,0.0,0.0,0.0,False,-1.73
3-Methylbutan-1-ol,CC(C)CCO,0.2962962962962965,-26.07407407407408,18.96296296296296,0.0,0.0,5.872933100817939,69.11476585886454,0.0,0.0045237896429123,0.0,0,0.0,0.0,0.0,0.0,0.0,0.0,False,-0.51
2-Propanol,CC(C)O,0.0,0.0,0.0,0.0,0.0,0.0,55.919437893239625,0.0,-0.0481700833612773,0.0,0,0.0,0.0,0.0,0.0,0.0,0.0,False,0.43
"2,4-Dimethyl-3-pentanone",CC(C)C(=O)C(C)C,2.6776859504132227,-97.88429752066112,131.20661157024796,0.0,0.0,-21.820167808198494,12.21061158287922,0.0,0.0702657226648023,0.0,0,0.0,0.0,0.0,0.0,0.0,0.0,False,-1.3
menthol,CC(C)C1CCC(C)CC1O,0.2861602497398524,-106.7950052029136,82.08844953173781,60.8553590010406,0.1268129781477623,1.9712309540545028,50.77067955307002,0.0,0.0956845276960889,0.0,0,0.0787037037037037,0.0,0.0,0.0,0.0,0.0,False,-2.53
Lenacil,O=c2[nH]c1CCCc1c(=O)n2C3CCCCC3,-8.479999999999999,-158.60000000000005,-225.6800000000001,50.000000000000014,0.5972269387755088,17.33525296446142,26.90107003945355,0.0,-0.3657991178711289,0.0,0,0.0231481481481481,0.017490551776266,0.0078184051398337,0.0047831632653061,0.0,0.0,True,-4.594
Deoxycorticosterone,CC12CCC3C(CCC4=CC(=O)CCC34C)C2CCC1C(=O)CO,7.333333333333333,-36.22222222222219,94.66666666666671,77.88888888888889,-0.16956538271605,-22.569001606201848,178.65515745870144,0.0,-0.0145658518375024,0.0,0,0.0320959595959595,0.0288344671201814,0.0201955782312925,0.017602565717645,0.0087219416386083,0.0132027344148556,True,-3.45
9-anthrol,c3ccc2c(O)c1ccccc1cc2c3,0.3760000000000001,-68.5728,-23.096,33.26400000000001,0.0863968639999999,-0.7328509698201019,71.84222056110382,0.0,0.0453738289827576,5.749511833283905,0,0.0196759259259259,0.0130612244897959,0.0,0.0,0.0,0.0,True,-4.73
Dioxacarb,CNC(=O)Oc1ccccc1C2OCCO2,-6.816884661117714,-60.24970273483945,-122.0535077288942,-52.863258026159386,-1.406783305588584,-21.333479770242946,17.71888303617042,0.0,0.0204164412018386,5.749511833283905,0,0.0225,0.0178894121751264,0.0156300615484288,0.0156249999999999,0.0,0.0,True,-1.57
Secobarbital,O=C1NC(=O)NC(=O)C1(C(C)CCC)CC=C,-1.3306122448979567,-191.80897959183676,-89.00408163265307,5.999183673469375,-0.2039694987755101,-5.188083452941084,31.753905720740235,0.0,-0.0869598848226669,0.0,0,0.0303362573099415,0.0202597402597402,0.0147569444444444,0.0,0.0,0.0,True,-2.356
Isopropylbenzene,CC(C)c1ccccc1,1.2857142857142865,-20.40816326530613,10.714285714285712,0.0,0.0,-4.46278586812166,137.2185214650152,0.0,-0.087022408837468,0.0,0,0.0625,0.0,0.0,0.0,0.0,0.0,False,-3.27
RTI 17,CCN2c1ccccc1N(C)C(=S)c3cccnc23,-4.977508650519028,-236.5051903114187,-280.5951557093426,207.40484429065745,0.399312918685122,-5.337260074911296,36.54806792035515,0.0,0.1440725374114896,0.0,1,0.0255172413793103,0.0175893947322518,0.0049130763416477,0.0,0.0,0.0,True,-4.706
o-Chloronitrobenzene,Clc1ccccc1N(=O)=O,1.020408163265306,-78.83673469387753,-21.551020408163264,0.0,0.0,4.349588223663292,14.95191510736942,0.0,-0.0015452381193711,0.0,0,0.0625,0.0,0.0,0.0,0.0,0.0,False,-2.55
Pentobarbital,O=C1NC(=O)NC(=O)C1(CC)C(C)CCC,0.2837370242214572,-290.4809688581315,98.49480968858131,69.560553633218,0.1556324844290663,7.376270219853883,29.484115829833133,0.0,0.0644112419664358,0.0,0,0.0422008547008547,0.0112471655328798,0.0295138888888888,0.0,0.0,0.0,True,-2.39
"1,2-Diethylbenzene",CCc1ccccc1CC,4.791666666666669,-86.45833333333333,36.45833333333334,0.0,0.0,-18.90640638088613,83.49451301537422,0.0,-0.0731476201106473,0.0,0,0.0416666666666666,0.0,0.0,0.0,0.0,0.0,False,-3.28
Pentyl acetate,CCCCCOC(=O)C,-1.7599243856332698,2.177693761814742,-9.758034026465028,-40.57088846880907,-0.2814612476370508,-0.8090844413142843,24.5897704622356,0.0,0.0566650995975672,0.0,0,0.0277777777777777,0.0272108843537415,0.0,0.0,0.0,0.0,False,-1.89
Estradiol,CC12CCC3C(CCc4cc(O)ccc34)C2CCC1O,4.950413223140491,42.28099173553719,80.29752066115705,-39.842975206611584,-0.1835760991735541,-1.8993771813831333,124.25675024184112,0.0,-0.0689310120082428,5.749511833283905,0,0.0301515151515151,0.030204081632653,0.019244850718065,0.0195432008782348,0.0150790895061728,0.0,True,-5.03
Malonic acid diethylester,CCOC(=O)CC(=O)OCC,-2.0793950850661638,-47.947069943289215,3.1531190926276054,-26.805293005671075,0.4001202268430978,-8.48728714337862,20.86292692382337,0.0,-0.0690756843631576,0.0,0,0.0277777777777777,0.0081632653061224,0.015625,0.0,0.0,0.0,False,-0.82
Epiandrosterone,CC34CCC1C(CCC2CC(O)CCC12C)C3CCC4=O,0.1107266435986114,50.79584775086504,90.90157631680124,16.402921953094957,-0.3583577700884297,-8.066949654876645,126.26495270013945,0.0,0.1908687885153658,0.0,0,0.0347222222222222,0.0305072204320324,0.0177644775859061,0.0195432008782348,0.0150790895061728,0.0,True,-4.16
Methyl pentanoate,CCCC(=O)OCC,0.0900000000000002,-115.43999999999998,-5.359999999999991,43.56,0.209031839999999,1.5385041349509585,20.414958033651363,0.0,-0.0826077258914056,0.0,0,0.0277777777777777,0.0,0.0,0.0,0.0,0.0,False,-1.36
Simetryn,CSc1nc(nc(n1)N(C)C)N(C)C,-18.06183115338883,-12.199762187871563,-687.0927467300831,618.549346016647,1.8170753008323357,-42.052545145533145,52.94584603528782,0.0,-0.0157790101018185,0.0,0,0.0504629629629629,0.0,0.0,0.0,0.0,0.0,True,-2.676
Furane,c1ccoc1,0.0,0.0,0.0,0.0,0.0,0.0,116.5635412480526,0.0,0.0109252345958652,0.0,0,0.0,0.0,0.0,0.0,0.0,0.0,False,-0.82
Tetrafluthrin,Cc1c(F)c(F)c(COC(=O)C2C(C=C(Cl)C(F)(F)F)C2(C)C)c(F)c1F,1.6674598453301614,-218.7566924449732,-253.34503271861976,-176.95776323616894,-2.741812568709101,29.706667351503373,1.2880360725822846,0.1666666666666666,0.1233814208748577,0.0,0,0.0393686868686868,0.0218951418951418,0.0208356953892668,0.0146604938271604,0.013707561728395,0.0121875318845015,True,-7.321
ethyl cinnamate,CCOC(=O)C=Cc1ccccc1,-1.4880000000000002,-3.8239999999999945,10.368000000000004,-64.43520000000001,-0.1871687168000005,-5.428349239276936,30.69964755023565,0.0,-0.208581841968624,0.0,0,0.0223765432098765,0.0103061224489795,0.0118634259259259,0.0109179474258839,0.015625,0.0,True,-3.0
Hydrocortisone 21-acetate,CC(=O)OCC(=O)C1(O)CCC2C3CCC4=CC(=O)CCC4(C)C3C(O)CC21C,1.047836603063692,42.278957269551206,85.2445579145391,-87.23568933082501,-2.053754865896265,-20.62276940377389,35.48907639369692,0.0,-0.1068383697239798,0.0,0,0.0348015873015873,0.0291247165532879,0.0177206299186341,0.0171117829847988,0.0106408179012345,0.0111134656589202,True,-4.88
Propyl propanoate,CCCCC(=O)OC,-0.1799999999999997,1.2800000000000047,-57.28000000000001,43.56,0.209031839999999,-0.95792528168113,21.531641381229388,0.0,-0.0032539873048408,0.0,0,0.0185185185185185,0.0,0.0,0.0,0.0,0.0,False,-1.34
theobromine,Cn1cnc2n(C)c(=O)[nH]c(=O)c12,6.428571428571426,-137.9455782312925,-6.714285714285712,0.0,0.0,7.103826943180551,48.46054509954625,0.0,-0.0506883088365048,0.0,0,0.0396111111111111,0.0,0.0,0.0,0.0,0.0,False,-2.523
2-Chlorobiphenyl,Clc1ccccc1c2ccccc2,-0.0289256198347097,-97.88429752066116,-66.21487603305788,37.05785123966941,0.0542250206611566,-3.277356500794606,177.0634399744069,0.0,-0.0424883636687972,11.126902983393991,0,0.0166666666666666,0.0236734693877551,0.0,0.0,0.0,0.0,True,-4.54
Fludrocortisone,CC34CC(O)C1(F)C(CCC2=CC(=O)CCC12C)C3CCC4(O)C(=O)CO,9.198660714285708,-128.8571428571429,67.96428571428565,15.056122448979574,-0.4400319183673468,-31.743223880230797,130.22361114163772,0.0,0.2548157398791127,0.0,0,0.0389613526570048,0.0315921115921115,0.0194324524681667,0.0161949553483944,0.0109638631687242,0.0110022786790463,True,-3.43
p-t-Butylphenol,CC(C)(C)c1ccc(O)cc1,-3.2384000000000004,-5.641599999999998,70.07039999999999,46.78559999999999,0.0974938176000003,-9.00936427583379,77.61182925046825,0.0,-0.0433725005657553,5.749511833283905,0,0.0885416666666666,0.0,0.0,0.0,0.0,0.0,False,-2.41
Decalin,C1CCC2CCCCC2C1,2.448979591836735,10.459183673469385,30.612244897959176,0.0,0.0,2.287177757412436,141.92507663539683,0.0,0.0115161968322259,0.0,0,0.0,0.0,0.0,0.0,0.0,0.0,False,-5.19
Dienestrol,CC=C(C(=CC)c1ccc(O)cc1)c2ccc(O)cc2,-1.0249307479224374,-102.14127423822714,-58.48753462603878,1.1689750692520808,-0.5310379833795015,-25.25176846746628,131.27514716355893,0.0,-0.0007472303922958,11.49902366656781,0,0.0236625514403292,0.0201855287569573,0.0182291666666666,0.0131015369110607,0.008,0.020610141822263,True,-4.95
Isocarboxazid,Cc1cc(no1)C(=O)NNCc2ccccc2,1.4122222222222214,-12.800000000000006,-51.417777777777765,-19.06222222222222,-0.3783448399999997,-8.17807671007544,26.342113675918004,0.0,-0.002679285237311,0.0,0,0.0173717948717948,0.0198677248677248,0.0081018518518518,0.0079264870931537,0.0075790895061728,0.006198347107438,True,-2.461
o-Toluidine,Cc1ccccc1N,1.1072664359861597,52.77508650519031,29.08304498269896,0.0,0.0,7.890160400503807,87.7396053910946,0.0,-0.065966187332205,0.0,0,0.0,0.0,0.0,0.0,0.0,0.0,False,-2.21
Nimetazepam,CN2C(=O)CN=C(c1ccccc1)c3cc(ccc23)N(=O)=O,-12.045714285714284,-23.599999999999994,74.24000000000001,-95.12,-1.1761717812244905,-2.3821467948994037,37.91972926719905,0.0,0.0926664049479454,0.0,0,0.0293602693602693,0.0234232543592149,0.0155140860692102,0.009448223733938,0.015625,0.0,True,-3.796
6-hydroxyquinoline,Oc2ccc1ncccc1c2,1.2037037037037046,0.2592592592592606,14.592592592592595,10.382716049382717,0.0287114197530863,-3.579127765382509,81.21726630776982,0.0,-0.0103842477686369,5.749511833283905,0,0.0208333333333333,0.04,0.0,0.0,0.0,0.0,False,-2.16
Iodobenzene,Ic1ccccc1,0.0,-215.24999999999997,0.0,0.0,0.0,1.6414959888264269,91.52282321295505,0.0,-0.0441454701005707,0.0,0,0.0,0.0,0.0,0.0,0.0,0.0,False,-3.01
"1,4-Dinitrobenzene",O=N(=O)c1ccc(cc1)N(=O)=O,-3.75,-44.390625,17.0625,0.0,0.0,3.770891745796944,27.08753317097697,0.0,0.0694607149184004,0.0,0,0.0722222222222222,0.0408163265306122,0.0,0.0,0.0,0.0,False,-3.39
"1,1-Dichloroethylene",ClC(=C)Cl,0.0,0.0,0.0,0.0,0.0,0.0,12.909983445469658,0.0,-0.0267008991380436,0.0,0,0.0,0.0,0.0,0.0,0.0,0.0,False,-1.64
diisooctyl phthalate,c1(C(=O)OCCCCCC(C)(C))c(C(=O)OCCCCCC(C)(C))cccc1,-2.499540863177228,69.24517906336091,-40.86317722681357,-83.81818181818181,-2.098008000000004,12.985496991948224,60.31623490151838,0.0,0.0699904520205426,0.0,0,0.0217013888888888,0.0145189504373177,0.0090020576131687,0.0091671996433901,0.0056018518518518,0.0065384484576403,False,-6.637
Ethyl octanoate,CCCCCCCC(=O)OCC,-0.1015625,-51.0,2.0,0.0,-0.200491,-2.102688558184494,8.633717685068396,0.0,0.0631367992645973,0.0,0,0.0158730158730158,0.0136054421768707,0.0125,0.0061728395061728,0.01,0.0,True,-3.39
Stirofos,COP(=O)(OC)OC(=CCl)c1cc(Cl)c(Cl)cc1Cl,-3.4132653061224496,242.2857142857144,395.1224489795919,-84.36734693877554,1.4538859145408147,-11.652972432185956,0.0,0.0,-0.0745586097252034,0.0,0,0.0338888888888888,0.0204081632653061,0.019345238095238,0.0128855775114278,0.0,0.0,False,-4.522
Eicosane,CCCCCCCCCCCCCCCCCCCC,-0.2497398543184184,-1.170655567117585,-1.1966701352757532,-1.2486992715920922,-0.0011845660770025,-0.2559948709471433,221.86485124205345,0.0,-0.1477482665613848,0.0,0,0.0037037037037037,0.0029154518950437,0.0024038461538461,0.0020576131687242,0.0018181818181818,0.0016528925619834,False,-8.172
RTI 2,CCN2c1ncccc1N(CC)C(=O)c3cccnc23,-17.111111111111107,-282.070987654321,-308.33641975308643,171.92283950617286,0.8159611728395036,-9.134533798560808,36.404411953649685,0.0,0.0710330863087304,0.0,1,0.0249346405228758,0.0194050953714819,0.0085034013605442,0.0,0.0,0.0,True,-2.86
Benzo(e)pyrene,c1ccc2c(c1)c3cccc4ccc5cccc2c5c43,-9.125,-95.703125,-115.625,78.125,0.0741124999999999,-20.9280251354688,131.73035088302964,0.0,0.2858626078411261,0.0,0,0.0175925925925926,0.0147959183673469,0.0,0.0,0.0,0.0,False,-7.8
Napthalene,c1ccc2ccccc2c1,1.7777777777777786,-2.469135802469143,21.604938271604937,0.0,0.0,-0.5399419939209197,147.85141817065812,0.0,0.0299823091916382,0.0,0,0.0,0.0,0.0,0.0,0.0,0.0,False,-3.6
"2,4-Dimethylpyridine",Cc1ccnc(C)c1,2.657439446366783,-47.66782006920415,69.7993079584775,0.0,0.0,-2.1966396975865647,125.78066268108888,0.0,-0.007838106298493,0.0,0,0.0,0.0,0.0,0.0,0.0,0.0,False,0.38
Toluene,Cc1ccccc1,0.653333333333333,18.66666666666667,16.333333333333336,0.0,0.0,4.081961474041872,120.16803199307022,0.0,0.0218502452244261,0.0,0,0.0,0.0,0.0,0.0,0.0,0.0,False,-2.21
"7,12-Dimethylbenz(a)anthracene",Cc1c2ccccc2c(C)c3ccc4ccccc4c13,1.339506172839511,-159.8765432098765,-68.82716049382717,19.75308641975308,0.0187385679012336,-34.96124410637752,136.17101449353126,0.0,0.1981811121995545,0.0,0,0.0272633744855967,0.0154621848739495,0.0083333333333333,0.0080624842529604,0.0,0.0,False,-7.02
Diazinon,CCOP(=S)(OCC)Oc1cc(C)nc(n1)C(C)C,-9.322500000000002,-436.2574999999999,-200.44,-384.3125,-1.8100463124999997,-8.848956997302304,0.4371826227156798,0.0,0.0741980107175433,5.879988336435371,0,0.0304951690821255,0.0243673469387755,0.0171440972222222,0.0139581758629377,0.0,0.0,True,-3.64
Hexadecane,CCCCCCCCCCCCCCCC,-0.3327999999999999,-1.479999999999995,-1.5199999999999951,-1.5999999999999952,-0.0015178239999997,-0.3236412311561939,408.3648322278587,0.0,-0.0293070218433083,0.0,0,0.005050505050505,0.0040816326530612,0.0034722222222222,0.0030864197530864,0.0028571428571428,0.0027548209366391,False,-8.4
Tricresyl phosphate,Cc1ccc(OP(=O)(Oc2cccc(C)c2)Oc3ccccc3C)cc1,-6.38388411045722,-109.81846989588048,-298.3906745133544,-298.05070167496604,-1.0465251104572193,13.103013195180534,0.0,0.0,0.023899398963541,17.248535499851716,0,0.0195540935672514,0.0196964939822082,0.0073896011396011,0.0103596994353296,0.009891304347826,0.009080706050403,False,-6.01
Isofenphos,CCOP(=S)(NC(C)C)Oc1ccccc1C(=O)OC(C)C,-15.778827977315691,-561.0,-128.0,-42.0,0.3333263440453672,8.836990708468125,38.41315000757601,0.0,-0.0304176327905484,5.749511833283905,0,0.0324820788530466,0.0170638578011849,0.0217013888888888,0.0094111718761578,0.0171428571428571,0.0,True,-4.194
Clonazepam,Clc1ccccc1C2=NCC(=O)Nc3ccc(cc23)N(=O)=O,-7.59375,-48.91796875,-70.53125,34.03125,0.5580307578124991,-5.504919078663301,28.586058289637847,0.0,0.0579602522782058,0.0,0,0.0259395424836601,0.0211473922902494,0.0188620902906617,0.0067340067340067,0.015625,0.0,True,-3.499
"trans-1,4-Dimethylcyclohexane",C/C1CCC(\C)CC1,1.333333333333333,58.333333333333314,-16.66666666666667,0.0,0.0,12.756129606380965,230.06602429325451,0.0,0.0087666164761109,0.0,0,0.0,0.0,0.0,0.0,0.0,0.0,False,-4.47
2-bromonaphthalene,c1c(Br)ccc2ccccc12,1.604938271604939,19.777777777777796,-181.5555555555556,0.0,0.0,2.493998498265427,101.54134611029184,0.0,-0.0307943986257482,0.0,0,0.0208333333333333,0.04,0.0,0.0,0.0,0.0,False,-4.4
Ethyl hexanoate,CCCCCC(=O)OCC,-1.4378698224852071,-53.90532544378698,1.1360946745562217,-9.029585798816562,0.1350597396449682,-2.2034695105783904,17.121468846109583,0.0,0.0101547228003624,0.0,0,0.0222222222222222,0.010204081632653,0.015625,0.0,0.0,0.0,False,-2.35
Fluoranthene,c1ccc2c(c1)c3cccc4cccc2c34,2.2248520710059205,-102.0710059171598,-36.98224852071008,56.80473372781064,0.0538872426035497,-22.32053109485092,163.2478292212334,0.0,0.1810407793926484,22.253805966787983,0,0.0156349206349206,0.0081481481481481,0.0,0.0,0.0,0.0,True,-6.0
4-Methyl-2-pentanone,CC(C)CC(=O)C,1.2465373961218829,-118.99445983379502,68.26038781163435,0.0,0.0,-9.184291683284988,15.355588428623475,0.0,0.0278955534652526,0.0,0,0.0,0.0,0.0,0.0,0.0,0.0,False,-0.74
Pentachloroethane,ClC(Cl)C(Cl)(Cl)Cl,0.0,0.0,0.0,0.0,0.0,0.0,0.0,0.0,-0.0202705702043022,0.0,0,0.0,0.0,0.0,0.0,0.0,0.0,False,-2.6
Methyl propyl ether,CCCOC,0.3599999999999999,-15.119999999999996,29.16,0.0,0.0,-4.083163476732663,134.6271100375121,0.0,-0.0201873380359837,0.0,0,0.0,0.0,0.0,0.0,0.0,0.0,False,-0.39
Warfarin,CC(=O)CC(c1ccccc1)c3c(O)c2ccccc2oc3=O,-10.33727810650888,-23.917159763313617,-77.06508875739647,-22.059171597633107,-0.0594425877712078,-4.330463930017106,21.835232715171053,0.0,0.0105422351281933,5.749511833283905,0,0.0308048433048433,0.0151603498542274,0.0157828282828282,0.0069383878907688,0.0089583333333333,0.0,True,-3.893
Pyrolan,CN(C)C(=O)Oc1cc(C)nn1c2ccccc2,-16.393021120293845,-55.53627180899908,-131.69605142332415,-149.60422405876952,-0.1209451827364547,3.57148677976755,14.764932221309724,0.0,0.3142513451568394,11.567374611118932,0,0.0291545893719806,0.0251390380713689,0.0130208333333333,0.0123456790123456,0.015625,0.0,True,-2.09
DDT,Clc1ccc(cc1)C(c2ccc(Cl)cc2)C(Cl)(Cl)Cl,-2.25,-471.8367346938776,-689.7959183673468,-120.68877551020408,-0.5152718864795915,2.5465580879035663,0.0,0.0,-0.0139976634989328,0.0,0,0.0202991452991453,0.0403628117913832,0.0124007936507936,0.0098765432098765,0.025625,0.0,False,-7.15
2-butenal,CC=CC=O,0.0,-15.396694214876025,0.0,0.0,0.0,4.369125056398875,67.37474836152381,0.0,-0.0700119481248468,0.0,0,0.0,0.0,0.0,0.0,0.0,0.0,False,0.32
Azintamide,CCN(CC)C(=O)CSc1ccc(Cl)nn1,1.1555555555555554,130.17333333333335,46.42222222222221,-19.960000000000004,0.3237521066666671,2.9458832167862363,22.996119902354373,0.0,-0.0330068577998946,0.0,0,0.0306712962962962,0.016938775510204,0.0135732323232323,0.0143613000755857,0.0178125,0.0,True,-1.716
Meprobamate,CCCC(C)(COC(N)=O)COC(N)=O,1.7557392102846676,56.88705234159778,-186.84756657483928,-56.57392102846648,0.4395805913682266,-46.18472372563599,31.988744569981545,0.0,0.0678842083891044,0.0,0,0.0216049382716049,0.0222634508348794,0.015625,0.0,0.0,0.0,True,-1.807
2-Methyltetrahydrofurane,CC1CCCO1,0.0,48.0,0.0,0.0,0.0,6.385066966296755,112.378691573342,0.0,-0.0095466783114772,0.0,0,0.0,0.0,0.0,0.0,0.0,0.0,False,0.11
Oxadiazon,CC(C)Oc1cc(c(Cl)cc1Cl)n2nc(oc2=O)C(C)(C)C,-10.200000000000005,28.0,-290.75,-701.0,-2.604141035,-2.690404988623114,40.86383083442505,0.0,-0.2454779744618372,11.436898107967467,0,0.0300268817204301,0.0329931972789115,0.0161918934240362,0.0194194741388618,0.015,0.0,True,-5.696
Mirex,ClC1(C2(Cl)C3(Cl)C4(Cl)C5(Cl)C1(Cl)C3(Cl)Cl)C5(Cl)C(Cl)(Cl)C24Cl,7.438016528925622,180.0,100.0,0.0,0.0,4.33632753059503,0.0,0.0,0.1990233113357109,0.0,0,0.0295138888888888,0.0,0.0,0.0,0.0,0.0,False,-6.8
Fructose,OCC1OC(O)(CO)C(O)C1O,6.25,-20.0,28.0,9.0,0.0924160000000001,-0.9848125197429748,0.0,0.0,0.0085251285647909,0.0,0,0.0111111111111111,0.0,0.0,0.0,0.0,0.0,False,0.64
1-Chlorobutane,CCCCCl,0.0,-63.918367346938766,0.0,0.0,0.0,3.2270945140806657,146.79826921579064,0.0,-0.0412513161913909,0.0,0,0.0,0.0,0.0,0.0,0.0,0.0,False,-2.03
"1,2-Dinitrobenzene",O=N(=O)c1ccccc1N(=O)=O,2.25,-52.828125,-45.9375,0.0,0.0,5.295159377860196,17.960186193557234,0.0,0.0069948358153059,0.0,0,0.03125,0.0,0.0,0.0,0.0,0.0,False,-3.1
"1,2-Propylene oxide",CC1CO1,0.0,0.0,0.0,0.0,0.0,0.0,31.84081444874515,0.2886751345948128,0.0559933754544882,0.0,0,0.0,0.0,0.0,0.0,0.0,0.0,False,-0.59
"Hexachloro-1,3-butadiene",ClC(=C(Cl)C(=C(Cl)Cl)Cl)Cl,0.0,77.44000000000001,0.0,0.0,0.0,1.865584466495996,9.783029576842855,0.0,-0.0498335534323624,0.0,0,0.0,0.0,0.0,0.0,0.0,0.0,False,-4.92
Fenthion,COP(=S)(OC)Oc1ccc(SC)c(C)c1,-1.7575442247658666,-136.5036420395421,273.0072840790843,-65.9157127991675,0.3261167825182099,-20.465195760627573,0.0,0.0,0.0246290863694442,5.749511833283905,0,0.0307539682539682,0.0304081632653061,0.0186631944444444,0.0098765432098765,0.0,0.0,True,-4.57
t-Crotonaldehyde,C/C=C/C=O,0.0,-15.396694214876025,0.0,0.0,0.0,4.369125056398875,59.63575699567311,0.0,-0.0611111986720832,0.0,0,0.0,0.0,0.0,0.0,0.0,0.0,False,0.32
Androsterone,CC12CCC(O)CC1CCC3C2CCC4(C)C3CCC4=O,0.1107266435986105,50.79584775086504,90.90157631680124,16.402921953094953,-0.3583577700884297,-8.066949654876513,77.5360339173449,0.0,-0.0265337593716453,0.0,0,0.0347222222222222,0.0305072204320324,0.0177644775859061,0.0195432008782348,0.0150790895061728,0.0,True,-4.402
Butylbenzene,CCCCc1ccccc1,-1.7083333333333324,2.6041666666666705,-34.37499999999999,10.416666666666671,0.0098816666666665,0.5694700717134152,145.1862475212724,0.0,-0.029060929069932,0.0,0,0.0180555555555555,0.0201360544217687,0.0277777777777777,0.0,0.0,0.0,False,-4.06
Heptachlor,ClC1C=CC2C1C3(Cl)C(=C(Cl)C2(Cl)C3(Cl)Cl)Cl,6.37809917355372,-520.6611570247933,-306.98347107438013,0.0,0.0,-0.354332923132509,0.0,0.0,0.0971773604347337,0.0,0,0.0366414141414141,0.0,0.0,0.0,0.0,0.0,True,-6.317
Menthone,CC(C)C1CCC(C)CC1=O,-0.7847800237812125,-131.9892984542212,55.01545778834722,69.53864447086802,0.14490757669441,-0.2192108830147758,0.0,0.0,0.1880045946509504,0.0,0,0.0787037037037037,0.0,0.0,0.0,0.0,0.0,False,-2.35
Epitostanol,CC45CCC2C(CCC3CC1SC1CC23C)C4CCC5O,0.1526336024605876,24.986159169550124,93.66782006920413,101.04844290657438,-0.1637371349480974,0.6093479216340174,58.06777673240561,0.2357022603955158,0.0500792178734801,0.0,1,0.0355666666666666,0.0281035923141186,0.0179634353741496,0.0161889408541194,0.0201581790123456,0.0,True,-5.41
p-Nitroaniline,Nc1ccc(cc1)N(=O)=O,-0.9375,30.75,0.0,0.0,0.0,3.8113175310041023,25.640415964272226,0.0,0.0310398785671912,0.0,0,0.0787037037037037,0.0,0.0,0.0,0.0,0.0,False,-2.37
Cycloheptane,C1CCCCCC1,0.0,77.77777777777777,0.0,0.0,0.0,17.00817280850803,186.0557855779167,0.0,0.0013295287851063,0.0,0,0.0,0.0,0.0,0.0,0.0,0.0,False,-3.51
oryzalin,CCCN(CCC)c1c(cc(cc1N(=O)=O)S(N)(=O)=O)N(=O)=O,-13.396787626412843,225.05056513979764,45.55443188578228,-325.1392028554431,-5.918426971445567,-26.29584904155134,26.022138882807493,0.0,0.0237637320675304,0.0,0,0.0472524154589372,0.0173061224489795,0.013503086419753,0.0185185185185185,0.0,0.0,True,-5.16
Fenpropathrin,CC1(C)C(C(=O)OC(C#N)c2cccc(Oc3ccccc3)c2)C1(C)C,-13.377759266972092,56.20533111203666,-56.40024989587674,-243.0816326530613,-1.1556504489795905,81.85278149217837,5.981987663342008,0.1443375672974064,0.1273338308087329,17.568244979360085,0,0.0258922558922558,0.0276150460184073,0.0125879127692743,0.0134276318552112,0.0109220679012345,0.013482880755608,True,-6.025
p-Bromoacetanilide,CC(=O)Nc1ccc(Br)cc1,-0.2437673130193903,84.86703601108032,-32.927977839335185,-404.152354570637,-0.2456340997229915,-7.51519599229466,21.38325485053811,0.0,0.0431525324870135,0.0,0,0.0289351851851851,0.0538775510204081,0.0,0.0,0.0,0.0,False,-3.083
Butylate,CCSC(=O)N(CC(C)C)CC(C)C,-9.046018991964935,-121.55076698319948,-427.2775748721695,183.70343316289268,0.5393264528853173,-14.159225015029405,15.409102499930682,0.0,0.0446838928233838,0.0,0,0.0277777777777777,0.0163265306122449,0.0,0.0,0.0,0.0,True,-3.68
Methyldymron,CN(C(=O)NC(C)(C)c1ccccc1)c2ccccc2,-0.4224999999999999,-67.20000000000002,-66.04,-47.84000000000001,-0.020983489999999,12.317208915985224,10.569604124137705,0.0,0.1176259973404508,0.0,0,0.0317028985507246,0.0225134264232008,0.0121527777777777,0.0053685291780529,0.0028124999999999,0.0040812162024283,True,-3.35
1-Chlorohexane,CCCCCCCl,0.375,-0.5699999999999976,-4.179999999999998,0.0,0.0,-0.5049753628359765,163.68385485927843,0.0,-0.0070729012496126,0.0,0,0.0277777777777777,0.0,0.0,0.0,0.0,0.0,False,-3.12
Butabarbital,O=C1NC(=O)NC(=O)C1(CC)C(C)CC,4.7606659729448495,-265.54006243496366,43.71800208116542,-34.7200832466181,-0.4996750052029128,5.773892829405769,27.84698889732292,0.0,0.1342131793603408,0.0,0,0.0381944444444444,0.020204081632653,0.0,0.0,0.0,0.0,True,-2.39
Benfuracarb,CCOC(=O)CCN(SN(C)C(=O)Oc1cccc2CC(C)(C)Oc21)C(C)C,0.9167657550535088,46.05588585017835,60.290130796670674,-391.72889417360295,0.6835489521403072,-15.96762526589271,12.145868450068626,0.0,-0.0184549681967832,11.49902366656781,0,0.028497150997151,0.0190800129575639,0.0180342970521541,0.0086619577588378,0.0101876543209876,0.0103275176002448,True,-4.71
1-Hexene,CCCCC=C,0.5925925925925932,-3.404683942183813e-15,-8.333333333333336,0.0,0.0,1.1095590224385892e-14,135.05828248139636,0.0,-0.0435264720016078,0.0,0,0.0,0.0,0.0,0.0,0.0,0.0,False,-3.23
Carbetamide,c1c(NC(=O)OC(C)C(=O)NCC)cccc1,-0.7226813590449953,-63.08264462809916,-35.42975206611569,-72.93388429752065,-0.829470685032139,16.769541127562352,22.02228518786278,0.0,-0.0083131935364731,0.0,0,0.0177951388888888,0.0234222919937205,0.0107060185185185,0.0082304526748971,0.006875,0.0068700472740876,True,-1.83
m-Chloroiodobenzene,Clc1cccc(I)c1,0.0,-355.24999999999994,0.0,0.0,0.0,0.9997324299787383,68.83342415120931,0.0,-0.0794745592090278,0.0,0,0.0,0.0,0.0,0.0,0.0,0.0,False,-3.55
Fluoromethalone,CC1CC2C3CCC(O)(C(=O)C)C3(C)CC(O)C2(F)C4(C)C=CC(=O)C=C14,2.4212372448979544,-135.15561224489787,119.37372448979598,125.66071428571432,-0.846246500000004,-52.950276745545246,79.88168901706179,0.0,-0.1303835177438914,0.0,0,0.0416724537037037,0.0310468631897203,0.0203486394557823,0.0149689505431802,0.0128823731138545,0.0144373023160901,True,-4.099
"2,3-Dimethylbutane",CC(C)C(C)C,0.0,81.0,0.0,0.0,0.0,17.712797110574755,174.01746647103508,0.0,0.0037124239126328,0.0,0,0.0,0.0,0.0,0.0,0.0,0.0,False,-3.65
indazole,c2ccc1[nH]ncc1c2,1.0755555555555558,4.595555555555573,19.63555555555556,0.0,0.0,6.206775307186508,90.18121130317653,0.0,-0.01767157810392,0.0,0,0.0,0.0,0.0,0.0,0.0,0.0,False,-2.16
"3,4-Dichlorophenol",Oc1ccc(Cl)c(Cl)c1,0.4792899408284023,-37.43195266272191,-56.75147928994083,0.0,0.0,3.320350285714916,65.33533646602419,0.0,-0.0503976754209047,5.749511833283905,0,0.0,0.0,0.0,0.0,0.0,0.0,False,-1.25
o-Nitroaniline,Nc1ccccc1N(=O)=O,1.5625,-54.25,0.0,0.0,0.0,5.28985706450916,20.37467208782597,0.0,0.0027161903273123,0.0,0,0.0625,0.0,0.0,0.0,0.0,0.0,False,-1.96
probarbital,CCC1(C(C)C)C(=O)NC(=O)NC1=O,3.75,-329.16836734693885,216.6275510204081,0.0,0.0,21.421205007107822,33.714194704511456,0.0,0.0975278828396757,0.0,0,0.0708333333333333,0.0,0.0,0.0,0.0,0.0,True,-2.21
p-Toluenesulfonamide,Cc1ccc(cc1)S(=O)(=O)N,-3.52,75.25,-68.0,73.5,0.260708415,6.206289358883264,2.9558995379795365,0.0,-0.0383926218009702,0.0,0,0.0885416666666666,0.0,0.0,0.0,0.0,0.0,True,-1.74
Atratone,CCNc1nc(NC(C)C)nc(OC)n1,-20.1044921875,-175.55078125,-196.54296875,-56.6640625,0.6727780859374999,5.1900856003402165,54.76088248201396,0.0,-0.0818014502807494,6.010464839586836,0,0.036574074074074,0.0270068027210884,0.0104166666666666,0.0,0.0,0.0,True,-2.084
Methyl hexanoate,CCCCCC(=O)OC,-1.455576559546313,2.177693761814742,0.2419659735349756,-9.448015122873343,0.1039409149338367,-0.8090844413142845,14.83111871803372,0.0,-0.0665943684610213,0.0,0,0.0277777777777777,0.0136054421768707,0.0,0.0,0.0,0.0,False,-1.87
5-Methylchrysene,c1cccc2c3c(C)cc4ccccc4c3ccc12,-0.1129476584022043,-137.1441689623508,-68.73278236914601,31.955922865013783,0.0303146666666667,-29.99020789788273,139.92893551871447,0.0,0.1711261142348317,0.0,0,0.0222800925925925,0.0200583090379008,0.0069444444444444,0.0080624842529604,0.0,0.0,True,-6.59
aldosterone,CC13CCC(=O)C=C1CCC4C2CCC(C(=O)CO)C2(CC(O)C34)C=O,8.555555555555552,-116.84224965706451,51.88888888888888,1.2825788751714755,-1.399553234567904,-33.50604808890633,161.2735021856268,0.0,0.1278271218266479,0.0,0,0.0331502525252525,0.029152220027796,0.0171455735071806,0.0162578920457071,0.0109638631687242,0.0110022786790463,True,-3.85
Amitraz,CN(C=Nc1ccc(C)cc1C)C=Nc2ccc(C)cc2C,-1.6799999999999993,-80.34469135802469,81.73925925925926,191.4775308641976,-0.2967070261728393,-54.547559381074045,145.9634687526729,0.0,0.0053915360460553,0.0,0,0.0340277777777777,0.011584062196307,0.0167100694444444,0.0118102796674225,0.008203125,0.0065979661939257,True,-5.47
testosterone propionate,CCC(=O)OC3CCC4C2CCC1=CC(=O)CCC1(C)C2CCC34C,-2.699907663896587,43.2049861495845,-22.772853185595604,124.37550015389353,-0.2713511111111106,-17.45354638984051,22.583416275313937,0.0,0.0435514108279022,0.0,0,0.031539039039039,0.0260974274767378,0.0181068459129683,0.0172740102985638,0.0122547398589065,0.0064165788071511,True,-5.37
Nitroethane,CCN(=O)=O,0.0,0.0,0.0,0.0,0.0,0.0,18.439861119574097,0.0,-0.0091286689232771,0.0,0,0.0,0.0,0.0,0.0,0.0,0.0,False,-0.22
3-Heptanol,CCCCC(O)CC,0.375,10.625,-33.625,27.5625,0.0715562499999995,0.154584592915308,59.656861022824536,0.0,-0.0492312646791628,0.0,0,0.0185185185185185,0.0,0.0,0.0,0.0,0.0,False,-1.47
Cyclohexyl-5-spirobarbituric acid,O=C2NC(=O)C1(CCCCC1)C(=O)N2,1.2899408284023677,-68.0,-76.0,-24.0,-0.3731501065088756,4.822818104430186,46.021759264060606,0.0,0.0847035211244132,0.0,0,0.046875,0.0204081632653061,0.0277777777777777,0.0,0.0,0.0,True,-3.06
5-Allyl-5-ethylbarbital,O=C1NC(=O)NC(=O)C1(CC)CC=C,3.810650887573967,-112.0,-43.0,-24.0,-0.3731501065088756,-2.034825790516426,34.84258564410862,0.0,-0.0051943953061033,0.0,0,0.0293209876543209,0.026938775510204,0.0,0.0,0.0,0.0,True,-1.614
1-Octadecanol,CCCCCCCCCCCCCCCCCCO,-0.1920590951061864,0.6611265004616782,0.6500461680517089,0.6278855032317643,-0.0054127867036009,-0.4433225685267886,109.73153592090338,0.0,0.0307327796165156,0.0,0,0.0039682539682539,0.0031397174254317,0.0026041666666666,0.0022446689113355,0.002,0.0018365472910927,False,-8.4
Methanol,CO,0.0,0.0,0.0,0.0,0.0,0.0,48.73690731787429,0.0,0.014501331085071,0.0,0,0.0,0.0,0.0,0.0,0.0,0.0,False,1.57
adrenosterone,CC34CC(=O)C1C(CCC2=CC(=O)CCC12C)C3CCC4(=O),1.616257088846881,9.48393194706996,-37.12665406427218,38.36862003780719,-0.4194295122873346,-8.232207366496871,28.00108879402074,0.0,-0.2003089775130539,0.0,0,0.0334946236559139,0.0330226757369614,0.01649558632977,0.0195432008782348,0.0150790895061728,0.0,True,-3.48
"2,3,3',4,4',5-PCB",Clc1ccc(cc1Cl)c2cc(Cl)c(Cl)c(Cl)c2Cl,-1.0413223140495855,-55.17355371900821,-362.67768595041326,137.68595041322305,0.5626980165289251,0.4389458440420284,46.9680319356484,0.0,0.0396267895172563,11.126902983393991,0,0.0350877192982456,0.0290816326530612,0.021780303030303,0.0131015369110607,0.0,0.0,False,-7.82
isoguanine,Nc1nc(O)nc2nc[nH]c12,3.65625,-71.703125,23.25,0.0,0.0,1.185083324862822,57.44803902967762,0.0,-0.0853852094623103,6.010464839586836,0,0.04,0.0,0.0,0.0,0.0,0.0,False,-3.401
Niclosamide,Oc1ccc(Cl)cc1C(=O)Nc2ccc(cc2Cl)N(=O)=O,-1.6920332936979787,166.90130796670627,-99.80499405469678,42.04994054696788,0.8147748953626628,16.949194115488737,146.61700380680844,0.0,0.1169991178833251,5.749511833283905,0,0.0280671296296296,0.0192910848549946,0.0160818713450292,0.012278491643571,0.0139583333333333,0.0087873686358534,True,-4.7
2-Ethylnaphthalene,CCc1ccc2ccccc2c1,-2.888888888888889,-6.25,-25.0,25.0,0.0237159999999999,-1.3667281721122857,117.86527841153465,0.0,0.0441099305943923,0.0,0,0.0243055555555555,0.0201360544217687,0.0277777777777777,0.0,0.0,0.0,False,-4.29
Metolachlor,CCc1cccc(C)c1N(C(C)COC)C(=O)CCl,-5.88459250446163,-156.52409280190366,-161.71148126115403,-156.614515169542,-0.593964361094585,-24.72453195222214,0.8641276701194651,0.0,0.0778056880625456,0.0,0,0.0232204861111111,0.0173372206025267,0.0113811728395061,0.010204081632653,0.0,0.0,True,-2.73
Glafenine,OCC(O)COC(=O)c1ccccc1Nc2ccnc3cc(Cl)ccc23,-6.2341806381828,-6.854515954570055,-36.50567874526771,-4.610059491617093,-0.2108250497566252,13.452795042952534,40.36352302257352,0.0,0.039526633959191,0.0,0,0.0224206349206349,0.0156734693877551,0.0105744949494949,0.0108630346725584,0.0106944444444444,0.0079855797027514,True,-4.571
Dichloromethane,ClCCl,0.0,0.0,0.0,0.0,0.0,0.0,18.66116274745668,0.0,-0.0150536751094052,0.0,0,0.0,0.0,0.0,0.0,0.0,0.0,False,-0.63
Morin,Oc1ccc(c(O)c1)c3oc2cc(O)cc(O)c2c(=O)c3O,-3.43359375,-137.609375,-38.359375,-38.390625,0.6414377499999998,3.1289185240857487,214.451305955082,0.0,-0.251609481358454,40.071258076990965,0,0.0349616858237547,0.0252721088435374,0.0193713450292397,0.0105100241154662,0.02025,0.0041152263374485,True,-3.083
Dibenzofurane,o1c2ccccc2c3ccccc13,1.2267573696145126,-63.22222222222223,-20.10657596371881,30.5374149659864,0.057606122448979,-5.418897876735216,43.96164319853392,0.0,-0.0925563428403065,0.0,1,0.0169047619047619,0.0081481481481481,0.0,0.0,0.0,0.0,True,-4.6
Pentyl propanoate,CCCCC(=O)OCC,-1.1512287334593567,-56.17769376181475,-55.410207939508496,17.78449905482042,0.2202298071833636,-2.279217332603864,14.410636983119764,0.0,-0.0393069377100646,0.0,0,0.0138888888888888,0.0204081632653061,0.0,0.0,0.0,0.0,False,-2.25
"2,2',3,5'-PCB",Clc1ccc(Cl)c(c1)c2cccc(Cl)c2Cl,-1.438016528925621,31.04132231404956,42.61157024793389,-46.11570247933884,-0.1483723966942151,-2.5077027168540047,17.046736205548736,0.0,-0.154475913512821,11.126902983393991,0,0.0262345679012345,0.0202721088435374,0.0138888888888888,0.0,0.0,0.0,False,-6.47
Vinclozolin,CC1(OC(=O)N(C1=O)c2cc(Cl)cc(Cl)c2)C=C,-6.32098765432099,-123.31275720164604,136.49382716049374,-343.0727023319616,-0.8371813772290815,19.51747261500249,13.78297283945609,0.0,-0.1326711250103868,0.0,0,0.0340277777777777,0.0264902998236331,0.0167100694444444,0.0068027210884353,0.0,0.0,True,-4.925
Ancymidol,COc1ccc(cc1)C(O)(C2CC2)c3cncnc3,1.4873469387755147,-55.22122448979591,54.06367346938776,-82.1273469387755,-0.3420282644897947,-37.48361694290074,53.36348945688322,0.2886751345948128,0.0550984790863366,5.749511833283905,0,0.0199884259259259,0.0207086167800453,0.0138115852401566,0.009755291005291,0.0085416666666666,0.0123456790123456,True,-2.596
"2,2-Dimethylbutane",CCC(C)(C)C,0.0,60.75,0.0,0.0,0.0,13.284597832931066,174.93772562663654,0.0,0.0474295917811896,0.0,0,0.0,0.0,0.0,0.0,0.0,0.0,False,-3.55
Ethyl butyrate,CCCCCOC(=O)CC,-1.745562130177515,-23.23076923076924,-8.863905325443787,-39.70414201183434,-0.2261967810650892,-3.791927341460766,12.384627089910452,0.0,-0.0046714668074191,0.0,0,0.0222222222222222,0.0204081632653061,0.0104166666666666,0.0,0.0,0.0,False,-1.28
Coumachlor,CC(=O)CC(c1ccc(Cl)cc1)c2c(O)c3ccccc3oc2=O,-7.690992767915845,-4.01446416831033,-94.96909927679158,296.93096646942786,3.112047844181457,-3.5387752364192746,15.062124180072136,0.0,0.0751936581694399,5.749511833283905,0,0.0328124999999999,0.0175179260893546,0.0211111111111111,0.0066966357693174,0.013671875,0.0082644628099173,True,-5.839
"1,2-Benzenediol",Oc1ccccc1O,0.6530612244897959,23.34693877551022,19.75510204081633,0.0,0.0,5.35156929446022,100.68144593219122,0.0,-0.0308682896711174,11.49902366656781,0,0.0,0.0,0.0,0.0,0.0,0.0,False,0.62
"cis-1,2-Dimethylcyclohexane",C/C1CCCCC1\C,1.333333333333333,58.333333333333314,33.333333333333336,0.0,0.0,12.75612960638095,131.8705346178833,0.0,0.109135756866821,0.0,0,0.0,0.0,0.0,0.0,0.0,0.0,False,-4.3
"3,3-Dimethyl-2-butanone",CC(=O)C(C)(C)C,0.0,102.3905817174515,0.0,0.0,0.0,14.67865946450696,1.7919128653145466,0.0,0.0326225771970537,0.0,0,0.0,0.0,0.0,0.0,0.0,0.0,False,-0.72
Flutriafol,OC(Cn1cncn1)(c2ccc(F)cc2)c3ccccc3F,-2.3738775510204078,-17.184489795918363,22.368979591836748,57.53632653061226,1.5370868799999993,-5.314515122944723,86.48745604694248,0.0,-0.1905432646549038,0.0,0,0.0236265432098765,0.0100707757850614,0.0163787105751391,0.0105552406147644,0.0134387860082304,0.0,True,-3.37
Acrolein,C=CC=O,0.0,0.0,0.0,0.0,0.0,0.0,67.04025708587366,0.0,-0.0432069753207269,0.0,0,0.0,0.0,0.0,0.0,0.0,0.0,False,0.57
Pyridazine,c1ccnnc1,0.0,10.240000000000002,0.0,0.0,0.0,0.559692212625638,104.48643981779976,0.0,-0.0715821371476986,0.0,0,0.0,0.0,0.0,0.0,0.0,0.0,False,1.1
Norethisterone,CC34CCC1C(CCC2=CC(=O)CCC12O)C3CCC4(O)C#C,4.937526030820491,30.48771345272801,164.57809246147434,-5.087880049979178,-0.3844334060807997,-6.493672675342022,135.13542848770615,0.0,-0.1593120603646921,12.343784214475903,0,0.0358045977011494,0.0320891255052745,0.0204494992441421,0.0153901066599479,0.015134479717813,0.0096248682107267,True,-4.57
"2,3-Dimethylnaphthalene",Cc1cc2ccccc2cc1C,-0.9722222222222234,31.25,-50.0,37.5,0.0355739999999999,6.8336408605611805,120.73581111174624,0.0,0.0643285063153925,0.0,0,0.0277777777777777,0.04,0.0,0.0,0.0,0.0,False,-4.72
"1,3-Benzenediol",Oc1cccc(O)c1,0.9795918367346936,-30.530612244897952,29.6326530612245,0.0,0.0,4.392233168698429,90.5162534659951,0.0,-0.0355351397103293,11.49902366656781,0,0.0,0.0,0.0,0.0,0.0,0.0,False,0.81
"3,3-Dimethylpentane",CCC(C)(C)CC,0.4253308128544427,79.39508506616257,20.841209829867672,0.0,0.0,17.361839917947925,186.4714800648381,0.0,0.0896540241125517,0.0,0,0.0,0.0,0.0,0.0,0.0,0.0,False,-4.23
Betamethasone-17-valerate,CCCCC(=O)OC3(C(C)CC4C2CCC1=CC(=O)C=CC1(C)C2(F)C(O)CC34C)C(=O)CO,2.0132910136877564,-284.11465978972427,-174.94743106526474,-32.4405871850823,0.3793266470938338,-63.9043783644679,0.0,0.0,-0.2671904322473423,0.0,0,0.0350684931506849,0.0282014560210048,0.0196939887065937,0.0133596758809343,0.011468878600823,0.00844908925717,False,-4.71
4-Chlorotoluene,Cc1ccc(Cl)cc1,0.8533333333333336,96.32000000000002,-128.52,0.0,0.0,5.571252553758114,114.77537726774986,0.0,-0.0225440037171189,0.0,0,0.0,0.0,0.0,0.0,0.0,0.0,False,-3.08
Inosine,OCC1OC(C(O)C1O)n2cnc3c(O)ncnc23,-3.5931321540062418,-21.401664932362117,23.01456815816859,-55.290322580645146,-0.2757655483870967,-1.5039926497685656,250.17171775708093,0.0,-0.1589934121663236,5.879988336435371,0,0.0264682539682539,0.0225497606449987,0.0193016309087737,0.0129755605946082,0.0078125,0.0,False,-1.23
Pentylbenzene,CCCCCc1ccccc1,-2.341563786008231,2.8806584362139915,1.6460905349794268,-7.818930041152254,-0.0074173497942388,0.6299323262410745,131.18539815136066,0.0,-0.0875305894559385,0.0,0,0.0150462962962962,0.0120816326530612,0.0144675925925925,0.0204081632653061,0.0,0.0,False,-4.64
"5,6-Dimethylchrysene",Cc1c(C)c2c3ccccc3ccc2c4ccccc14,-4.592592592592589,-99.3827160493827,-112.03703703703704,62.96296296296296,0.059729185185184,-21.732665255315744,140.98553709345697,0.0,0.1969029879911406,0.0,0,0.0282738095238095,0.0201680672268907,0.0092592592592592,0.0080624842529604,0.0,0.0,False,-7.01
2-Chloro-2-methylbutane,CCC(C)(C)Cl,0.0,104.69896193771623,0.0,0.0,0.0,9.45592020964054,0.0,0.0,0.0296883047837448,0.0,0,0.0,0.0,0.0,0.0,0.0,0.0,False,-2.51
"1,1,2-Trichlorotrifluoroethane",FC(F)(Cl)C(F)(Cl)Cl,0.0,0.0,0.0,0.0,0.0,0.0,0.1772126579451829,0.0,-0.0239061513775025,0.0,0,0.0,0.0,0.0,0.0,0.0,0.0,False,-3.04
"2,2',3,3'-PCB",Clc1cccc(c1Cl)c2cccc(Cl)c2Cl,-1.4380165289256206,-224.9586776859504,42.61157024793389,-46.11570247933884,-0.1483723966942151,-2.905627757823004,20.70451113968426,0.0,-0.0194326822286481,11.126902983393991,0,0.0277777777777777,0.0202721088435374,0.0138888888888888,0.0,0.0,0.0,False,-7.28
"1,7-phenantroline",c1cnc2c(c1)ccc3ncccc23,0.9504132231404948,-47.39669421487604,-5.975206611570266,20.82644628099173,0.0534982809917349,-13.328987487007984,218.67197903176563,0.0,-0.0022128012155254,0.0,1,0.0125,0.0195918367346938,0.0,0.0,0.0,0.0,True,-2.68
Cyclohexene,C1CCC=CC1,0.0,28.125,0.0,0.0,0.0,6.150276774505137,132.7977390960402,0.0,-0.0118723985612284,0.0,0,0.0,0.0,0.0,0.0,0.0,0.0,False,-2.59
4-Methyl-2-pentanol,CC(C)CC(C)O,1.360544217687075,-104.20408163265304,74.50340136054422,0.0,0.0,-8.407648175608895,50.56772705542507,0.0,0.022279909574742,0.0,0,0.0,0.0,0.0,0.0,0.0,0.0,False,-0.8
Benzo(a)fluorene,C1c2ccccc2c3ccc4ccccc4c13,-0.9714625445897732,-23.483947681331763,21.8192627824019,-4.072532699167666,-0.0038633674197387,-5.135387662157731,173.49081349179858,0.0,0.1756130813090159,11.126902983393991,0,0.0251909722222222,0.0087610801896516,0.00723970143613,0.0047831632653061,0.0,0.0,True,-6.68
"1,4-Dimethylnaphthalene ",Cc1ccc(C)c2ccccc12,5.736111111111108,-75.0,-12.5,0.0,0.0,-16.400738065347024,94.8738349586029,0.0,0.0555181372092129,0.0,0,0.025,0.0,0.0,0.0,0.0,0.0,False,-4.14
o-Nitrophenol,Oc1ccccc1N(=O)=O,1.3333333333333337,-47.04,-9.880000000000004,0.0,0.0,5.35069780275485,21.968069539953248,0.0,0.0164172055580568,5.749511833283905,0,0.0625,0.0,0.0,0.0,0.0,0.0,False,-1.74
Monotropitoside,COC(=O)c1ccccc1OC2OC(COC3OCC(O)C(O)C3O)C(O)C(O)C2O,-1.8633425669436707,-63.69621421975991,20.56048014773776,-52.35887965527854,-0.2535960135426297,14.659939020632391,115.8642788318067,0.0,-0.0267175200370281,5.749511833283905,0,0.0260840108401084,0.0212430426716141,0.0172101449275362,0.0134087962194814,0.0094758064516129,0.0072271536918001,False,-0.742
"1,2-Dichloropropane",CC(Cl)CCl,0.0,0.0,0.0,0.0,0.0,0.0,100.66193928402788,0.0,-0.1114592875551318,0.0,0,0.0,0.0,0.0,0.0,0.0,0.0,False,-1.6
"2,3-Dimethylpentane",CCC(C)C(C)C,0.8506616257088851,33.7429111531191,41.68241965973535,0.0,0.0,7.37878196512796,181.6975349839268,0.0,0.1034734257434278,0.0,0,0.0,0.0,0.0,0.0,0.0,0.0,False,-4.28
Sorbitol,OCC(O)C(O)C(O)C(O)CO,1.3017751479289936,-11.78698224852071,-12.639053254437876,22.57988165680473,0.0339328757396447,-0.929435587187746,131.42984120936296,0.0,0.1086658142788551,0.0,0,0.0208333333333333,0.010204081632653,0.0,0.0,0.0,0.0,False,1.09
"3,4-PCB",Clc1ccc(cc1Cl)c2ccccc2,-0.7355371900826445,56.03305785123966,6.380165289256198,-124.52892561983472,-0.3329120991735531,-0.7610982411123033,91.214064885401,0.0,-0.1819830216452702,11.126902983393991,0,0.0328282828282828,0.0227551020408163,0.0186631944444444,0.0204081632653061,0.0,0.0,True,-6.39
Phenol,c1ccccc1O,0.2899408284023669,14.449704142011838,8.100591715976332,0.0,0.0,4.469244351426257,67.39566814947273,0.0,-0.0427728282031459,5.749511833283905,0,0.0,0.0,0.0,0.0,0.0,0.0,False,0.0
Formothion,COP(=S)(OC)SCC(=O)N(C)C=O,-6.591715976331363,4.508875739644972,241.60946745562129,-65.4792899408284,0.3088608136094655,-13.873498779075968,0.0,0.0,0.2041686586198007,0.0,0,0.0404040404040404,0.0185528756957328,0.0089285714285714,0.0,0.0,0.0,True,-1.995
o-Xylene,Cc1ccccc1C,1.1851851851851851,59.25925925925927,29.629629629629637,0.0,0.0,12.95860785410131,115.97092618280335,0.0,0.0109823447064836,0.0,0,0.0,0.0,0.0,0.0,0.0,0.0,False,-2.8
RTI 3,O2c1cc(C)ccc1N(C)C(=O)c3cc(N)cnc23,-14.06640625,-95.87890625,-122.015625,75.63671875,0.1440997617187499,-10.12824666307629,46.572928223769296,0.0,0.1978178679782303,11.629500169719275,1,0.0260416666666666,0.0289909297052154,0.0116080286281179,0.0254498404299991,0.0,0.0,True,-3.043
3-Pentanoyloxymethylphenytoin,O=C1N(COC(=O)CCCC)C(=O)C(N1)(c2ccccc2)c3ccccc3,-8.896293211162016,35.63515201999164,-157.88004997917534,0.9475218658892308,-1.238002472303207,-0.7734622873082956,43.79236860838712,0.0,-0.259033614658673,0.0,0,0.0225810185185185,0.0136780045351473,0.0155292055093642,0.0106480796827587,0.0056720679012345,0.0047079744049441,True,-4.678
Isoquinoline,c1ccc2cnccc2c1,1.3702422145328716,7.0,15.0,0.0,0.0,2.75952702113008,121.2162550438392,0.0,-0.0002032157328018,0.0,0,0.0,0.0,0.0,0.0,0.0,0.0,False,-1.45
Chloroethane,ClCC,0.0,0.0,0.0,0.0,0.0,0.0,87.87242866633535,0.0,-0.0199451942353699,0.0,0,0.0,0.0,0.0,0.0,0.0,0.0,False,-1.06
phthalamide,c1cC2C(=O)NC(=O)C2cc1,2.08641975308642,-21.11111111111112,-2.222222222222225,0.0,0.0,4.543158920794782,23.551553321964185,0.0,0.0314272042415294,0.0,0,0.0625,0.0,0.0,0.0,0.0,0.0,False,-2.932
Terbacil,Cc1[nH]c(=O)n(c(=O)c1Cl)C(C)(C)C,-5.127572016460903,-351.40740740740745,-336.3703703703703,280.33333333333337,1.1602373703703706,24.20140251716437,26.7785066842861,0.0,0.0545068885694711,0.0,0,0.0442708333333333,0.0,0.0,0.0,0.0,0.0,True,-2.484
Quintozene,Clc1c(Cl)c(Cl)c(N(=O)=O)c(Cl)c1Cl,2.0,26.306122448979565,-30.693877551020417,0.0,0.0,1.3601335026749743,5.420076017761938,0.0,-0.0879895871647286,0.0,0,0.0262345679012345,0.0,0.0,0.0,0.0,0.0,False,-5.82
Diazepam,CN2C(=O)CN=C(c1ccccc1)c3cc(Cl)ccc23,-10.74380165289256,47.564738292011,108.76033057851238,-18.218549127640085,-0.2248063223140501,-3.637302519678996,32.156792156837426,0.0,0.0851207236467564,0.0,0,0.027183908045977,0.0213013901212658,0.0115531789638932,0.0153061224489795,0.0,0.0,True,-3.754
Cyclopentane,C1CCCC1,0.0,0.0,0.0,0.0,0.0,0.0,173.15018195401495,0.0,-0.0789514497069319,0.0,0,0.0,0.0,0.0,0.0,0.0,0.0,False,-2.64
RTI 15,CCN2c1nc(C)cc(C)c1NC(=O)c3cccnc23,-14.111111111111107,-213.31172839506172,-242.0216049382716,84.0524691358025,0.309736802469134,9.948575041616577,56.98762406099247,0.0,0.0897228322459788,0.0,1,0.0308246527777777,0.023267825648778,0.0109614158163265,0.0204081632653061,0.0,0.0,True,-4.554
Acetamide,CC(=O)N,0.0,0.0,0.0,0.0,0.0,0.0,20.97385790038101,0.0,-0.0288403509092834,0.0,0,0.0,0.0,0.0,0.0,0.0,0.0,False,1.58
p-Methoxybenzaldehyde,COc1ccc(C=O)cc1,-1.296296296296296,32.0,44.0,-9.0,-0.3854428148148145,-0.2551708700027942,122.71431038327054,0.0,0.0437230578010097,5.749511833283905,0,0.0601851851851851,0.0204081632653061,0.0,0.0,0.0,0.0,False,-1.49
Minoxidil,Nc1cc(nc(N)n1=O)N2CCCCC2,-6.147777777777777,-64.34222222222223,-93.96444444444442,4.204444444444444,-0.5736579955555561,-3.5949191774479883,58.249204074409285,0.0,-0.0834537379262031,0.0,0,0.0363247863247863,0.0204081632653061,0.0204861111111111,0.0204081632653061,0.0,0.0,True,-1.989
aminopyrine,CN(C)c2c(C)n(C)n(c1ccccc1)c2=O,-0.5467128027681657,-308.49480968858137,-48.564013840830455,24.775086505190306,0.3345260830449817,26.021964953684886,26.46936709810636,0.0,0.1756227948531969,5.687386274683562,0,0.028179012345679,0.021636432350718,0.0156249999999999,0.0204081632653061,0.0,0.0,True,-0.364
Hexestrol,CCC(C(CC)c1ccc(O)cc1)c2ccc(O)cc2,-0.8027210884353777,-59.412698412698425,-29.75510204081633,-8.603174603174605,-0.635582857142857,-20.33615901874392,134.5010720370691,0.0,0.1308036881773381,11.49902366656781,0,0.0236625514403292,0.0201855287569573,0.0182291666666666,0.0131015369110607,0.008,0.020610141822263,True,-4.43
Ditalimfos,CCOP(=S)(OCC)N2C(=O)c1ccccc1C2=O,-15.429752066115704,-458.2561983471075,-341.53719008264466,109.82644628099176,1.1171807419651063,6.055631485503941,1.4124899315319068,0.0,0.1858299529073448,0.0,0,0.0340046296296296,0.0146198830409356,0.010204081632653,0.0156249999999999,0.0,0.0,True,-3.35
p-Chloroiodobenzene,Clc1ccc(I)cc1,0.0,476.75000000000006,0.0,0.0,0.0,2.985016379757738,91.8860364871338,0.0,-0.0341145577266959,0.0,0,0.0,0.0,0.0,0.0,0.0,0.0,False,-4.03
RTI 6,CCN2c1nc(N(C)(CCO))ccc1NC(=O)c3cccnc23,-14.73979591836735,-141.31292517006804,-161.4195011337868,9.712018140589578,0.480477276643995,-6.003849794562649,76.71621344725786,0.0,0.1133752105727066,0.0,1,0.027878086419753,0.0219809523809523,0.0164492332020527,0.0095927590612964,0.0095490397805212,0.0051525354555657,True,-3.36
3-Pentanol,CCC(O)CC,0.4444444444444448,22.51851851851852,28.444444444444443,0.0,0.0,0.9937425423456412,48.42097221151323,0.0,-0.0453189664146239,0.0,0,0.0,0.0,0.0,0.0,0.0,0.0,False,-0.24
"1,3,5-Trimethylbenzene ",Cc1cc(C)cc(C)c1,6.612244897959186,-183.67346938775503,165.30612244897958,0.0,0.0,-40.16507281309463,94.39540257459204,0.0,-0.0422668360197978,0.0,0,0.0,0.0,0.0,0.0,0.0,0.0,False,-3.4
Isobutyl acetate,CC(C)COC(=O)C,1.8900000000000003,-0.5599999999999943,-122.75999999999998,0.0,0.0,-5.009766562637747,11.695429058810614,0.0,-0.0415492138394402,0.0,0,0.0,0.0,0.0,0.0,0.0,0.0,False,-1.21
Ethalfluralin,CCN(CC(C)=C)c1c(cc(cc1N(=O)=O)C(F)(F)F)N(=O)=O,-0.3491599707815891,42.32578524470418,85.18845872899927,-302.4616508400292,-8.643602997808616,7.983130833650847,0.0,0.0,0.1035909895280777,0.0,0,0.0484601449275362,0.0177498691784406,0.013503086419753,0.0185185185185185,0.0,0.0,True,-6.124
Ethyl acetate,CCOC(=O)C,0.734693877551021,-35.3877551020408,53.08163265306121,0.0,0.0,-2.6552644051886944,15.937596267280512,0.0,0.0545978754550907,0.0,0,0.0,0.0,0.0,0.0,0.0,0.0,False,-0.04
Acenapthene,C1Cc2cccc3cccc1c23,7.669421487603306,-88.84297520661158,94.21487603305783,0.0,0.0,-19.42787153746336,147.8773604293523,0.0,-0.0489664271441445,0.0,0,0.0,0.0,0.0,0.0,0.0,0.0,False,-4.63
D-fenchone,CC2(C)C1CCC(C)(C1)C2=O,6.954732510288063,-7.74074074074074,133.7037037037037,0.0,0.0,-1.8001823809918986,0.0,0.0,-0.0253016098316618,0.0,0,0.0,0.0,0.0,0.0,0.0,0.0,False,-1.85
Fenothiocarb,CN(C)C(=O)SCCCCOc1ccccc1,-0.7006172839506166,-115.18518518518516,21.60493827160493,89.01234567901236,0.3898336512345679,-9.89945368649938,43.805257378766136,0.0,-0.0677782847109374,5.749511833283905,0,0.0167824074074074,0.01291280148423,0.0074652777777777,0.0091262842585593,0.0117361111111111,0.0078109943429808,True,-3.927
Thiometon,CCSCCSP(=S)(OC)OC,-0.6748971193415634,55.7997256515775,201.3868312757201,-243.3168724279835,-0.925479810699587,-13.103624845830783,0.5965595577388694,0.0,0.1015325962341833,0.0,0,0.0238095238095238,0.0204081632653061,0.0125,0.0,0.0,0.0,True,-3.091
Cyclobutyl-5-spirobarbituric acid,O=C2NC(=O)C1(CCC1)C(=O)N2,1.89,-34.879999999999974,-7.839999999999993,0.0,0.0,5.380871801167229,34.58166879341872,0.0,0.0969708775018077,0.0,0,0.0277777777777777,0.04,0.0,0.0,0.0,0.0,False,-1.655
RTI 10,O2c1ccccc1N(C)C(=O)c3cccnc23,-2.074074074074076,-137.34019204389574,-74.19341563786008,69.27983539094649,0.4021408230452656,-9.750758937517356,44.0946090182954,0.0,0.1981370029880314,11.629500169719275,1,0.0193859649122806,0.0165180146132527,0.0049130763416477,0.0,0.0,0.0,True,-3.672
2-Octanone,CCCCCCC(=O)C,-1.3328,2.7647999999999944,2.355199999999999,-42.864,-0.2508351359999996,-0.3326102722002405,18.011673007538008,0.0,-0.0178764503434204,0.0,0,0.0277777777777777,0.0272108843537415,0.0,0.0,0.0,0.0,False,-2.05
nevirapine,Cc3ccnc4N(C1CC1)c2ncccc2C(=O)Nc34,-23.660899653979243,-118.49134948096884,-304.76816608996546,170.553633217993,0.7894799999999993,29.494138226817935,49.134031177501285,0.2886751345948128,0.1035044842836788,0.0,1,0.0212460317460317,0.0178231292517006,0.0111111111111111,0.0,0.0,0.0,True,-3.19
Ethane,CC,0.0,0.0,0.0,0.0,0.0,0.0,137.26031282849775,0.0,-0.0032884385135016,0.0,0,0.0,0.0,0.0,0.0,0.0,0.0,False,-1.36
Isonazid,c1nccc(C(=O)NN)c1,1.314878892733563,-24.716262975778548,20.775086505190316,0.0,0.0,-1.5352087829197316,39.80938414478971,0.0,-0.1029057789749335,0.0,0,0.0381944444444444,0.04,0.0,0.0,0.0,0.0,False,0.009
Nitromethane,CN(=O)=O,0.0,0.0,0.0,0.0,0.0,0.0,52.825030778426296,0.0,0.0161800891702771,0.0,0,0.0,0.0,0.0,0.0,0.0,0.0,False,0.26
"2,3,5,6-Tetrachlorophenol",Oc1c(Cl)c(Cl)cc(Cl)c1Cl,0.715976331360947,35.0887573964497,60.36094674556215,0.0,0.0,2.7377477104700105,50.58026682892623,0.0,-0.068743965101913,5.749511833283905,0,0.0,0.0,0.0,0.0,0.0,0.0,False,-3.37
Heptane,CCCCCCC,-0.028355387523629,-3.5916824196597337,-3.780718336483927,20.841209829867672,0.0197708052930051,-0.7854165677166404,145.8636300530361,0.0,0.0215529576719282,0.0,0,0.0277777777777777,0.0,0.0,0.0,0.0,0.0,False,-4.53
2-aminoanthracene,Nc3ccc2cc1ccccc1cc2c3,-3.804733727810651,15.893491124260338,-19.798816568047343,-2.828402366863908,-0.0495166745562129,-1.7940378322806223,144.55041709555312,0.0,0.0125080286694571,0.0,0,0.0162037037037037,0.025,0.01171875,0.0204081632653061,0.0,0.0,True,-5.17
fensulfothion,CCOP(=S)(OCC)Oc1ccc(cc1)S(C)=O,-4.058775510204081,-476.0571428571429,21.6391836734694,290.2677551020409,2.9139275306122463,-1.3750380170222287,3.140065131387792,0.0,0.0071342207511407,5.749511833283905,0,0.0243055555555555,0.0188843537414965,0.0249368686868686,0.0139581758629377,0.0133333333333333,0.0,True,-2.3
Naled,COP(=O)(OC)OC(Br)C(Cl)(Cl)Br,0.0825000000000008,72.56999999999998,-382.4699999999999,0.0,0.0,-11.93470402055602,0.0,0.0,0.265598185544372,0.0,0,0.0256410256410256,0.0,0.0,0.0,0.0,0.0,True,-2.28
"2,2-Dimethylpentanol",CCCC(C)(C)CO,1.875,-30.1875,46.375,0.0,0.0,-9.387379895486651,79.24886416836408,0.0,0.0539711551364037,0.0,0,0.0,0.0,0.0,0.0,0.0,0.0,False,-1.52
Salicylamide,NC(=O)c1ccccc1O,2.629757785467127,-70.31141868512111,40.72664359861592,0.0,0.0,2.378626485260881,81.99118164435879,0.0,-0.0436627407633903,5.749511833283905,0,0.0625,0.0,0.0,0.0,0.0,0.0,False,-1.836
Anthracene,c1ccc2cc3ccccc3cc2c1,-2.25,15.451388888888882,-20.1388888888889,26.736111111111104,0.0253629444444445,3.378855758833032,128.8421954877249,0.0,-0.0256349949989088,0.0,0,0.0111111111111111,0.0130612244897959,0.0,0.0,0.0,0.0,True,-6.35
p-Methylaniline,Cc1ccc(N)cc1,1.1072664359861597,47.875432525951545,-38.44636678200692,0.0,0.0,0.7586603076012166,114.87583655620182,0.0,-0.0506328040619179,0.0,0,0.0,0.0,0.0,0.0,0.0,0.0,False,-1.21
1-Nonyne,CCCCCCCC#C,-0.3327999999999995,2.079999999999997,1.9199999999999984,1.5999999999999988,0.0015178239999997,0.4548471356789603,102.62313169954776,0.0,0.0456779404742917,12.343784214475903,0,0.0138888888888888,0.0136054421768707,0.015625,0.0,0.0,0.0,False,-4.24
"1,4-Dibromobenzene",Brc1ccc(Br)cc1,0.0,800.7499999999999,0.0,0.0,0.0,4.4025222254489895,85.12883414371807,0.0,0.028394856657393,0.0,0,0.0,0.0,0.0,0.0,0.0,0.0,False,-4.07
methyl laurate,CCCCCCCCCCCC(=O)OC,-0.0761451516954191,2.969660916121357,2.360499702558001,1.1421772754312944,-0.1154649089827479,-0.4146454551767765,20.859418457681308,0.0,0.2629822325558898,0.0,0,0.0111111111111111,0.0090702947845804,0.0078125,0.0070546737213403,0.0066666666666666,0.0066115702479338,True,-4.69
Acetophenone,CC(=O)c1ccccc1,1.494809688581314,-3.425605536332176,9.43252595155709,0.0,0.0,0.0168145607182249,26.482683108748606,0.0,-0.0348881875691428,0.0,0,0.0625,0.0,0.0,0.0,0.0,0.0,False,-1.28
p-Chloroacetanilide,CC(=O)Nc1ccc(Cl)cc1,-0.2437673130193903,17.753462603878116,-6.6011080332409895,-134.75069252077563,-0.4081948088642659,-5.362022639381004,16.415043088943097,0.0,-0.0669743515203886,0.0,0,0.0289351851851851,0.0538775510204081,0.0,0.0,0.0,0.0,False,-2.843
Talbutal,CCC(C)C1(CC=C)C(=O)NC(=O)NC1=O,2.75,-167.625,-150.6875,-13.0625,-0.6119410781249999,-5.771257487905935,29.04809312751384,0.0,0.0596345290418476,0.0,0,0.0290798611111111,0.026938775510204,0.0,0.0,0.0,0.0,True,-2.016
"N,N-Dimethylaniline",CN(C)c1ccccc1,1.3499999999999996,-19.230000000000008,13.79999999999999,0.0,0.0,-3.73270889078363,101.83945742276082,0.0,-0.0115200844235729,0.0,0,0.0625,0.0,0.0,0.0,0.0,0.0,False,-1.92
Cycloheptanol,OC1CCCCCC1,0.5289256198347104,51.3719008264463,14.57851239669422,0.0,0.0,15.356367689869648,49.27347415892261,0.0,0.066320247900141,0.0,0,0.0,0.0,0.0,0.0,0.0,0.0,False,-0.88
p-Cresol,Cc1ccc(O)cc1,1.0,54.359375,-40.6875,0.0,0.0,3.68807846999475,67.2136556076074,0.0,0.0164802297588507,5.749511833283905,0,0.0,0.0,0.0,0.0,0.0,0.0,False,-0.73
"2,3-Dimethyl-1,3-Butadiene",CC(=C)C(=C)C,0.0,87.890625,0.0,0.0,0.0,19.219614920328556,116.7572457509002,0.0,-0.0573979365637113,0.0,0,0.0,0.0,0.0,0.0,0.0,0.0,False,-2.4
"2,6-PCB",Clc1cccc(Cl)c1c2ccccc2,-0.0991735537190079,-265.42148760330576,-153.6198347107438,63.10743801652893,0.1113171735537184,-4.330264173138582,183.16289450378568,0.0,-0.0267706166008667,11.126902983393991,0,0.0162037037037037,0.0263945578231292,0.0,0.0,0.0,0.0,True,-5.21
1-Hexanol,CCCCCCO,0.2380952380952383,1.6054421768707494,1.523809523809526,9.312925170068027,0.0268312653061222,-1.4660273613503312,75.02178659360737,0.0,0.056305308598678,0.0,0,0.0277777777777777,0.0,0.0,0.0,0.0,0.0,False,-1.24
Indole,c2ccc1[nH]ccc1c2,1.890625,6.109375,33.0625,0.0,0.0,1.36330842984016,88.56373300919267,0.0,0.0475819962108334,0.0,0,0.0,0.0,0.0,0.0,0.0,0.0,False,-1.52
Diphenylamine,N(c1ccccc1)c2ccccc2,-2.0,6.625,-25.5,16.0625,0.0436647847222222,10.366790501264967,79.04636084900835,0.0,-0.1319003958263739,0.0,0,0.0013888888888888,0.0097959183673469,0.0121527777777777,0.0,0.0,0.0,True,-3.504
norflurazon,CNc2cnn(c1cccc(c1)C(F)(F)F)c(=O)c2Cl,-4.380499405469679,-190.83353151010704,-158.78240190249704,57.96551724137933,0.7967311379310353,11.371543898525823,0.0,0.0,-0.0912865022472871,5.687386274683562,0,0.0398550724637681,0.027798066595059,0.0165441176470588,0.0168052406147644,0.015125,0.0,True,-4.046
p-Chlorobromobenzene,Clc1ccc(Br)cc1,0.0,343.99999999999994,0.0,0.0,0.0,3.449388406047736,93.2688491763369,0.0,-0.013773742138111,0.0,0,0.0,0.0,0.0,0.0,0.0,0.0,False,-3.63
Quinonamid,ClC(Cl)CC(=O)NC2=C(Cl)C(=O)c1ccccc1C2=O,-6.448979591836736,-140.0,-241.0,89.0,0.5239358698979588,-6.206296128173165,48.86278387304053,0.0,-0.047079541164091,0.0,0,0.0286458333333333,0.0270294784580498,0.013671875,0.0143361048122952,0.008875,0.0123456790123456,True,-5.03
"2,4,6-Trinitrotoluene",Cc1c(cc(cc1N(=O)=O)N(=O)=O)N(=O)=O,7.619047619047618,20.190476190476197,11.095238095238097,0.0,0.0,9.360345709710463,31.676905487548428,0.0,0.0614068386249879,0.0,0,0.060672514619883,0.0,0.0,0.0,0.0,0.0,True,-3.22
Diethyldisulfide,CCSSCC,1.125,-16.015625,82.03125,0.0,0.0,-7.609803727801257,123.10614810193196,0.0,-0.0938363692669628,0.0,0,0.0,0.0,0.0,0.0,0.0,0.0,False,-2.42
linalool,CC(C)=CCCC(O)(C)C=C,-6.506539833531511,57.521997621878725,74.22235434007136,56.25445897740785,0.1838416646848966,7.281818926928704,72.74798596646701,0.0,-0.0390766173799412,0.0,0,0.0555555555555555,0.0116618075801749,0.0,0.0,0.0,0.0,False,-1.99
methyltestosterone acetate,CC(=O)OC3(C)CCC4C2CCC1=CC(=O)CCC1(C)C2CCC34C,6.087719298245608,42.842105263157904,17.94736842105261,-12.30963373345645,-0.5596844444444444,-13.770611952556834,11.37755121646065,0.0,0.1557909848063822,0.0,0,0.0338888888888888,0.0303586125808348,0.0206771155431869,0.0177154195011337,0.0136301044634377,0.0064862186074307,True,-5.284
Butethal,CCCCC1(CC)C(=O)NC(=O)NC1=O,-2.6045785639958385,-117.08012486992716,-61.44432882414151,75.76586888657647,0.2046939313215386,7.539934732677199,31.130932361555523,0.0,0.0662761777767473,0.0,0,0.0358796296296296,0.0126530612244897,0.0295138888888888,0.0,0.0,0.0,True,-1.661
1-Bromonapthalene,Brc1cccc2ccccc12,2.327160493827161,-308.8888888888888,-34.22222222222219,0.0,0.0,-4.173888485069064,135.13473866066772,0.0,0.0874604196110831,0.0,0,0.0208333333333333,0.0,0.0,0.0,0.0,0.0,False,-4.35
2-Heptanol,CCCCCC(C)O,-0.625,1.4375,1.375,36.75,0.0954083333333327,-1.237276295580717,58.36172208762575,0.0,-0.0123587483640093,0.0,0,0.037037037037037,0.0,0.0,0.0,0.0,0.0,False,-1.55
1-methyluracil,Cn1ccc(=O)[nH]c1=O,1.0800000000000003,58.12000000000002,-36.72,0.0,0.0,-1.016826412065726,32.69246591286996,0.0,-0.1285141737795215,0.0,0,0.0,0.0,0.0,0.0,0.0,0.0,False,-0.807
Propazine,CC(C)Nc1nc(Cl)nc(NC(C)C)n1,-18.133194588969825,-239.47762747138404,-98.87304890738817,32.10509885535902,0.4224311685743965,34.064885533807775,29.07865712010165,0.0,-0.0493055317657748,0.0,0,0.0446428571428571,0.0185871271585557,0.03125,0.0,0.0,0.0,True,-4.43
Diuron,CN(C)C(=O)Nc1ccc(Cl)c(Cl)c1,-3.972222222222221,11.0,-51.0,-192.0,-0.5815967499999999,3.785095838471989,33.95711378765913,0.0,0.1038471031146763,0.0,0,0.0309343434343434,0.0315646258503401,0.0196759259259259,0.0,0.0,0.0,True,-3.8
nicotinamide,NC(=O)c1cccnc1,0.9600000000000004,8.595555555555555,-11.10666666666667,0.0,0.0,0.5337991492415322,39.44886450712725,0.0,-0.0751885329413642,0.0,0,0.0625,0.0,0.0,0.0,0.0,0.0,False,0.61
"1,2,3-Trimethylbenzene ",Cc1cccc(C)c1C,3.306122448979592,27.55102040816325,82.6530612244898,0.0,0.0,6.024760921964115,127.49495030079122,0.0,0.0072042558019221,0.0,0,0.0,0.0,0.0,0.0,0.0,0.0,False,-3.2
Estrone,CC12CCC3C(CCc4cc(O)ccc34)C2CCC1=O,6.167800453514742,22.2448979591837,86.49433106575964,-31.43990929705215,-0.2192882448979592,-4.410808347789295,114.05301805371307,0.0,-0.2241927113302826,5.749511833283905,0,0.0301515151515151,0.030204081632653,0.019244850718065,0.0195432008782348,0.0150790895061728,0.0,True,-3.955
Urea,NC(=O)N,0.0,0.0,0.0,0.0,0.0,0.0,27.82894694353077,0.0,-0.0094668729437309,0.0,0,0.0,0.0,0.0,0.0,0.0,0.0,False,0.96
2-Undecanol,CCCCCCCCCC(C)O,-0.3518518518518524,1.0092592592592622,0.9814814814814836,0.9259259259259336,-0.0226327407407408,-0.7540767483414212,101.25272128654152,0.0,-0.1209505865880383,0.0,0,0.0158730158730158,0.0136054421768707,0.0125,0.0123456790123456,0.0133333333333333,0.0,True,-2.94
triamcinolone acetonide,CC5(C)OC4CC3C2CCC1=CC(=O)C=CC1(C)C2(F)C(O)CC3(C)C4(O5)C(=O)CO,16.02419354838711,-295.4079084287201,-101.41935483870974,-32.01248699271587,-1.785057798126955,-51.98723827279468,279.758656507564,0.0,-0.1112609426334989,0.0,1,0.0388139329805996,0.0309523809523809,0.0217936955483947,0.015290918410787,0.0128424456202233,0.0103220759786416,True,-4.31
benzhydrol,c1ccccc1C(O)c2ccccc2,-0.2366863905325441,-9.75147928994083,-30.48520710059172,16.905325443786975,0.0783240946745548,5.502115862082187,117.97192618545738,0.0,0.0630699139905731,0.0,0,0.011574074074074,0.0097959183673469,0.0121527777777777,0.0,0.0,0.0,True,-2.55
"1,3-Dichlorobenzene",Clc1cccc(Cl)c1,0.0,-85.24999999999999,0.0,0.0,0.0,3.2632377559649925,81.25648242998557,0.0,-0.0402973302675414,0.0,0,0.0,0.0,0.0,0.0,0.0,0.0,False,-3.04
Hydrocortisone,CC12CC(O)C3C(CCC4=CC(=O)CCC34C)C2CCC1(O)C(=O)CO,8.428571428571425,-86.0,45.25,8.75,-1.21544481632653,-26.75468466838422,29.78419962802617,0.0,0.0913650210551261,0.0,0,0.0353108465608465,0.0320302343159486,0.0197497401738473,0.017147599780653,0.0109638631687242,0.0110022786790463,True,-3.09
Propylene,CC=C,0.0,0.0,0.0,0.0,0.0,0.0,99.38211899283104,0.0,-0.0283519512261674,0.0,0,0.0,0.0,0.0,0.0,0.0,0.0,False,-1.08
Propane,CCC,0.0,0.0,0.0,0.0,0.0,0.0,157.59261188201404,0.0,-0.0395132250143338,0.0,0,0.0,0.0,0.0,0.0,0.0,0.0,False,-1.94
m-Methylaniline,Cc1cccc(N)c1,2.435986159169551,-49.65397923875432,63.98269896193771,0.0,0.0,1.249534124942814,99.27500416767865,0.0,-0.0607300640990935,0.0,0,0.0,0.0,0.0,0.0,0.0,0.0,False,-0.85
o-Nitroanisole,COc1ccccc1N(=O)=O,4.88888888888889,-67.30864197530863,-48.22222222222221,0.0,0.0,-0.3617280969414111,20.426795915642582,0.0,0.050279468338922,5.749511833283905,0,0.0375,0.0,0.0,0.0,0.0,0.0,False,-1.96
1-Bromo-2-methylpropane,CC(C)CBr,0.0,0.0,0.0,0.0,0.0,0.0,113.52953608400853,0.0,0.0082821258989985,0.0,0,0.0,0.0,0.0,0.0,0.0,0.0,False,-2.43
Benzylchloride,ClCc1ccccc1,0.8533333333333336,-12.479999999999992,-19.72,0.0,0.0,4.141593614720516,122.79969961514718,0.0,-0.0475464909465265,0.0,0,0.0625,0.0,0.0,0.0,0.0,0.0,False,-2.39
Ethyl nonanoate,CCCCCCCCC(=O)OCC,-0.0914285714285712,-50.02938775510204,2.1942857142857126,0.5224489795918321,-0.1645447836734692,-2.067690904332491,15.598354969625328,0.0,-0.0164829993168249,0.0,0,0.0138888888888888,0.0116618075801749,0.0104166666666666,0.0098765432098765,0.005,0.0082644628099173,True,-3.8
mannitol,OCC(O)C(O)C(O)C(O)CO,1.3017751479289936,-11.78698224852071,-12.639053254437876,22.57988165680473,0.0339328757396447,-0.929435587187746,114.72410263800424,0.0,-0.1322136762898743,0.0,0,0.0208333333333333,0.010204081632653,0.0,0.0,0.0,0.0,False,0.06
"2,2,4-Trimethylpentane",CC(C)CC(C)(C)C,2.8757396449704165,-170.414201183432,127.81065088757398,0.0,0.0,-37.265582349664186,177.4360863833714,0.0,-0.0386338391683446,0.0,0,0.0,0.0,0.0,0.0,0.0,0.0,False,-4.74
"1,3-Dimethylnaphthalene",Cc1cc(C)c2ccccc2c1,5.444444444444443,-137.5,62.5,18.75,0.0177869999999999,-30.068019786469467,116.04436383134843,0.0,-0.0052125610334112,0.0,0,0.0291666666666666,0.04,0.0,0.0,0.0,0.0,False,-4.29
"2,6-Dinitrotoluene",Cc1c(cccc1N(=O)=O)N(=O)=O,5.149584487534624,-94.21606648199445,35.819944598337955,0.0,0.0,11.04158705045458,22.91267333144542,0.0,-0.0116515318249526,0.0,0,0.0590277777777777,0.0,0.0,0.0,0.0,0.0,False,-3.0
Fluorometuron,CN(C)C(=O)Nc1cccc(c1)C(F)(F)F,-2.7105624142661173,33.07407407407408,-144.46913580246914,38.69135802469136,0.172209722908092,8.444149906570093,0.3542144464988229,0.0,0.0532144954739236,0.0,0,0.0329861111111111,0.0333951762523191,0.0243055555555555,0.0,0.0,0.0,True,-3.32
2-Chloronapthalene,Clc1ccc2ccccc2c1,1.6049382716049392,36.44444444444445,-34.888888888888886,0.0,0.0,0.6043433726109997,109.63540009947276,0.0,-0.028406995958914,0.0,0,0.0208333333333333,0.04,0.0,0.0,0.0,0.0,False,-4.14
p-Nitroanisole,COc1ccc(cc1)N(=O)=O,-1.6296296296296295,25.62962962962964,84.37037037037038,-73.48148148148148,-1.284083333333332,-0.1474665574053631,26.003176406847924,0.0,0.0303683580594057,5.749511833283905,0,0.0746527777777777,0.0272108843537415,0.0,0.0,0.0,0.0,False,-2.41
thiamylal,CCCC(C)C1(CC=C)C(=O)NC(=S)NC1=O,-1.3306122448979574,-149.00734693877556,-81.33061224489794,-54.774693877551,0.199511568163264,7.594962239424008,8.365392157384228,0.0,0.0051167022305262,0.0,0,0.0303362573099415,0.0202597402597402,0.0147569444444444,0.0,0.0,0.0,True,-3.46
Griseofulvin,COC1=CC(=O)CC(C)C13Oc2c(Cl)c(OC)cc(OC)c2C3=O,-23.57168352171326,-207.59250446163,-222.92980368828088,-159.6591314693634,-0.8763054205829851,-15.265917376038225,0.0,0.0,0.1817879220988783,17.248535499851716,0,0.0385486111111111,0.0231207482993197,0.0171957671957672,0.0132071733014193,0.00890625,0.0,True,-3.246
Chlorbufam,CC(OC(=O)Nc1cccc(Cl)c1)C#C,-1.9200000000000008,-108.04479999999998,68.30879999999998,19.468799999999987,0.2807836431999982,12.993900048373916,19.39074026543323,0.0,-0.0821192426611836,12.343784214475903,0,0.0283564814814814,0.0165491651205936,0.0160590277777777,0.0129755605946082,0.0078125,0.0,True,-2.617
Phthalonitrile,N#Cc1ccccc1C#N,1.020408163265306,-18.612244897959183,-16.979591836734695,0.0,0.0,8.71281553299738,95.82277050824844,0.0,0.0395612704331907,12.138442625584547,0,0.0416666666666666,0.0,0.0,0.0,0.0,0.0,False,-2.38
4-Heptanol,CCCC(O)CCC,0.5625,-69.875,21.0625,27.5625,0.0715562499999995,-1.3521120534031912,46.20410379106767,0.0,0.0134493809804049,0.0,0,0.0277777777777777,0.0,0.0,0.0,0.0,0.0,False,-1.4
Benzo(a)pyrene,c1ccc2c(c1)cc3ccc4cccc5ccc2c3c45,-3.25,-78.515625,-46.875,-5.46875,-0.0051878749999999,-17.169522662160134,157.2368818801796,0.0,0.1771419939281496,0.0,0,0.0144230769230769,0.0200272108843537,0.0065586419753086,0.0080624842529604,0.0,0.0,False,-8.699
2-Chlorophenol,Oc1ccccc1Cl,0.378698224852071,-14.426035502958587,16.621301775147927,0.0,0.0,4.287966201220157,68.51241947904911,0.0,-0.0147301639246337,5.749511833283905,0,0.0,0.0,0.0,0.0,0.0,0.0,False,-1.06
chlorquinox,c2(Cl)c(Cl)c(Cl)c1nccnc1c2(Cl),2.0,-75.5625,-260.5,0.0,0.0,-1.306552022695888,48.00938790411804,0.0,-0.1685069620772337,0.0,0,0.0324074074074074,0.04,0.0,0.0,0.0,0.0,False,-5.43
"1,4-Diethylbenzene ",CCc1ccc(CC)cc1,-3.3333333333333326,-0.5208333333333224,8.333333333333336,15.625000000000009,0.0148224999999997,-0.1138940143427433,130.3122431735404,0.0,0.0462060579246335,0.0,0,0.0601851851851851,0.0204081632653061,0.0,0.0,0.0,0.0,False,-3.75
3-Hexanol,CCCC(O)CC,1.190476190476191,-24.081632653061227,12.333333333333334,0.0,0.0,-0.0850873807942188,67.15609504447926,0.0,0.1148140081913797,0.0,0,0.0,0.0,0.0,0.0,0.0,0.0,False,-0.8
Butanethiol,CCCCS,0.1199999999999999,-51.33333333333332,16.333333333333336,0.0,0.0,-1.662548197412674,87.6222952123833,0.0,-0.0211142678849234,0.0,0,0.0,0.0,0.0,0.0,0.0,0.0,False,-2.18
Mefenacet,CN(C(=O)COc1nc2ccccc2s1)c3ccccc3,2.5510204081632653,61.03020408163267,34.65632653061225,-49.68,-0.6898946057142856,5.8389133090633605,50.88376998489358,0.0,0.0676224889898274,5.193684038439675,0,0.0170277777777777,0.0193726379440665,0.0123070061357876,0.0097381545210676,0.0071880511463844,0.0018779716355473,True,-4.873
"3,5-Dimethylpyridine",Cc1cncc(C)c1,3.3217993079584787,-87.3910034602076,87.24913494809687,0.0,0.0,-18.1779746852906,107.6930223041344,0.0,-0.0102084825238108,0.0,0,0.0,0.0,0.0,0.0,0.0,0.0,False,0.38
Diethyl ether,CCOCC,0.3599999999999999,4.319999999999996,29.16,0.0,0.0,-1.76038385830001,131.8731493942165,0.0,0.0234045961836285,0.0,0,0.0,0.0,0.0,0.0,0.0,0.0,False,-0.09
"2,3,4,5-Tetrachlorophenol",Oc1cc(Cl)c(Cl)c(Cl)c1Cl,0.715976331360947,-108.9112426035503,-63.946745562130175,0.0,0.0,2.3274543190100108,69.2694927053117,0.0,-0.076937093384764,5.749511833283905,0,0.0,0.0,0.0,0.0,0.0,0.0,False,-3.15
thymine,Cc1c[nH]c(=O)[nH]c1=O,1.0800000000000003,58.12000000000002,-36.72,0.0,0.0,-1.016826412065726,36.69877791937273,0.0,-0.0993690913638123,0.0,0,0.0,0.0,0.0,0.0,0.0,0.0,False,-1.506
rhodanine,C1SC(=S)NC1(=O),0.0,0.0,0.0,0.0,0.0,0.0,20.343147367833577,0.0,-0.051500580104967,0.0,0,0.0,0.0,0.0,0.0,0.0,0.0,False,-1.77
"1,2,4-tribromobenzene",c1(Br)c(Br)cc(Br)cc1,0.0,397.0,0.0,0.0,0.0,2.364037516758939,64.32856450325198,0.0,0.1096423041499609,0.0,0,0.0,0.0,0.0,0.0,0.0,0.0,False,-4.5
chloropropylate,c1ccc(Cl)cc1C(c2ccc(Cl)cc2)(O)C(=O)OC(C)C,-12.42936288088643,-126.73130193905814,-48.6398891966759,106.32686980609422,0.7161162936288096,5.841122770491509,0.2301772505338122,0.0,-0.0937581119898941,0.0,0,0.0273919753086419,0.0221724818959842,0.0164517195767195,0.0193774479488765,0.00390625,0.0,True,-4.53
oxyphenbutazone,CCCCC1C(=O)N(N(C1=O)c2ccc(O)cc2)c3ccccc3,-17.53719008264463,-20.67768595041324,-215.9256198347108,-36.82644628099173,1.121929652892561,20.34118705882892,171.55030003590164,0.0,0.1135353240967693,5.749511833283905,0,0.0266937669376693,0.0128357268833459,0.0137226364904936,0.009546205313401,0.010125,0.0133914906642179,True,-3.73
Picene,c1ccc2c(c1)ccc3c2ccc4c5ccccc5ccc43,2.1111111111111094,-69.83024691358027,17.901234567901223,-10.64814814814815,-0.0101012592592594,-15.270234515575096,157.57511582327393,0.0,0.311350026470759,0.0,0,0.019345238095238,0.0180408163265306,0.0108506944444444,0.0088603342571596,0.00390625,0.0040812162024283,False,-7.87
Fluvalinate,CC(C)C(Nc1ccc(cc1Cl)C(F)(F)F)C(=O)OC(C#N)c2cccc(Oc3ccccc3)c2,-10.814404432132958,11.289012003693458,-7.32440751000309,48.424438288704216,-0.6907014416743611,18.05569098429413,0.9892543616501708,0.0,-0.1919969228020846,17.568244979360085,0,0.0267489711934156,0.0171742543171114,0.0155092592592592,0.0134430727023319,0.0062635869565217,0.0089260147911174,False,-8.003
Cyclohexanone,O=C1CCCCC1,0.0,16.89965397923875,0.0,0.0,0.0,6.823288009958983,12.223786415911688,0.0,-0.0463598580056867,0.0,0,0.0,0.0,0.0,0.0,0.0,0.0,False,-0.6
Methyl formate,COC=O,0.0,0.0,0.0,0.0,0.0,0.0,63.194571117732,0.0,0.0081675792473114,0.0,0,0.0,0.0,0.0,0.0,0.0,0.0,False,0.58
m-Fluorobromobenzene,Fc1cccc(Br)c1,0.0,-144.0,0.0,0.0,0.0,5.032443193999997,26.228547294919284,0.0,-0.0025222186667976,0.0,0,0.0,0.0,0.0,0.0,0.0,0.0,False,-2.67
RTI 22,CCN2c1cc(N(C)C)cc(C)c1NC(=O)c3cccnc23,-19.532879818594097,-81.38095238095238,-356.0362811791384,35.863945578231295,0.2409564897959162,3.419916966050488,59.07489463055728,0.0,0.3651325796131978,0.0,1,0.0321710526315789,0.02255291005291,0.0183952487244897,0.0076665586869668,0.015625,0.0,True,-4.871
"Sparsomycin (3,8mg/ml)",CSCS(=O)CC(CO)NC(=O)C=Cc1c(C)[nH]c(=O)[nH]c1=O,2.685941043083901,-166.93650793650795,139.78458049886623,100.13378684807256,0.6674364671201806,-9.392998107079595,84.74439905989831,0.0,-0.3153637228319421,0.0,0,0.029224537037037,0.0135714285714285,0.0185489766081871,0.0084278155706727,0.0124264705882352,0.0071557324082576,False,-1.981
4-hydroxypyridine,Oc1ccncc1,0.0,31.138888888888896,0.0,0.0,0.0,4.838791245713112,68.98441822123634,0.0,-0.0315993410753383,5.749511833283905,0,0.0,0.0,0.0,0.0,0.0,0.0,False,1.02
Phenylhydrazine,NNc1ccccc1,1.0,5.390625,13.125,0.0,0.0,-0.1884217680877686,93.89398037301098,0.0,-0.0367569801364282,0.0,0,0.0625,0.0,0.0,0.0,0.0,0.0,False,0.07
"3,4-Dimethylphenol",Cc1ccc(O)cc1C,2.2437673130193896,43.983379501385045,-3.1246537396121834,0.0,0.0,8.953529029442118,70.22242408221219,0.0,-0.0870154543512911,5.749511833283905,0,0.0,0.0,0.0,0.0,0.0,0.0,False,-1.38
stadacaine,CCCCOc1ccc(C(=O)OCC)c(c1)N(CC)CC,-17.33203125,-53.11111111111113,-115.66666666666669,-98.88888888888889,-0.2993028524305544,-16.841578725987965,27.566544850462083,0.0,0.1141255346636969,5.749511833283905,0,0.0299329501915708,0.0178285714285714,0.0152165032679738,0.0091671996433901,0.0088888888888888,0.0027548209366391,True,-3.84
2-Ethyl pyridine,CCc1ccccn1,1.24567474048443,-15.432525951557098,21.564013840830444,0.0,0.0,-5.644868300996374,131.24923524676242,0.0,0.0145897943400909,0.0,0,0.0625,0.0,0.0,0.0,0.0,0.0,False,0.51
m-Nitrophenol,Oc1cccc(c1)N(=O)=O,2.2222222222222228,-0.7200000000000002,-34.2,0.0,0.0,4.654335602079968,96.7286140724974,0.0,0.02835667788518,5.749511833283905,0,0.03125,0.0,0.0,0.0,0.0,0.0,False,-1.01
Chlordene,ClC2=C(Cl)C3(Cl)C1C=CCC1C2(Cl)C3(Cl)Cl,5.78512396694215,-1021.0247933884298,-434.9834710743801,0.0,0.0,-0.2391504288570839,0.0,0.0,0.0278435128447833,0.0,0,0.0475,0.0,0.0,0.0,0.0,0.0,True,-5.64
Phorate,CCOP(=S)(OCC)SCSCC,-4.44111111111111,-666.8399999999998,-289.5199999999999,123.43999999999996,0.2992253333333307,-24.71414196002405,0.8354045982229695,0.0,0.0881534504759628,0.0,0,0.0222222222222222,0.010204081632653,0.015625,0.0,0.0,0.0,True,-4.11
Methyl hydrazine,CNN,0.0,0.0,0.0,0.0,0.0,0.0,88.93134723283454,0.0,0.0063429323344464,0.0,0,0.0,0.0,0.0,0.0,0.0,0.0,False,1.34
4-Methylpentanol,CC(C)CCCO,1.190476190476191,11.60544217687075,-26.42857142857143,0.0,0.0,-6.978784019600325,62.935982923600704,0.0,-0.0828729240235326,0.0,0,0.0,0.0,0.0,0.0,0.0,0.0,False,-1.14
2-Pentanol,CCCC(C)O,0.5925925925925932,-33.185185185185176,37.92592592592592,0.0,0.0,-1.745405988398063,39.39416089365555,0.0,0.0231508216598939,0.0,0,0.0,0.0,0.0,0.0,0.0,0.0,False,-0.29
Triadimefon,CC(C)(C)C(=O)C(Oc1ccc(Cl)cc1)n2cncn2,-17.077160493827158,30.654320987654305,-192.05864197530863,293.8672839506173,2.0415941597222207,30.663146852950348,0.0,0.0,-0.1391024786495739,5.749511833283905,0,0.0300478927203065,0.0192978919963046,0.0173633255385487,0.0215830673833319,0.0049382716049382,0.0,True,-3.61
Chlorodibromethane,ClC(Br)Br,0.0,0.0,0.0,0.0,0.0,0.0,1.2787952110070406,0.0,0.0105674525602693,0.0,0,0.0,0.0,0.0,0.0,0.0,0.0,False,-1.9
acetazolamide,CC(=O)Nc1nnc(s1)S(N)(=O)=O,-8.246537396121884,-218.0,-30.0,-95.0,-2.141018836565096,5.303639297753688,4.277011491894588,0.0,0.0256988597194359,0.0,0,0.0408333333333333,0.0489795918367346,0.0,0.0,0.0,0.0,False,-2.36
Dimecron,CCN(CC)C(=O)C(=CCOP(=O)(OC)OC)Cl,5.829072315558804,-121.9510591672754,234.04894083272453,-270.7479912344777,-1.5236189481373257,-7.366644735888472,1.820747530888352,0.0,0.1227073995181123,0.0,0,0.0259259259259259,0.0233236151603498,0.0178571428571428,0.0123456790123456,0.008,0.0,True,0.523
Mefluidide,CC(=O)Nc1cc(NS(=O)(=O)C(F)(F)F)c(C)cc1C,-0.3535353535353557,-2.7777777777778017,-73.29292929292929,-220.52892561983472,-2.7937865564738305,-61.318935882825386,0.7070555638736185,0.0,-0.084985611679567,0.0,0,0.0344650205761316,0.0305009276437847,0.0247395833333333,0.0123456790123456,0.0,0.0,True,-3.24
Metranidazole,Cc1ncc(N(=O)=O)n1CCO,6.857142857142857,9.55102040816325,-86.00000000000001,0.0,0.0,-4.220455565772336,24.9970914173045,0.0,0.2174943176659866,0.0,0,0.0238888888888888,0.0,0.0,0.0,0.0,0.0,True,-1.26
Dibromomethane,BrCBr,0.0,0.0,0.0,0.0,0.0,0.0,20.63787005747361,0.0,0.0533869035485705,0.0,0,0.0,0.0,0.0,0.0,0.0,0.0,False,-1.17
3-Pentanone,CCC(=O)CC,0.5625,12.0,36.0,0.0,0.0,-0.6556693527213671,20.30101592945369,0.0,0.0364231772185221,0.0,0,0.0,0.0,0.0,0.0,0.0,0.0,False,-0.28
4-Heptanone,CCCC(=O)CCC,0.3719008264462807,-92.66115702479335,8.859504132231406,32.80165289256198,0.0851578512396684,-3.687455531890203,14.983525773994856,0.0,-0.0338175939793754,0.0,0,0.0277777777777777,0.0,0.0,0.0,0.0,0.0,False,-1.3
"2',3,4-PCB",Clc1ccc(cc1)c2cccc(Cl)c2Cl,-0.0082644628099174,-122.08264462809916,-121.22314049586772,117.32231404958677,0.3814385495867766,-1.8304490969674168,50.27819799784691,0.0,0.0349307314583281,11.126902983393991,0,0.0299145299145299,0.0290249433106575,0.0211805555555555,0.010204081632653,0.0,0.0,True,-6.29
2-Butanone,CCC(=O)C,0.0,38.8224852071006,0.0,0.0,0.0,4.638687107816689,12.39780812739014,0.0,0.0430947432549737,0.0,0,0.0,0.0,0.0,0.0,0.0,0.0,False,0.52
"2,2',3,3',5,6-PCB",Clc1cccc(c1Cl)c2c(Cl)c(Cl)cc(Cl)c2Cl,-2.586776859504131,-34.80991735537195,18.413223140495827,-109.5867768595041,-0.3274462561983469,-2.7216796685045974,21.90481245023373,0.0,-0.1195465709834726,11.126902983393991,0,0.0277777777777777,0.020360144057623,0.0138888888888888,0.0,0.0,0.0,False,-8.6
"2,2-Dimethylpropanol",CC(C)(C)CO,0.0,28.444444444444446,0.0,0.0,0.0,3.783743387435116,60.86415389524655,0.0,0.0008155057625579,0.0,0,0.0,0.0,0.0,0.0,0.0,0.0,False,-0.4
Diphenylmethane,C(c1ccccc1)c2ccccc2,-1.3599999999999997,26.4,-12.159999999999998,9.920000000000003,0.0094105087999996,5.773059799002135,152.33332726384293,0.0,0.0608880507582586,0.0,0,0.0013888888888888,0.0097959183673469,0.0121527777777777,0.0,0.0,0.0,True,-4.08
p-Phenylphenol,Oc1ccc(cc1)c2ccccc2,-1.2306238185255194,18.801512287334592,11.175803402646508,0.4234404536861995,-0.1574101474480142,-1.0625509652471468,82.14697462349896,0.0,-0.0515822280351123,16.876414816677897,0,0.0277777777777777,0.0266666666666666,0.015625,0.0204081632653061,0.0,0.0,True,-3.48
"2,2',4,4',5,5'-PCB",Clc1cc(Cl)c(cc1Cl)c2cc(Cl)c(Cl)cc2Cl,-1.2231404958677676,229.91735537190087,-73.22314049586778,-4.859504132231449,0.0698234710743798,-0.5912697330128777,149.69158080214706,0.0,-0.1418875339384124,11.126902983393991,0,0.033068783068783,0.0303061224489795,0.0180555555555555,0.0163769211388258,0.0,0.0,False,-8.56
2-Octanol,CCCCCCC(C)O,-1.526748971193416,1.3004115226337458,1.2510288065843662,-33.8477366255144,-0.2106892674897116,-1.0683459892365983,67.16136717298257,0.0,-0.0198311910010173,0.0,0,0.0277777777777777,0.0272108843537415,0.0,0.0,0.0,0.0,False,-2.09
Iodomethane,CI,0.0,0.0,0.0,0.0,0.0,0.0,67.61614470094229,0.0,-0.0347698725862705,0.0,0,0.0,0.0,0.0,0.0,0.0,0.0,False,-1.0
Quinoline,c1ccc2ncccc2c1,1.6608996539792382,-16.0,21.0,0.0,0.0,-1.4949529411841915,150.5046925600044,0.0,0.0110344862524737,0.0,0,0.0,0.0,0.0,0.0,0.0,0.0,False,-1.3
Fenoxycarb,CCOC(=O)NCCOc2ccc(Oc1ccccc1)cc2,1.4562760261748968,-86.7537180249851,31.67459845330161,7.431290898274835,-1.0045939869125529,10.665889661530198,35.603210072016296,0.0,0.1487003731381961,17.248535499851716,0,0.0076058201058201,0.0158968850698174,0.0127655228758169,0.0054757705551356,0.0066826923076923,0.0037472985131387,True,-4.7
Isobutyl formate,CC(C)COC=O,1.0380622837370248,-29.72664359861592,-33.197231833910045,0.0,0.0,-10.43960534039036,71.69137084261887,0.0,0.0380077285960395,0.0,0,0.0,0.0,0.0,0.0,0.0,0.0,False,-1.01
Phenylthiourea,NC(=S)Nc1ccccc1,0.4938271604938274,-49.74074074074076,-42.7283950617284,23.7283950617284,0.043250672839506,-1.480540750351297,82.58923813461644,0.0,0.0306996708899125,0.0,0,0.0236111111111111,0.04,0.0,0.0,0.0,0.0,False,-1.77
"1,2-Diethoxyethane ",CCOCCOCC,-1.4876033057851237,19.0,-18.0,12.0,0.2174911735537162,-0.4039749977216593,74.17055282256862,0.0,0.0011654241591336,0.0,0,0.0185185185185185,0.0204081632653061,0.0,0.0,0.0,0.0,False,-0.77
Camphor,CC1(C)C2CCC1(C)C(=O)C2,0.0,242.77777777777783,0.0,0.0,0.0,60.77736162068471,1.2337420490344753,0.0,0.0572193406666624,0.0,0,0.0,0.0,0.0,0.0,0.0,0.0,False,-1.96
Iodoethane,CCI,0.0,0.0,0.0,0.0,0.0,0.0,81.72630733629126,0.0,-0.0120454301508645,0.0,0,0.0,0.0,0.0,0.0,0.0,0.0,False,-1.6
3-Chlorophenol,Oc1cccc(Cl)c1,0.378698224852071,-79.65680473372782,16.621301775147927,0.0,0.0,3.577570609525388,59.3338729342653,0.0,-0.05521160258024,5.749511833283905,0,0.0,0.0,0.0,0.0,0.0,0.0,False,-0.7
isophorone,CC1=CC(=O)CC(C)(C)C1,5.208333333333335,-268.6666666666666,140.83333333333331,0.0,0.0,-23.390927096293304,12.85698213088757,0.0,-0.056981967205416,0.0,0,0.0,0.0,0.0,0.0,0.0,0.0,False,-1.06
diethylstilbestrol,CCC(=C(CC)c1ccc(O)cc1)c2ccc(O)cc2,-0.0749999999999975,-111.52,-7.9999999999999964,-15.520000000000008,-0.7011939200000016,-28.536612324088907,147.18944470925726,0.0,0.0479639923514182,11.49902366656781,0,0.0236625514403292,0.0201855287569573,0.0182291666666666,0.0131015369110607,0.008,0.020610141822263,True,-4.07
"1,1,1-Trichloroethane",CC(Cl)(Cl)Cl,0.0,0.0,0.0,0.0,0.0,0.0,0.0,0.0,-0.0856174453580739,0.0,0,0.0,0.0,0.0,0.0,0.0,0.0,False,-2.0
Trifluralin,CCCN(CCC)c1c(cc(cc1N(=O)=O)C(F)(F)F)N(=O)=O,-7.299145299145302,55.99999999999999,127.76923076923076,-237.48520710059185,-8.191125664694278,5.558192897127796,0.2378010562851155,0.0,0.2148755564417624,0.0,0,0.0472524154589372,0.0173061224489795,0.013503086419753,0.0185185185185185,0.0,0.0,True,-5.68
"1,2-Dichloroethane",ClCCCl,0.0,0.0,0.0,0.0,0.0,0.0,118.88916920263664,0.0,-0.0144637559824396,0.0,0,0.0,0.0,0.0,0.0,0.0,0.0,False,-1.06
"2,2'-PCB",Clc1ccccc1c2ccccc2Cl,-0.0991735537190079,-9.42148760330578,-153.6198347107438,63.10743801652893,0.1113171735537184,-3.9323391321695818,182.45396901060357,0.0,0.0056021418094698,11.126902983393991,0,0.0149572649572649,0.0263945578231292,0.0,0.0,0.0,0.0,True,-5.27
Ethoxyzolamide,CCOc2ccc1nc(sc1c2)S(N)(=O)=O,-4.118343195266272,-62.053254437869846,-49.64497041420117,-97.23668639053255,-0.7314264556213014,-21.21033735638189,1.7459050768387696,0.0,-0.1060498969704845,5.749511833283905,0,0.0302579365079365,0.0349701092558235,0.0224277210884353,0.0185185185185185,0.0,0.0,True,-3.81
Ethanethiol,CCS,0.0,0.0,0.0,0.0,0.0,0.0,55.00292728493613,0.0,-0.0347708875346472,0.0,0,0.0,0.0,0.0,0.0,0.0,0.0,False,-0.6
2-Isopropyltoluene,CC(C)c1ccccc1C,4.79166666666667,-111.45833333333334,98.95833333333336,0.0,0.0,-24.37331906933514,94.4357646898558,0.0,-0.0091141556749674,0.0,0,0.0625,0.0,0.0,0.0,0.0,0.0,False,-3.76
Phosalone,CCOP(=S)(OCC)SCn1c(=O)oc2cc(Cl)ccc12,3.378086419753086,-561.3858024691357,229.0123456790124,2.929012345678996,-2.041719793209876,-34.34205508268016,23.74802879591476,0.0,0.1431560603929292,0.0,0,0.0388043478260869,0.0213662131519274,0.0128489937641723,0.0139056201184177,0.0101388888888888,0.0144373023160901,True,-5.233
Phenmedipham,COC(=O)Nc1cccc(OC(=O)Nc2cccc(C)c2)c1,-0.9612188365650968,-68.46260387811635,48.54847645429362,22.110803324099727,2.239646127423822,9.056352116596049,38.7939111508102,0.0,-0.1235682566644605,5.749511833283905,0,0.0263310185185185,0.0148713398402839,0.0140817901234567,0.0072786316172559,0.0085714285714285,0.0060012429158434,True,-4.805
"2,4-Dinitrotoluene",Cc1ccc(cc1N(=O)=O)N(=O)=O,1.0443213296398886,8.083102493074803,-4.706371191135742,0.0,0.0,5.3099271552521525,21.86593120019739,0.0,-0.0064955478408117,0.0,0,0.0648148148148148,0.0,0.0,0.0,0.0,0.0,False,-2.82
4-Bromotoluene,Cc1ccc(Br)cc1,0.8533333333333336,175.52,-405.72,0.0,0.0,8.267882677330908,103.1146516992328,0.0,0.0930958788540168,0.0,0,0.0,0.0,0.0,0.0,0.0,0.0,False,-3.19
p-Fluoroacetanilide,CC(=O)Nc1ccc(F)cc1,-0.2437673130193903,-9.77008310249308,-5.271468144044326,-46.13019390581718,-0.8029046426592779,3.228700268450493,34.26954425215949,0.0,-0.0410270857523774,0.0,0,0.0289351851851851,0.0538775510204081,0.0,0.0,0.0,0.0,False,-1.78
Digoxin,CC1OC(CC(O)C1O)OC2C(O)CC(OC2C)OC8C(O)CC(OC7CCC3(C)C(CCC4C3CC(O)C5(C)C(CCC45O)C6=CC(=O)OC6)C7)OC8C,-14.77169691405975,31.76675376032756,83.90826919002889,-80.37984605606952,-0.516492000000007,-3.0845274480964022,164.15579776501954,0.0,0.0846554443720149,0.0,0,0.0274603174603174,0.0273059294639841,0.015829665199413,0.0132518388781714,0.0099712725546058,0.0073446822537731,False,-4.081
5-Ethyl-5-phenylbarbital,O=C1NC(=O)NC(=O)C1(CC)c1ccccc1,2.4756242568370985,-201.3935790725327,24.033293697978603,28.14387633769321,-0.1715980071343639,-2.3162475337076565,48.29663106390082,0.0,-0.0083843169415043,0.0,0,0.0285493827160493,0.028,0.015625,0.0204081632653061,0.0,0.0,True,-2.322
3-Methylpentane,CCC(C)CC,0.3599999999999999,36.0,20.25,0.0,0.0,7.872354271366565,178.71657701123573,0.0,0.0530991285075104,0.0,0,0.0,0.0,0.0,0.0,0.0,0.0,False,-3.68
Fluometuron,CN(C)C(=O)Nc1cccc(c1)C(F)(F)F,-2.7105624142661173,33.07407407407408,-144.46913580246914,38.69135802469136,0.172209722908092,8.444149906570093,0.7084288929976458,0.0,0.055491838531701,0.0,0,0.0329861111111111,0.0333951762523191,0.0243055555555555,0.0,0.0,0.0,True,-3.43
5-Allyl-5-methylbarbital,O=C1NC(=O)NC(=O)C1(C)CC=C,3.219281663516069,13.31379962192816,-71.64839319470698,-24.28733459357278,-0.3996827523629478,-14.833620980955343,49.44844977083147,0.0,0.0691917402224945,0.0,0,0.0208333333333333,0.0404081632653061,0.0,0.0,0.0,0.0,True,-1.16
1-Chloro-2-bromoethane,ClCCBr,0.0,0.0,0.0,0.0,0.0,0.0,98.75466175654576,0.0,-0.0022922389944596,0.0,0,0.0,0.0,0.0,0.0,0.0,0.0,False,-1.32
Fenuron,CN(C)C(=O)Nc1ccccc1,-4.0,28.33333333333333,-99.88888888888891,35.55555555555555,0.2756245555555551,4.763643755631546,23.38048204711934,0.0,0.0980756713905848,0.0,0,0.0254629629629629,0.0204081632653061,0.0277777777777777,0.0,0.0,0.0,True,-1.6
Benzophenone,O=C(c1ccccc1)c2ccccc2,-1.777777777777777,-40.0,-64.0,28.0,0.1041885555555548,2.656219735601276,25.425668403532043,0.0,0.1306063392246179,0.0,0,0.011574074074074,0.0097959183673469,0.0121527777777777,0.0,0.0,0.0,True,-3.12
"1,2,3,4-Tetrachlorobenzene",Clc1ccc(Cl)c(Cl)c1Cl,0.0,-61.25000000000002,0.0,0.0,0.0,2.6252535160777395,28.688685403579846,0.0,-0.0254597365671082,0.0,0,0.0,0.0,0.0,0.0,0.0,0.0,False,-4.57
Propyne,CC#C,0.0,0.0,0.0,0.0,0.0,0.0,42.946417398235525,0.0,-0.0111592989277439,12.343784214475903,0,0.0,0.0,0.0,0.0,0.0,0.0,False,-0.41
Cyhalothrin,CC1(C)C(C=C(Cl)C(F)(F)F)C1C(=O)OC(C#N)c2cccc(Oc3ccccc3)c2,-14.369999999999996,-132.4336,-267.2528,-87.28800000000001,-0.7235752779999924,2.490841875505929,0.5475950051317666,0.1666666666666666,0.0669170060809579,17.568244979360085,0,0.0334541062801932,0.0221857438627624,0.0111298258619687,0.0135429461136306,0.0110255111882716,0.009252117130905,False,-8.176
Corticosterone,CC12CC(O)C3C(CCC4=CC(=O)CCC34C)C2CCC1C(=O)CO,7.406611570247938,-150.21719008264463,64.25619834710739,58.48661157024791,-0.5032971662809896,-31.80775503446608,203.64948666046277,0.0,-0.0315928496926867,0.0,0,0.0343732193732193,0.0300890832523485,0.0182721898283122,0.017602565717645,0.0087219416386083,0.0132027344148556,True,-3.24
"2,7-dimethylquinoline",c2c(C)cc1nc(C)ccc1c2,-5.716446124763704,-31.73156899810964,-47.92249527410207,105.51039697542532,0.1494787145557642,8.089584720517175,55.83769331835461,0.0,0.0505880435176547,0.0,0,0.037037037037037,0.0266666666666666,0.0,0.0,0.0,0.0,False,-1.94
"1,1-Dichloroethane",CC(Cl)Cl,0.0,0.0,0.0,0.0,0.0,0.0,2.0568168351633918,0.0,-0.0489625429613865,0.0,0,0.0,0.0,0.0,0.0,0.0,0.0,False,-1.29
1-Pentene,CCCC=C,0.2399999999999998,-8.333333333333337,16.666666666666664,0.0,0.0,-1.8223042294830016,137.04555403131965,0.0,-0.1134417930655103,0.0,0,0.0,0.0,0.0,0.0,0.0,0.0,False,-2.68
Acenapthylene,C1=Cc2cccc3cccc1c23,5.7600000000000025,-70.0,66.0,0.0,0.0,-15.307355527657212,175.53432762893593,0.0,0.0512129060755271,0.0,0,0.0,0.0,0.0,0.0,0.0,0.0,False,-3.96
Pentachlorobenzene,Clc1cc(Cl)c(Cl)c(Cl)c1Cl,0.0,30.75000000000001,0.0,0.0,0.0,2.430612971436936,29.641333332651385,0.0,-0.0806761554276047,0.0,0,0.0,0.0,0.0,0.0,0.0,0.0,False,-5.65
1-Pentyne,CCCC#C,0.1597633136094675,-16.27218934911242,11.094674556213016,0.0,0.0,-3.5583455368602923,61.62060273774107,0.0,-0.0242506346924491,12.343784214475903,0,0.0,0.0,0.0,0.0,0.0,0.0,False,-1.64
Guaiacol,COc1ccccc1O,2.335640138408303,-66.04844290657437,58.66435986159169,0.0,0.0,-1.092635229436726,88.86152978735956,0.0,0.0082569900563792,11.49902366656781,0,0.0625,0.0,0.0,0.0,0.0,0.0,False,-1.96
1-Methylphenanthrene,Cc1cccc2c1ccc3ccccc32,-1.3593964334705075,-56.48148148148148,3.3950617283950475,32.4074074074074,0.0307429629629623,-12.351173110940287,106.60690517633071,0.0,0.1369451156091952,0.0,0,0.0248842592592592,0.016734693877551,0.0138888888888888,0.0,0.0,0.0,True,-5.85
3-Methylcholanthrene,c1cc(C)cc2c1c3cc4cccc5CCc(c45)c3cc2,-0.9357195032870697,-112.07085463842218,51.69831994156318,-1.3330898466033658,-0.0012646223520821,-24.507263089124507,85.48933031527048,0.0,0.0762226535118588,0.0,0,0.0240333333333333,0.0170204081632653,0.0140154275996112,0.014486292202066,0.0136728395061728,0.0123456790123456,True,-7.92
Linuron,CON(C)C(=O)Nc1ccc(Cl)c(Cl)c1,-3.8,69.27360000000003,-1.8879999999999968,25.574400000000026,0.7728794399999973,11.611564298180632,27.599703282700062,0.0,0.0915178301035366,0.0,0,0.0283564814814814,0.0258256029684601,0.0206163194444444,0.0112748803224993,0.0,0.0,True,-3.592
Ethyl formate,CCOC=O,0.0,-13.66115702479338,0.0,0.0,0.0,2.449875422429869,49.79891053146394,0.0,0.0456506845598487,0.0,0,0.0,0.0,0.0,0.0,0.0,0.0,False,0.15
"2,2,4,6,6'-PCB",Clc1cc(Cl)c(c(Cl)c1)c2c(Cl)cccc2Cl,-0.7520661157024816,100.85950413223146,-475.20661157024784,-46.11570247933884,-0.2195597107438016,-4.542245884123507,151.16608062998588,0.0,-0.0645866099147327,11.126902983393991,0,0.0171957671957672,0.0401632653061224,0.009375,0.0204081632653061,0.0,0.0,False,-7.32
Metribuzin,CSc1nnc(c(=O)n1N)C(C)(C)C,-5.0,-321.5255102040817,-94.43877551020408,-106.6224489795918,0.0878323086734687,29.61281640218005,23.966439750194624,0.0,-0.2021563687303403,0.0,0,0.0462962962962962,0.0306122448979591,0.0,0.0,0.0,0.0,True,-2.253
methylthiouracil,Cc1cc(=O)[nH]c(=S)[nH]1,1.0800000000000003,-250.9466666666667,46.41333333333334,0.0,0.0,-1.7174773143485844,33.61877338545607,0.0,-0.0935054940952872,0.0,0,0.0,0.0,0.0,0.0,0.0,0.0,False,-2.436
Endrin,ClC4=C(Cl)C5(Cl)C3C1CC(C2OC12)C3C4(Cl)C5(Cl)Cl,14.0,-928.1124828532236,-1052.40877914952,0.0,0.0,-15.082977945941826,0.0,0.2357022603955158,0.3706601346079676,0.0,1,0.0544444444444444,0.0451851851851851,0.0,0.0,0.0,0.0,True,-6.18
Triamcinolone,CC34CC(O)C1(F)C(CCC2=CC(=O)C=CC12C)C3CC(O)C4(O)C(=O)CO,10.911404958677684,-195.67768595041315,132.14049586776866,-28.190082644628088,-1.3322227398347142,-36.007200624072404,119.56335137383512,0.0,-0.073976288022228,0.0,0,0.0407777777777777,0.0309346080774652,0.0205352255844866,0.0151927437641723,0.012860873694207,0.0094305245820397,True,-3.68
allicin,C=CCS(=O)SCC=C,-0.5041551246537394,-168.39335180055397,-22.38227146814405,28.95290858725761,0.0754160221606642,-5.88722021593843,81.84634692563034,0.0,-0.1000384485736261,0.0,0,0.0138888888888888,0.0204081632653061,0.0,0.0,0.0,0.0,False,-0.83
Triclosan,Oc1cc(Cl)ccc1Oc2ccc(Cl)cc2Cl,-2.109375,0.8055555555555369,9.39583333333332,182.6388888888889,0.8545291874999997,3.5351876996005127,103.51715422359958,0.0,-0.1254353347194361,17.248535499851716,0,0.0251736111111111,0.0188299319727891,0.0291666666666666,0.0070546737213403,0.025625,0.0,True,-4.46
Thiourea,NC(=S)N,0.0,0.0,0.0,0.0,0.0,0.0,35.32001870636922,0.0,-0.0328170933702759,0.0,0,0.0,0.0,0.0,0.0,0.0,0.0,False,0.32
Ethion,CCOP(=S)(OCC)SCSP(=S)(OCC)OCC,5.10826888756692,-885.8750743604998,243.24330755502683,-659.5276621058891,-1.786936961332541,-45.11516179885608,0.6594831369499997,0.0,0.1424587486623474,0.0,0,0.0339506172839506,0.0171858216970998,0.015625,0.0061728395061728,0.01,0.0,True,-5.54
Trichlomethiazide,NS(=O)(=O)c2cc1c(NC(NS1(=O)=O)C(Cl)Cl)cc2Cl,-3.1887755102040813,177.04081632653055,-205.44897959183663,262.87755102040813,-0.2190652920918382,-28.9140645295443,4.771903894921111,0.0,-0.0923083517201447,0.0,0,0.0542200854700854,0.0157328385899814,0.0290798611111111,0.0296296296296296,0.0,0.0,True,-2.68
Styrene,C=Cc1ccccc1,1.0,6.25,12.5,0.0,0.0,1.366728172112248,91.1026690994666,0.0,-0.1685675173514951,0.0,0,0.0625,0.0,0.0,0.0,0.0,0.0,False,-2.82
Dapsone,Nc1ccc(cc1)S(=O)(=O)c2ccc(N)cc2,-5.757431629013078,65.36028537455407,-135.00594530321047,-32.380499405469685,-0.142599570749109,2.619999238111689,2.272284908835553,0.0,-0.1698146318966214,0.0,0,0.0373263888888888,0.0172594752186588,0.0217013888888888,0.0098765432098765,0.025625,0.0,True,-3.094
3-Heptanoyloxymethylphenytoin,O=C1N(COC(=O)CCCCCC)C(=O)C(N1)(c2ccccc2)c3ccccc3,-7.3599999999999985,75.2396694214876,-57.58677685950415,-94.3305785123967,-2.073360343801665,-0.2685201380151247,34.22709507538893,0.0,-0.0390751415118802,0.0,0,0.0227888888888888,0.013672942045035,0.0139762849584278,0.009796233308138,0.0066713633923778,0.0059484746454443,True,-6.301
phenolphthalein,Oc1ccc(cc1)C2(OC(=O)c3ccccc23)c4ccc(O)cc4,-8.313019390581717,-71.74238227146817,-113.18559556786704,47.01662049861494,1.0294156786703603,0.720290754909397,38.69973503329826,0.0,-0.1036549410716789,11.49902366656781,0,0.0218152454780361,0.0181380700428319,0.0248133975812547,0.0094966761633428,0.020625,0.0,True,-2.9
3-Methyl-1-Butene,CC(C)C=C,0.0,33.33333333333333,0.0,0.0,0.0,7.289216917931982,111.67311981342785,0.0,-0.0652061617309062,0.0,0,0.0,0.0,0.0,0.0,0.0,0.0,False,-2.73
Aniline,Nc1ccccc1,0.5,18.367346938775515,13.22448979591837,0.0,0.0,4.3735301466816185,105.94150039049826,0.0,0.0080161141865057,0.0,0,0.0,0.0,0.0,0.0,0.0,0.0,False,-0.41
"1,1,2,2-Tetrachloroethane",ClC(Cl)C(Cl)Cl,0.0,0.0,0.0,0.0,0.0,0.0,1.760700101639921,0.0,-0.069704144605018,0.0,0,0.0,0.0,0.0,0.0,0.0,0.0,False,-1.74
2-Hydroxypyridine,Oc1ccccn1,0.3402777777777777,12.138888888888896,10.02777777777778,0.0,0.0,1.9275221210428644,76.22453397793204,0.0,-0.0516043807886365,5.879988336435371,0,0.0,0.0,0.0,0.0,0.0,0.0,False,1.02
"3,4-Dimethylpyridine",Cc1ccncc1C,0.6643598615916958,59.58477508650518,17.449826989619375,0.0,0.0,15.481521337726877,101.56434659925807,0.0,-0.0375545026026774,0.0,0,0.0,0.0,0.0,0.0,0.0,0.0,False,0.36
benzoin,OC(C(=O)c1ccccc1)c2ccccc2,-1.086734693877552,-20.0,-61.0,1.0,0.2074978775510192,6.853003873154013,65.12050764314901,0.0,-0.0880630027053508,0.0,0,0.0225694444444444,0.0068027210884353,0.0060763888888888,0.0080624842529604,0.0,0.0,True,-2.85
Bensulide,CC(C)OP(=S)(OC(C)C)SCCNS(=O)(=O)c1ccccc1,-7.622453598913536,-1160.1960162969667,116.206428248076,646.1991851516522,0.937172951561793,-30.42682364878311,0.0,0.0,-0.0753306497285832,0.0,0,0.0274884259259259,0.0203692905733722,0.0146701388888888,0.0173184283459972,0.0067119565217391,0.0079787776757473,True,-4.2
metalaxyl,COCC(=O)N(C(C)C(=O)OC)c1c(C)cccc1C,-9.168352171326587,-141.35276621058892,-43.20761451516956,-229.6942296252232,-1.10421647352766,-24.166248896593714,6.329547080667054,0.0,0.1986269270810286,0.0,0,0.0265522875816993,0.0179905808477237,0.0104166666666666,0.0136054421768707,0.0,0.0,True,-1.601
5-Ethyl-5-isopropylbarbituric acid,O=C1NC(=O)NC(=O)C1(CC)C(C)C,3.75,-329.1683673469389,216.62755102040805,0.0,0.0,21.42120500710783,27.17776920057557,0.0,-0.0585978506006493,0.0,0,0.0708333333333333,0.0,0.0,0.0,0.0,0.0,True,-2.148
"1,3,5-Trichlorobenzene",Clc1cc(Cl)cc(Cl)c1,0.0,-185.25,0.0,0.0,0.0,2.77015343059744,78.51223001004308,0.0,-0.0549658122670097,0.0,0,0.0,0.0,0.0,0.0,0.0,0.0,False,-4.48
Triallate,CC(C)N(C(C)C)C(=O)SCC(Cl)=C(Cl)Cl,4.6640625,-507.1953125,684.1640625,-707.609375,-2.2692324843750016,-35.65268035519888,5.030082334276016,0.0,0.0871214025005197,0.0,0,0.0277777777777777,0.0272108843537414,0.0208333333333333,0.0,0.0,0.0,True,-4.88
Benzonitrile,N#Cc1ccccc1,0.378698224852071,1.3727810650887604,-8.976331360946746,0.0,0.0,4.047564687453344,95.1609121681347,0.0,0.0155510793342209,6.069221312792274,0,0.0625,0.0,0.0,0.0,0.0,0.0,False,-1.0
Cyclopentene,C1CC=CC1,0.0,0.0,0.0,0.0,0.0,0.0,121.00255961304748,0.0,-0.0223227453911524,0.0,0,0.0,0.0,0.0,0.0,0.0,0.0,False,-2.1
2-Bromonapthalene,Brc1ccc2ccccc2c1,1.6049382716049392,19.777777777777786,-181.55555555555557,0.0,0.0,2.4939984982654275,103.74159196316926,0.0,0.0291603302151702,0.0,0,0.0208333333333333,0.04,0.0,0.0,0.0,0.0,False,-4.4
"1,1,1,2-Tetrachloroethane",ClCC(Cl)(Cl)Cl,0.0,0.0,0.0,0.0,0.0,0.0,0.0,0.0,-0.0762273794181923,0.0,0,0.0,0.0,0.0,0.0,0.0,0.0,False,-2.18
Androstenedione,CC34CCC1C(CCC2=CC(=O)CCC12C)C3CCC4=O,2.673607967406065,58.057039384336754,110.97464916251698,21.079674060660924,-0.3834104753282017,-5.45877154956041,33.46898878689128,0.0,-0.0621896837684825,0.0,0,0.0347222222222222,0.0305072204320324,0.0177644775859061,0.0195432008782348,0.0150790895061728,0.0,True,-3.69
O-Ethyl carbamate,CCOC(=O)N,0.5680473372781065,-44.94082840236686,43.49112426035504,0.0,0.0,1.7489085458159257,23.054991017841022,0.0,-0.0049231708809916,0.0,0,0.0,0.0,0.0,0.0,0.0,0.0,False,0.85
2-Pentanone,CCCC(=O)C,0.5625,-42.0,36.0,0.0,0.0,-2.209029454066304,16.87425475412757,0.0,0.0597257243455027,0.0,0,0.0,0.0,0.0,0.0,0.0,0.0,False,-0.19
osthole,c1cc2ccc(OC)c(CC=C(C)(C))c2oc1=O,-14.844290657439448,46.19377162629758,-14.14186851211073,-167.6678200692041,-0.1407647889273374,-9.43718935442839,41.05151694341266,0.0,0.055850484536035,5.749511833283905,0,0.0337752525252525,0.0235445757250268,0.0176504629629629,0.010204081632653,0.0,0.0,True,-4.314
Diethyl sulfide,CCSCC,0.3599999999999999,28.00000000000001,49.0,0.0,0.0,0.906844471315984,140.8564622064502,0.0,-0.0252196050353898,0.0,0,0.0,0.0,0.0,0.0,0.0,0.0,False,-1.34
nitroglycerin,O=N(=O)OCC(CON(=O)=O)ON(=O)=O,-2.7275000000000005,-101.12,-42.56,19.360000000000003,0.8862339599999997,3.042378666627004,19.89789383085344,0.0,0.0828206572153307,0.0,0,0.0243055555555555,0.0313971742543171,0.0104166666666666,0.0,0.0,0.0,False,-2.22
Ethyne,C#C,0.0,0.0,0.0,0.0,0.0,0.0,45.23106793900798,0.0,-0.0046044677129751,12.846699791240518,0,0.0,0.0,0.0,0.0,0.0,0.0,False,0.29
Nitrapyrin,Clc1cccc(n1)C(Cl)(Cl)Cl,1.8520408163265312,-59.346938775510175,-189.79591836734693,0.0,0.0,-0.2744909206574667,0.0,0.0,-0.1543378210801634,0.0,0,0.03125,0.0,0.0,0.0,0.0,0.0,False,-3.76
Indapamide,CC2Cc1ccccc1N2NC(=O)c3ccc(Cl)c(c3)S(N)(=O)=O,5.479999999999999,20.0,89.875,142.1875,0.3415643200000044,-20.1900866441972,53.57102117544231,0.0,-0.0946096220066927,0.0,0,0.0419074074074074,0.013185521122029,0.0143237219130076,0.0184376359971598,0.0118188832772166,0.0086827874706662,True,-3.586
Thiophenol,Sc1ccccc1,0.2899408284023669,2.662721893491125,11.98224852071006,0.0,0.0,3.178433984550741,107.88717841400576,0.0,-0.0126343884980865,0.0,0,0.0,0.0,0.0,0.0,0.0,0.0,False,-2.12
Etomidate,CCOC(=O)c1cncn1C(C)c2ccccc2,-6.3148788927335655,-90.3044982698962,-86.2006920415225,-10.041522491349465,-0.2537105467128032,-3.7573382885351543,21.188363047853727,0.0,0.0588851185197506,0.0,0,0.0226719576719576,0.0158063225290116,0.0073374046588332,0.0088603342571596,0.0085416666666666,0.0123456790123456,True,-4.735
"O,P'-DDD",ClC(Cl)C(c1ccc(Cl)cc1)c2ccccc2Cl,-0.040816326530614,56.65306122448981,-428.8979591836737,208.2091836734694,0.567192632653061,0.956290847941409,2.053095740281709,0.0,-0.0861516217770665,0.0,0,0.0188888888888888,0.0263775510204081,0.0189043209876543,0.0092592592592592,0.015625,0.0,False,-6.51
Clomazone,CC1(C)CON(Cc2ccccc2Cl)C1=O,-7.479999999999998,58.95999999999997,161.67999999999995,-264.23999999999995,-0.4913376100000026,-0.7488386484727871,6.515395776947136,0.0,0.0684160422115686,0.0,0,0.0317222222222222,0.0260770975056689,0.013503086419753,0.0204081632653061,0.0,0.0,True,-2.338
Ethyl heptanoate,CCCCCCC(=O)OCC,-1.114149821640904,-52.24970273483947,1.6741973840665814,-55.93341260404279,-0.570578416171224,-2.1466838216751607,6.1535279845079245,0.0,-0.0387649875551476,0.0,0,0.0185185185185185,0.0163265306122449,0.0078125,0.0123456790123456,0.0,0.0,False,-2.74
3-Hexyne,CCC#CCC,1.125,-34.765625,7.03125,0.0,0.0,-7.602425457374385,167.7634183243608,0.0,0.0028806633210962,11.840868637711289,0,0.0,0.0,0.0,0.0,0.0,0.0,False,-1.99
"N,N-Diethylaniline",CCN(CC)c1ccccc1,1.025147928994084,-66.04733727810653,15.869822485207084,27.834319526627212,0.0407233491124257,-12.28956653837393,93.0718059511848,0.0,0.03671562974462,0.0,0,0.0300925925925925,0.04,0.0,0.0,0.0,0.0,False,-3.03
Metolcarb,c1ccccc1(OC(=O)NC),-1.9975,-38.0,-68.0,39.0,0.308902109999999,-3.395040592827428,18.888311763515315,0.0,0.0567043941374606,5.749511833283905,0,0.0168650793650793,0.0251020408163265,0.0277777777777777,0.0,0.0,0.0,False,-1.803
"1,2-Dibromobenzene",Brc1ccccc1Br,0.0,-355.24999999999994,0.0,0.0,0.0,1.2175715879999924,93.97448400315524,0.0,0.0449085012053611,0.0,0,0.0,0.0,0.0,0.0,0.0,0.0,False,-3.5
alloxan,O=C1NC(=O)C(=O)C(=O)N1,0.0,-16.0,0.0,0.0,0.0,1.190472947237745,54.315338140982064,0.0,0.0821728821618381,0.0,0,0.0,0.0,0.0,0.0,0.0,0.0,False,-1.25
1-Chloronapthalene,Clc1cccc2ccccc12,2.327160493827161,-102.2222222222222,2.444444444444461,0.0,0.0,-1.7121006856234982,145.07416071916654,0.0,0.0362513941709092,0.0,0,0.0208333333333333,0.0,0.0,0.0,0.0,0.0,False,-3.93
1-Octanol,CCCCCCCCO,-0.5267489711934152,1.3004115226337476,1.2510288065843629,1.1522633744855983,-0.0471412674897117,-1.0683459892365976,84.67145369282757,0.0,-0.028757498984955,0.0,0,0.0138888888888888,0.0136054421768707,0.015625,0.0,0.0,0.0,False,-2.39
Metolazone,CC2Nc1cc(Cl)c(cc1C(=O)N2c3ccccc3C)S(N)(=O)=O,2.0799999999999987,-94.0625,72.375,-17.8125,-0.2087061599999982,-35.12779770819249,2.8801292076103904,0.0,-0.0257692718277817,0.0,0,0.0362654320987654,0.021578231292517,0.0247395833333333,0.0168675657397461,0.0074553571428571,0.0123456790123456,True,-3.78
"2,3,5-Trichlorophenol",Oc1cc(Cl)cc(Cl)c1Cl,0.5917159763313609,-89.02958579881658,42.751479289940825,0.0,0.0,2.681212670511189,65.71682804125045,0.0,-0.0425166812125705,5.749511833283905,0,0.0,0.0,0.0,0.0,0.0,0.0,False,-2.67
Methyl octanoate,CCCCCCCC(=O)OC,-0.114149821640904,2.8917954815695546,1.674197384066585,-0.7609988109393623,-0.2485591058263968,-0.6155490880153012,15.787009515407847,0.0,0.0666207063522065,0.0,0,0.0185185185185185,0.0163265306122449,0.015625,0.0082304526748971,0.0,0.0,False,-3.17
Cypermethrin,CC1(C)C(C=C(Cl)Cl)C1C(=O)OC(C#N)c2cccc(Oc3ccccc3)c2,-2.196016296966954,-112.48755092802176,-432.75147125396114,-116.156631960163,-1.089116215482118,23.645467663799312,18.324979220915846,0.1666666666666666,0.0666622923078059,17.568244979360085,0,0.02275,0.0220665563522706,0.0122064608671751,0.0123896621228312,0.0081852445394112,0.0110248685687282,False,-8.017
tubercidin,Nc1ncnc2n(ccc12)C3OC(CO)C(O)C3O,-4.760330578512397,-31.17355371900828,22.429752066115697,-47.16253443526172,-0.1996364187327823,3.235584144160154,197.52537733764825,0.0,-0.1837586265200185,0.0,0,0.0264682539682539,0.0225497606449987,0.0193016309087737,0.0129755605946082,0.0078125,0.0,False,-1.95
7-methoxypteridine,COc2cnc1cncnc1n2,-4.358024691358025,-3.3333333333333286,-63.22222222222223,55.000000000000014,0.1182479999999993,0.7484955107592555,49.14633656131737,0.0,-0.1069445730109795,5.879988336435371,0,0.0243055555555555,0.0201360544217687,0.0277777777777777,0.0,0.0,0.0,False,-0.91
Acridine,c3ccc2nc1ccccc1cc2c3,-3.1190926275992443,-18.69943289224953,-34.412098298676746,33.55387523629491,0.058439863894139,5.032567353122474,65.4114319629062,0.0,-0.0127184903550829,0.0,1,0.0111111111111111,0.0130612244897959,0.0,0.0,0.0,0.0,True,-3.67
Dinitramine,CCN(CC)c1c(cc(c(N)c1N(=O)=O)C(F)(F)F)N(=O)=O,0.1093877551020405,20.741224489795936,4.208979591836738,-19.21959183673467,-3.821563219591837,0.1586643450293875,1.0747407516429257,0.0,0.152454599820763,0.0,0,0.0544250645994831,0.0092827988338192,0.0234375,0.0,0.0,0.0,True,-5.47
p-Nitrophenol,Oc1ccc(cc1)N(=O)=O,1.1719020815487764e-16,19.28,12.120000000000005,0.0,0.0,3.8247895556489686,95.29074994353994,0.0,0.0238268321751722,5.749511833283905,0,0.0787037037037037,0.0,0.0,0.0,0.0,0.0,False,-0.74
2-pyrrolidone,O=C1CCCN1,0.0,0.0,0.0,0.0,0.0,0.0,19.543689678922515,0.0,0.0237668380777982,0.0,0,0.0,0.0,0.0,0.0,0.0,0.0,False,1.07
"1,2-Dibromoethane",BrCCBr,0.0,0.0,0.0,0.0,0.0,0.0,82.88480025565376,0.0,0.0424463373422486,0.0,0,0.0,0.0,0.0,0.0,0.0,0.0,False,-1.68
Ethyl propyl ether,CCCOCC,0.8888888888888897,-15.296296296296298,3.555555555555554,0.0,0.0,-3.896832389165071,69.81774837045978,0.0,-0.0722668386673728,0.0,0,0.0,0.0,0.0,0.0,0.0,0.0,False,-0.66
"2,3,4,5,6-PCB",Clc2c(Cl)c(Cl)c(c1ccccc1)c(Cl)c2Cl,-2.206611570247935,-3.867768595041324,-518.8429752066115,-249.7520661157025,-0.7223078016528927,-1.7583146555245988,48.52004141967491,0.0,-0.120576239724897,11.126902983393991,0,0.0277777777777777,0.0236734693877551,0.0204861111111111,0.0204081632653061,0.0,0.0,False,-7.92
Coumaphos,CCOP(=S)(OCC)Oc2ccc1oc(=O)c(Cl)c(C)c1c2,-2.8891966759002776,-613.0360110803324,-49.75069252077562,365.781163434903,1.1448986696675931,2.6786185503757896,0.0,0.0,0.217390118148458,5.749511833283905,0,0.0240384615384615,0.0285343228200371,0.0177951388888888,0.0176218635602389,0.0100961538461538,0.0096248682107267,True,-5.382
Methoprene,COC(C)(C)CCCC(C)CC=CC(C)=CC(=O)OC(C)C,-10.02551020408163,-57.244897959183696,94.48469387755104,191.52040816326527,0.6496057959183709,15.658802418437372,32.62730070862144,0.0,-0.0556851944664018,0.0,0,0.0380116959064327,0.0129870129870129,0.015625,0.0082304526748971,0.0153846153846153,0.0055096418732782,True,-5.19
Pentylcyclopentane,CCCCCC1CCCC1,-2.0,-8.561053100998431e-15,-3.108624468950437e-15,-3.3306690738754696e-15,-4.577916194274203e-16,2.7684709112804862e-14,138.03071742439198,0.0,-0.059456647787467,0.0,0,0.016,0.0138888888888888,0.0204081632653061,0.0,0.0,0.0,False,-6.08
Propanil,CCC(=O)Nc1ccc(Cl)c(Cl)c1,-3.103305785123968,-35.48760330578512,19.396694214876035,-193.7190082644628,-0.5835920826446278,-0.4827720484573766,15.322586605411349,0.0,-0.0297682315194958,0.0,0,0.0316358024691358,0.0318367346938775,0.0147569444444444,0.0,0.0,0.0,True,-3.0
RTI 20,C2c1ccccc1N(CCF)C(=O)c3ccccc23,-6.593204775022954,-90.30211202938476,-47.49403122130395,51.3149678604224,-0.1983324150596877,-15.176753816156216,20.064116704543142,0.0,0.1366786165679681,0.0,1,0.0170039682539682,0.016766706682673,0.0122742549400712,0.0204081632653061,0.0,0.0,True,-4.799
3-Hexanoyloxymethylphenyltoin,O=C1N(COC(=O)CCCCC)C(=O)C(N1)(c2ccccc2)c3ccccc3,-8.692307692307692,56.6937869822485,-76.53846153846155,-33.594674556213015,-1.2062960000000011,-0.5041443114371077,23.475024521544853,0.0,-0.0322156821663223,0.0,0,0.0232539682539682,0.0130266709858546,0.0149745910268869,0.0102044096959771,0.0069746071829405,0.0047728689816231,True,-5.886
Danazol,CC23Cc1cnoc1C=C2CCC4C3CCC5(C)C4CCC5(O)C#C,4.3480029585798805,88.75,123.75,52.5,-0.4929908165680491,-18.081496688315383,123.08534665006938,0.0,-0.0243143444046821,12.343784214475903,1,0.0327460317460317,0.0261255766674485,0.0182694289837146,0.015354753012316,0.0121617798353909,0.0087242798353909,True,-5.507
"2,4-Dimethyl-3-pentanol",CC(C)C(O)C(C)C,2.25,-63.0,110.25,0.0,0.0,-15.952770633405637,42.53282790831576,0.0,-0.0409581272926766,0.0,0,0.0,0.0,0.0,0.0,0.0,0.0,False,-1.22
"1,3-Butadiene",C=CC=C,0.0,16.0,0.0,0.0,0.0,3.498824120607351,98.35890849844604,0.0,-0.0798938524870911,0.0,0,0.0,0.0,0.0,0.0,0.0,0.0,False,-1.87
Ethylbenzene,CCc1ccccc1,1.037037037037037,-0.9259259259259224,14.814814814814818,0.0,0.0,-0.2024782477203374,115.7591583950244,0.0,0.0109924435785296,0.0,0,0.0625,0.0,0.0,0.0,0.0,0.0,False,-2.77
"2,2-Dimethyl-1-butanol",CCC(C)(C)CO,0.1700680272108844,65.94557823129253,9.312925170068027,0.0,0.0,14.500600033450755,66.79567805737962,0.0,0.0314036748392822,0.0,0,0.0,0.0,0.0,0.0,0.0,0.0,False,-1.04
chlorothiazide,NS(=O)(=O)c2cc1c(N=CNS1(=O)=O)cc2Cl,-1.0226843100189045,184.9092627599244,-36.8998109640832,47.77504725897919,-0.1416227126654076,-31.51901252109425,1.5840573522249486,0.0,-0.201711009142776,0.0,0,0.0716145833333333,0.0114795918367346,0.0277777777777777,0.0,0.0,0.0,True,-3.05
"1,2,4,5-Tetrachlorobenzene",Clc1cc(Cl)c(Cl)cc1Cl,0.0,194.75,0.0,0.0,0.0,3.02317855704674,90.26306506034928,0.0,-0.0431019593615998,0.0,0,0.0,0.0,0.0,0.0,0.0,0.0,False,-5.56
1-Nitronapthalene,O=N(=O)c1cccc2ccccc12,4.125,-32.0,-31.5,0.0,0.0,-4.580706941142182,16.62042755589717,0.0,-0.0445190446983229,0.0,0,0.0270061728395061,0.04,0.0,0.0,0.0,0.0,True,-3.54
Anilofos,COP(=S)(OC)SCC(=O)N(C(C)C)c1ccc(Cl)cc1,-0.2043750000000034,-77.24000000000005,369.1200000000002,-844.6399999999999,-3.668639309999998,-27.119870624649927,2.0182609419121365,0.0,0.1676666589071309,0.0,0,0.0272222222222222,0.0341743970315398,0.0141153381642512,0.0056689342403628,0.015859375,0.0115498418528721,True,-4.432
Chloropham,CC(C)OC(=O)Nc1cccc(Cl)c1,-3.686390532544378,-202.80473372781063,113.99408284023669,59.372781065088745,0.4572917041420092,20.60977805582431,16.524721479593346,0.0,0.0308187940798084,0.0,0,0.0340277777777777,0.018204081632653,0.021412037037037,0.010204081632653,0.0,0.0,True,-3.38
difluron,Fc1cccc(F)c1C(=O)NC(=O)Nc2ccc(Cl)cc2,1.0444444444444445,-59.52888888888889,-3.022222222222225,-57.257777777777775,-0.9966630800000008,-5.700038633491214,55.25756658506737,0.0,0.1394221268674354,0.0,0,0.0329861111111111,0.0173061224489795,0.0168504901960784,0.0105347694633408,0.0058928571428571,0.0133914906642179,True,-6.02
"3,3-Dimethyl-2-butanol",CC(O)C(C)(C)C,0.0,111.7551020408163,0.0,0.0,0.0,16.021152129061328,59.76206181117148,0.0,0.00687025486714,0.0,0,0.0,0.0,0.0,0.0,0.0,0.0,False,-0.62
1-Butanol,CCCCO,0.1199999999999999,-7.920000000000002,9.72,0.0,0.0,3.2273704068833124,52.14156973988187,0.0,-0.0116338723554792,0.0,0,0.0,0.0,0.0,0.0,0.0,0.0,False,0.0
Fluridone,Cn2cc(c1ccccc1)c(=O)c(c2)c3cccc(c3)C(F)(F)F,-5.288088642659279,-60.21883656509695,-198.8365650969529,108.87534626038786,0.6750693434903051,-19.36168881696624,1.1374927506966104,0.0,-0.0937160256242572,22.253805966787983,0,0.0320945945945946,0.0190915075707702,0.0139556623931623,0.0127169776292583,0.0101041666666666,0.0077543107846138,True,-4.445
2-Methylpropan-1-ol,CC(C)CO,0.0,19.44,0.0,0.0,0.0,2.322779618432653,62.17444792207925,0.0,0.0445846253260137,0.0,0,0.0,0.0,0.0,0.0,0.0,0.0,False,0.1
"1,2-Dichlorotetrafluoroethane",FC(F)(Cl)C(F)(F)Cl,0.0,0.0,0.0,0.0,0.0,0.0,0.0944936006291014,0.0,0.0195308776844293,0.0,0,0.0,0.0,0.0,0.0,0.0,0.0,False,-2.74
Kepone,ClC1(C(=O)C2(Cl)C3(Cl)C14Cl)C5(Cl)C2(Cl)C3(Cl)C(Cl)(Cl)C45Cl,3.8140589569161,176.44444444444443,-37.77777777777778,0.0,0.0,4.360538723161443,5.72176061409007,0.0,0.4238518637209762,0.0,0,0.0229700854700854,0.0,0.0,0.0,0.0,0.0,False,-5.259
"2,2',3,3',4,4',5,5',6,6'-PCB",Clc1c(Cl)c(Cl)c(c(Cl)c1Cl)c2c(Cl)c(Cl)c(Cl)c(Cl)c2Cl,-3.041322314049588,-52.0,-92.0,84.0,0.3689342479338854,-1.2527168421719066,51.792568264467405,0.0,-0.259442718635878,11.126902983393991,0,0.0334967320261437,0.0289212827988338,0.0175653594771241,0.0109179474258839,0.0,0.0,False,-11.6
"2,3',4,4'-PCB",Clc1ccc(c(Cl)c1)c2ccc(Cl)c(Cl)c2Cl,-1.0702479338842992,-136.2314049586777,-59.20661157024794,-117.38842975206607,-0.3093848925619838,-1.8412800414841444,42.127705663937206,0.0,-0.0774040744577367,11.126902983393991,0,0.034313725490196,0.0325902668759811,0.0151909722222222,0.0218358948517678,0.0,0.0,False,-7.8
o-Chlorobromobenzene,Clc1ccccc1Br,0.0,-200.0,0.0,0.0,0.0,2.3236124012887367,103.9130662360256,0.0,-0.0175580439326081,0.0,0,0.0,0.0,0.0,0.0,0.0,0.0,False,-3.19
4-hexylresorcinol,c1(O)cc(O)ccc1CCCCCC,-1.0390625,-12.5546875,-4.6015625,-48.671875,-0.3159091874999997,0.8641643978990565,68.39311559360209,0.0,0.0497735138534898,11.49902366656781,0,0.0223765432098765,0.0177551020408163,0.0151289682539682,0.0114890400604686,0.0178125,0.0,True,-2.59
Dulcin,CCOc1ccc(NC(N)=O)cc1,-0.2447999999999999,-42.44480000000001,9.932799999999991,-32.3472,-0.5158869631999996,-13.376693546082796,39.428529635891394,0.0,-0.0417286836174785,5.749511833283905,0,0.0293209876543209,0.0403265306122449,0.015625,0.0164609053497942,0.0,0.0,True,-2.17
Estragole,c1(OC)ccc(CC=C)cc1,-1.911153119092628,-2.1663516068052906,12.914933837429103,-4.200378071833652,-0.1547251266540641,-6.794409192537746,49.3945455156277,0.0,-0.0457271540418433,5.749511833283905,0,0.0416666666666666,0.026938775510204,0.015625,0.0,0.0,0.0,False,-2.92
"Etoposide (148-167,25mg/ml)",COc1cc(cc(OC)c1O)C6C2C(COC2=O)C(OC4OC3COC(C)OC3C(O)C4O)c7cc5OCOc5cc67,-1.8436815193571987,64.08400292184075,-124.72826880934991,36.46018991964937,3.2611296829802767,7.904595139903709,91.64782200715548,0.0,0.2096977777692414,28.747559166419524,1,0.0238697318007662,0.0204156387829857,0.0161297942115914,0.0117959729058741,0.0102420599362803,0.0079646158555249,False,-3.571
2-Methylanthracene,Cc1ccc2cc3ccccc3cc2c1,-4.640603566529491,5.246913580246901,-28.395061728395067,-8.950617283950622,-0.0084909135802473,1.147376737081916,140.77604010225215,0.0,0.0002982542723134,0.0,0,0.0162037037037037,0.025,0.01171875,0.0204081632653061,0.0,0.0,True,-6.96
Pyrimidine,c1cncnc1,0.0,10.240000000000002,0.0,0.0,0.0,0.559692212625638,108.14118735122416,0.0,-0.109853856031745,0.0,0,0.0,0.0,0.0,0.0,0.0,0.0,False,1.1
Tetrahydropyran,C1CCOCC1,0.0,32.0,0.0,0.0,0.0,4.256711310864503,176.51939099637818,0.0,-0.0079394416399645,0.0,0,0.0,0.0,0.0,0.0,0.0,0.0,False,-0.03
"3,3-Dimethyl-1-butanol",CC(C)(C)CCO,0.5102040816326532,-44.29931972789115,27.938775510204085,0.0,0.0,8.789303820719397,62.318251836234666,0.0,0.1078704377886888,0.0,0,0.0,0.0,0.0,0.0,0.0,0.0,False,-0.5
1-Nonanol,CCCCCCCCCO,-0.4533333333333334,1.18666666666667,1.1466666666666687,1.0666666666666669,-0.0363199999999999,-0.938863673391627,53.71704105686243,0.0,-0.112914131307482,0.0,0,0.0111111111111111,0.010204081632653,0.0104166666666666,0.0123456790123456,0.0,0.0,False,-3.01
Dibenzothiophene,c1ccc2c(c1)sc3ccccc23,1.2267573696145126,-110.71428571428577,-1.530612244897977,38.265306122448976,0.0333154353741495,-13.732334597744735,177.49185511199164,0.0,0.1218477646137609,0.0,1,0.0169047619047619,0.0081481481481481,0.0,0.0,0.0,0.0,True,-4.38
halothane,FC(F)(F)C(Cl)Br,0.0,0.0,0.0,0.0,0.0,0.0,0.152162887010215,0.0,-0.0180205421895717,0.0,0,0.0,0.0,0.0,0.0,0.0,0.0,False,-1.71
Methane,C,0.0,0.0,0.0,0.0,0.0,0.0,96.3003851364477,0.0,0.0058957522872595,0.0,0,0.0,0.0,0.0,0.0,0.0,0.0,False,-0.9
Triamterene,Nc3nc(N)c2nc(c1ccccc1)c(N)nc2n3,-9.060000000000002,-136.28000000000003,-10.559999999999995,80.32000000000002,0.0923841644444443,-6.152035698244546,92.7141315519345,0.0,-0.1085384499785066,11.257379486545457,0,0.0344065656565656,0.0190022675736961,0.0124684343434343,0.0145772594752186,0.01,0.0123456790123456,True,-2.404
"2,4,6-Trimethylphenol",Cc1cc(C)c(O)c(C)c1,7.644628099173556,-130.02479338842974,145.25619834710747,0.0,0.0,-33.67759218649386,63.09463151339563,0.0,-0.0084298427520803,5.749511833283905,0,0.0,0.0,0.0,0.0,0.0,0.0,False,-2.05
17a-Methyltestosterone,CC1(O)CCC2C3CCC4=CC(=O)CCC4(C)C3CCC21C,-0.1360946745562121,134.42603550295863,95.42455621301777,-37.3698224852071,-0.3625775976331384,7.080679704849083,90.26417447918722,0.0,0.0949322498326312,0.0,0,0.0374279835390946,0.0332404707914912,0.0200759991496598,0.0182525685171187,0.0191882716049382,0.0,True,-3.999
Dialifos,CCOP(=S)(OCC)SC(CCl)N2C(=O)c1ccccc1C2=O,-7.046875,-481.4199999999999,108.85000000000004,-310.13000000000005,-2.2579582825,-18.51817872875641,33.504633462083845,0.0,-0.0150249295956951,0.0,0,0.0299831649831649,0.0221271304220612,0.016422193877551,0.0086805555555555,0.0061728395061728,0.01,True,-6.34
"3,5-Dichlorophenol",Oc1cc(Cl)cc(Cl)c1,0.4792899408284023,-234.3550295857989,28.17159763313609,0.0,0.0,2.59171342597507,61.99207676451178,0.0,-0.0646348345752452,5.749511833283905,0,0.0,0.0,0.0,0.0,0.0,0.0,False,-1.34
3-Ethyl-3-pentanol,CCC(O)(CC)CC,1.6875,35.4375,82.6875,0.0,0.0,0.5621700214099942,31.592724909667645,0.0,-0.1035318908762561,0.0,0,0.0,0.0,0.0,0.0,0.0,0.0,False,-0.85
RTI 5,CCN2c1ccccc1N(C)C(=O)c3cccnc23,-4.977508650519028,-235.9515570934256,-211.0726643598616,171.28027681660905,0.5550851833910061,-13.96693734344989,44.27814486145788,0.0,0.1603713443752593,0.0,1,0.0255172413793103,0.0175893947322518,0.0049130763416477,0.0,0.0,0.0,True,-3.324
trans-2-Pentene,CC/C=C/C,0.3599999999999999,-8.333333333333336,25.0,0.0,0.0,-1.8223042294830036,87.15849763346773,0.0,-0.1129543259222991,0.0,0,0.0,0.0,0.0,0.0,0.0,0.0,False,-2.54
3-chloropropionitrile,ClCCC#N,0.0,0.0,0.0,0.0,0.0,0.0,95.0200505561171,0.0,-0.0182879367700238,6.069221312792274,0,0.0,0.0,0.0,0.0,0.0,0.0,False,-0.29
3-Chlorobiphenyl,c1c(Cl)cccc1c2ccccc2,-0.3925619834710734,12.661157024793384,-41.48760330578512,-18.214876033057863,-0.0553873884297521,-1.6321658604239704,81.90183970429558,0.0,-0.1704354589454045,11.126902983393991,0,0.025,0.016734693877551,0.0138888888888888,0.0,0.0,0.0,True,-4.88
Chloroxuron,CN(C)C(=O)Nc2ccc(Oc1ccc(Cl)cc1)cc2,-1.7126530612244903,93.67510204081633,-112.1534693877551,91.51183673469384,0.0460717902040808,11.469818012772956,33.24734809210261,0.0,0.221780073849663,11.49902366656781,0,0.0168650793650793,0.0237214885954381,0.0200320512820512,0.0089786756453423,0.014125,0.0078461381491684,True,-4.89
"2,4,5-PCB",Clc1ccc(cc1)c2cc(Cl)ccc2Cl,-0.0082644628099176,133.91735537190084,-121.2231404958677,117.32231404958677,0.3814385495867773,-1.432524055998417,103.20430866422382,0.0,-0.050370433434855,11.126902983393991,0,0.0277777777777777,0.0290249433106575,0.0211805555555555,0.010204081632653,0.0,0.0,True,-6.27
Octane,CCCCCCCC,-0.852071005917159,-3.106508875739645,-3.2544378698224854,-3.550295857988168,-0.0033679526627222,-0.6793205115824037,193.57234566772505,0.0,-0.0821097531506575,0.0,0,0.0185185185185185,0.0204081632653061,0.0,0.0,0.0,0.0,False,-5.24
Dimethyl sulfide,CSC,0.0,0.0,0.0,0.0,0.0,0.0,111.26473981463852,0.0,-0.0675773553312697,0.0,0,0.0,0.0,0.0,0.0,0.0,0.0,False,-0.45
Piperophos,CCCOP(=S)(OCCC)SCC(=O)N1CCCCC1C,-2.0612244897959178,-270.28404831320273,-490.0079133694295,-385.4977092877968,-2.1313458671386964,-7.11954298084424,0.0,0.0,0.2692583475126922,0.0,0,0.0216666666666666,0.022312925170068,0.0122316919191919,0.0075165868816662,0.0076041666666666,0.0051525354555657,True,-4.15
Propylisopropylether,CCCOC(C)C,1.530612244897959,-15.442176870748298,-21.897959183673468,0.0,0.0,-3.791470653459196,126.14814568618374,0.0,0.0119898264624977,0.0,0,0.0,0.0,0.0,0.0,0.0,0.0,False,-1.34
4-Chloroanisole,COc1ccc(Cl)cc1,-0.2109375,108.90625,80.90625,0.0,0.0,0.2632950609613266,41.46824802193612,0.0,-0.0437957862170806,5.749511833283905,0,0.0590277777777777,0.0,0.0,0.0,0.0,0.0,False,-2.78
m-Nitroaniline,Nc1cccc(c1)N(=O)=O,3.125,-5.25,-49.0,0.0,0.0,5.807204436155602,25.11199967900899,0.0,0.004527499491137,0.0,0,0.03125,0.0,0.0,0.0,0.0,0.0,False,-2.19
norethindrone acetate,CC(=O)OC3(CCC4C2CCC1=CC(=O)CCC1C2CCC34C)C#C,11.6682093271627,-61.30473478106087,-50.443574225703074,-29.439658241367027,-0.4701137543609859,-31.51624725923164,16.338016694341782,0.0,-0.3125831306219713,12.343784214475903,0,0.0291593567251462,0.0277882435025292,0.0199668882704596,0.0149689505431802,0.0143993352326685,0.0092847668605244,True,-4.8
cycloheximide,CC1CC(C)C(=O)C(C1)C(O)CC2CC(=O)NC(=O)C2,8.044348296376423,-147.59816116819903,33.51541373715521,-6.719307733910223,1.7674382714981067,-12.694614180737148,49.23225112217612,0.0,-0.0020489673117537,0.0,0,0.0234788359788359,0.0193770139634801,0.0143711419753086,0.0156714537666918,0.0069444444444444,0.0,True,-1.13
Flurochloridone,FC(F)(F)c1cccc(c1)N2CC(CCl)C(Cl)C2=O,-3.6230677764566,34.380499405469685,-45.07847800237813,11.023781212841868,-0.7296875790725288,20.09427569396921,0.0,0.0,-0.0478535889302111,0.0,0,0.0353661616161616,0.0249886621315192,0.0254086356764928,0.0118102796674225,0.0,0.0,True,-4.047
Fenarimol,OC(c1ccc(Cl)cc1)(c2cncnc2)c3ccccc3Cl,-0.8477508650519048,-61.0,-56.0,131.0,0.8171950242214534,-20.53270675195241,51.35235191270127,0.0,-0.0992595412771484,0.0,0,0.0162646198830409,0.0142198815009874,0.0198688271604938,0.0092592592592592,0.015625,0.0,True,-4.38
Glycerol,OCC(O)CO,0.0816326530612245,16.89795918367347,6.612244897959185,0.0,0.0,1.9941962355452791,85.37957001163173,0.0,0.0168083209871532,0.0,0,0.0,0.0,0.0,0.0,0.0,0.0,False,1.12
Cyanazine,CCNc1nc(Cl)nc(NC(C)(C)C#N)n1,-16.97384066587396,-206.6991676575505,-89.2473246135553,21.379310344827605,0.4252563103448253,33.660982927700445,37.52912700428297,0.0,-0.0058299625569602,6.069221312792274,0,0.0416666666666666,0.0229115646258503,0.0173611111111111,0.0061728395061728,0.0,0.0,True,-3.15
Carboxin,CC1=C(SCCO1)C(=O)Nc2ccccc2,-1.3246135552913207,-31.28418549346014,6.65873959571937,-55.79072532699171,-0.0019748989298472,22.646007164958657,28.97539525970241,0.0,-0.0482164554107589,0.0,0,0.027281746031746,0.0094819466248037,0.0071180555555555,0.0105316200554295,0.0,0.0,True,-3.14
Methyl acetate,COC(=O)C,0.0,62.55371900826446,0.0,0.0,0.0,3.6188646170745744,18.303923573944164,0.0,0.012220822801695,0.0,0,0.0,0.0,0.0,0.0,0.0,0.0,False,0.46
Disulfiram,CCN(CC)C(=S)SSC(=S)N(CC)CC,-4.660493827160493,-761.5679012345681,-207.1049382716049,-644.9629629629629,-1.0862638518518506,-43.37142929292077,24.957296143932883,0.0,-0.0182841619033043,0.0,0,0.0277777777777777,0.0272108843537414,0.0104166666666666,0.0123456790123456,0.0,0.0,True,-4.86
"2,6-Dimethylnaphthalene ",Cc1ccc2cc(C)ccc2c1,-0.9722222222222232,-25.0,-50.0,-37.5,-0.0355739999999999,-5.46691268844902,115.1675118115628,0.0,-0.0174578918695132,0.0,0,0.0185185185185185,0.0604081632653061,0.0,0.0,0.0,0.0,False,-4.89
Phenytoin,O=C1NC(=O)C(N1)(c2ccccc2)c3ccccc3,-1.6524453694068686,-76.22060353798126,-115.0072840790843,39.398543184183126,0.0519588012486993,-10.30208358512758,30.54324645298352,0.0,0.0833641384239734,0.0,0,0.0176111111111111,0.0156009070294784,0.0173611111111111,0.0,0.0,0.0,True,-4.097
N-Methylaniline,CNc1ccccc1,1.0242214532871978,0.0311418685121069,15.747404844290651,0.0,0.0,0.2732056355088007,80.30896358221592,0.0,-0.0141362056377455,0.0,0,0.0625,0.0,0.0,0.0,0.0,0.0,False,-1.28
Riboflavin,Cc3cc2nc1c(=O)[nH]c(=O)nc1n(CC(O)C(O)C(O)CO)c2cc3C,-16.367587143503847,140.12449071978264,-95.84970574920771,-164.9669533725668,-1.0472685722046218,11.420196110257798,92.04889291551989,0.0,-0.2613683330566294,11.518332492848389,1,0.0265151515151515,0.0269197911722828,0.0184197154471544,0.0153609831029185,0.0110069444444444,0.005888611949218,False,-3.685
Sucrose,OCC2OC(OC1(CO)OC(CO)C(O)C1O)C(O)C(O)C2O,-5.604938271604939,-31.87456790123457,-5.453827160493829,-66.5925925925926,0.1413680000000012,6.939259162523629,0.0,0.0,-0.1159657222118446,0.0,0,0.0306076388888888,0.0245215419501133,0.020266439909297,0.014065811509789,0.0079464285714285,0.0,False,0.79
"2,2,5-Trimethylhexane",CC(C)CCC(C)(C)C,2.621878715814508,47.26516052318669,-170.95719381688474,0.0,0.0,10.335780231431544,258.5562683168926,0.0,-0.0571731531936276,0.0,0,0.0,0.0,0.0,0.0,0.0,0.0,False,-5.05
chloroacetamide,NC(=O)CCl,0.0,0.0,0.0,0.0,0.0,0.0,25.74543433500932,0.0,-0.0282761703180072,0.0,0,0.0,0.0,0.0,0.0,0.0,0.0,False,-0.02
7-methylpteridine,Cc2cnc1cncnc1n2,-0.4498269896193775,-56.28027681660899,-49.21107266435986,0.0,0.0,7.06440962663879,45.99318850791084,0.0,-0.1091171995797621,0.0,0,0.0208333333333333,0.04,0.0,0.0,0.0,0.0,False,-0.854
"2,6-Dichlorophenol",Oc1c(Cl)cccc1Cl,0.4792899408284023,-64.50887573964498,28.17159763313609,0.0,0.0,4.073723846436762,61.50806194796776,0.0,-0.0084831719330876,5.749511833283905,0,0.0,0.0,0.0,0.0,0.0,0.0,False,-1.79
Cholanthrene,C1Cc2c3c1cccc3cc4c2ccc5ccccc54,-0.2595155709342571,-104.93079584775086,64.18685121107268,-14.273356401384074,-0.0135402768166093,-22.945899969164795,87.25012101695317,0.0,0.0307883399451385,0.0,0,0.0225,0.0123356009070294,0.0098409155328798,0.0073066263542454,0.0,0.0,True,-7.85
4-methoxypteridine,COc1ncnc2nccnc12,0.6049382716049367,-95.1111111111111,-45.88888888888888,40.33333333333334,0.1915213333333328,-7.944007166755521,47.46167742353631,0.0,-0.1561367775979887,5.879988336435371,0,0.0254629629629629,0.04,0.0,0.0,0.0,0.0,False,-1.11
Risocaine,CCCOC(=O)c1ccc(N)cc1,-4.25,-42.7810650887574,-56.29585798816568,-6.923076923076914,0.1410355384615363,-3.1857517054038773,35.742392555769925,0.0,-0.1044060806877132,0.0,0,0.0293209876543209,0.0144606413994169,0.0186631944444444,0.0225497606449987,0.0,0.0,True,-2.452
Benzamide,NC(=O)c1ccccc1,1.40625,-4.0,3.0,0.0,0.0,0.5345597528704371,30.44870209316032,0.0,-0.0467966359359869,0.0,0,0.0625,0.0,0.0,0.0,0.0,0.0,False,-0.96
"1,3,5-Tribromobenzene",Brc1cc(Br)cc(Br)c1,0.0,-759.0,0.0,0.0,0.0,-0.820913120690058,55.818551063705975,0.0,0.0646805085104898,0.0,0,0.0,0.0,0.0,0.0,0.0,0.0,False,-5.6
Desmedipham,CCOC(=O)Nc2cccc(OC(=O)Nc1ccccc1)c2,-3.052631578947368,-101.53739612188366,-1.3684210526315672,58.70360110803325,2.6417148144044336,15.226371603692742,20.284744675429,0.0,0.0182612593230238,5.749511833283905,0,0.0217013888888888,0.0148713398402839,0.0108735380116959,0.0070406763528456,0.0077884615384615,0.0048789084601756,True,-4.632
p-benzidine,Nc1ccc(cc1)c2ccc(N)cc2,-4.497041420118344,53.37278106508874,11.242603550295852,-9.443786982248522,-0.1162082840236686,-1.579850466647948,177.8435266387123,0.0,-0.0574304471496249,11.126902983393991,0,0.0361111111111111,0.030204081632653,0.0125,0.0327538422776517,0.0,0.0,True,-2.7
"2,3,4-Trichlorophenol",Oc1ccc(Cl)c(Cl)c1Cl,0.5917159763313609,-128.41420118343197,-61.86390532544379,0.0,0.0,3.042534107818112,57.70735335064232,0.0,-0.0598705192939204,5.749511833283905,0,0.0,0.0,0.0,0.0,0.0,0.0,False,-2.67
Reverse Transcriptase inhibitor 1,CCN2c1ncccc1N(C)C(=O)c3cccnc23,-6.918273645546369,-247.33241505968775,-234.49127640036733,179.83379247015608,0.6853594233241525,0.0896241169874662,50.18713859878245,0.0,0.1647705067196125,0.0,1,0.0255172413793103,0.0175893947322518,0.0049130763416477,0.0,0.0,0.0,True,-2.62
1-Hexene-3-ol,CCCC(O)C=C,1.0387811634349025,-24.40166204986149,8.199445983379496,0.0,0.0,0.6815014873069931,68.63259340837624,0.0,-0.0402238488403712,0.0,0,0.0,0.0,0.0,0.0,0.0,0.0,False,-0.59
dexamethasone acetate,CC4CC3C2CCC1=CC(=O)C=CC1(C)C2(F)C(O)CC3(C)C4(O)C(=O)COC(C)=O,-0.7385535900104132,-113.02497398543184,199.8699271592092,-210.00936524453692,-1.713389348595212,-41.84638280241186,73.72426669618693,0.0,-0.0018431509164796,0.0,0,0.0396686159844054,0.0297978080120937,0.0176592486588131,0.0165822158767485,0.0131109708193041,0.0090296908478726,True,-4.9
N-Ethylaniline,CCNc1ccccc1,0.1574999999999996,-37.47,-2.830000000000007,15.869999999999996,0.0252266699999996,-5.0794963081141855,65.58679482839578,0.0,-0.0500670264320085,0.0,0,0.0300925925925925,0.04,0.0,0.0,0.0,0.0,False,-1.7
Carvacrol,c1(O)c(C)ccc(C(C)C)c1,-2.4992,27.07839999999999,-82.60480000000003,93.5712,0.1949876352000006,-0.2605163476572289,61.2740810855017,0.0,0.0218500865171431,5.749511833283905,0,0.0472222222222222,0.0,0.0,0.0,0.0,0.0,False,-2.08
2-Nitropropane,CC(C)N(=O)=O,0.0,0.0,0.0,0.0,0.0,0.0,0.9643198083860132,0.0,-0.0380507038723323,0.0,0,0.0,0.0,0.0,0.0,0.0,0.0,False,-0.62
1-Bromoheptane,CCCCCCCBr,-0.5103969754253304,-32.0,-48.0,-225.0,-0.0899814555765593,0.088667935355634,123.05272970570068,0.0,0.0673523754287844,0.0,0,0.0185185185185185,0.0204081632653061,0.0,0.0,0.0,0.0,True,-4.43
Diallate,CC(C)N(C(C)C)C(=O)SCC(=CCl)Cl,0.775390625,-527.8203125,464.2890625,-588.359375,-1.6187684648437486,-36.32102851394895,7.006339636331511,0.0,0.1176522606558386,0.0,0,0.0252525252525252,0.0326530612244897,0.0125,0.0,0.0,0.0,True,-4.286
RTI 19,CCN2c1ccccc1N(C)C(=O)c3ccccc23,-4.171428571428565,-238.5983673469388,-195.2571428571428,163.1681632653062,0.4412993469387762,-13.353478002375798,32.492884461550375,0.0,0.1887782431510014,0.0,1,0.0255172413793103,0.0175893947322518,0.0049130763416477,0.0,0.0,0.0,True,-4.749
"1,5-Hexadiene ",C=CCCC=C,0.5,6.25,-9.375,0.0,0.0,1.3667281721122606,152.75659668852768,0.0,-0.1539030891530706,0.0,0,0.0,0.0,0.0,0.0,0.0,0.0,False,-2.68
Hypoxanthine,O=c1[nH]cnc2nc[nH]c12,2.204081632653061,-36.0,48.0,0.0,0.0,-0.809335840479998,43.89328654366536,0.0,-0.136567172321142,0.0,0,0.0,0.0,0.0,0.0,0.0,0.0,False,-2.296
"2,2',3,3',4,4'-PCB",Clc1ccc(c(Cl)c1Cl)c2ccc(Cl)c(Cl)c2Cl,-1.2231404958677676,-282.0826446280992,-73.22314049586778,-4.859504132231449,0.0698234710743797,-1.3871198149508772,45.634351009169215,0.0,-0.0947184555287223,11.126902983393991,0,0.0365497076023391,0.0303061224489795,0.0180555555555555,0.0163769211388258,0.0,0.0,False,-8.01
"1,2,4,5-Tetrabromobenzene",Brc1cc(Br)c(Br)cc1Br,0.0,1004.7499999999998,0.0,0.0,0.0,3.1123846158367448,58.92191325156985,0.0,0.1640089676535928,0.0,0,0.0,0.0,0.0,0.0,0.0,0.0,False,-6.98
3-Methyl-3-hexanol,CCCC(C)(O)CC,1.875,-21.8125,39.375,0.0,0.0,-1.090901460244611,52.48986517606328,0.0,0.0055460198530855,0.0,0,0.0,0.0,0.0,0.0,0.0,0.0,False,-0.98
5-Nonanone,CCCCC(=O)CCCC,-0.9591836734693868,-2.448979591836734,-91.34693877551014,6.693877551020411,0.0685293877551014,-0.2311506607872054,16.20642980263518,0.0,0.061853808688451,0.0,0,0.0092592592592592,0.0136054421768707,0.015625,0.0,0.0,0.0,False,-2.58
Chlordane,ClC1CC2C(C1Cl)C3(Cl)C(=C(Cl)C2(Cl)C3(Cl)Cl)Cl,10.083333333333336,-676.4027777777777,-77.24999999999997,0.0,0.0,-2.253699092558165,0.0,0.0,-0.0409877721768289,0.0,0,0.0479861111111111,0.0,0.0,0.0,0.0,0.0,False,-6.86
Butan-2-ol,CCC(C)O,0.0,38.88,0.0,0.0,0.0,4.645559236865307,56.4731158274561,0.0,0.0045393721325298,0.0,0,0.0,0.0,0.0,0.0,0.0,0.0,False,0.47
Sulfanilamide,Nc1ccc(cc1)S(N)(=O)=O,-2.102493074792243,82.22160664819943,-17.869806094182834,55.85595567867035,0.2361959999999989,-4.830102863408673,0.7590500634641636,0.0,-0.0141628363809462,0.0,0,0.0885416666666666,0.0,0.0,0.0,0.0,0.0,False,-1.34
Propionaldehyde,CCC=O,0.0,0.0,0.0,0.0,0.0,0.0,47.86292349202242,0.0,-0.0299147998655508,0.0,0,0.0,0.0,0.0,0.0,0.0,0.0,False,0.58
Dieldrin,ClC4=C(Cl)C5(Cl)C3C1CC(C2OC12)C3C4(Cl)C5(Cl)Cl,14.0,-928.1124828532236,-1052.40877914952,0.0,0.0,-15.082977945941826,0.0,0.2357022603955158,0.3979684291440035,0.0,1,0.0544444444444444,0.0451851851851851,0.0,0.0,0.0,0.0,True,-6.29
cortisone acetate,CC(=O)OCC(=O)C3(O)CCC4C2CCC1=CC(=O)CCC1(C)C2C(=O)CC34C,-2.750933639758687,69.29100833093939,28.8014938236139,-63.69204251651821,-1.81537901522551,-12.22770949945309,34.28701137102947,0.0,0.1529650320266052,0.0,0,0.0348015873015873,0.0291247165532879,0.0177206299186341,0.0171117829847988,0.0106408179012345,0.0111134656589202,True,-4.21
3-Methyl-2-butanone,CC(C)C(=O)C,0.0,72.0,0.0,0.0,0.0,9.57760044944513,11.499642595127996,0.0,0.0407752583503049,0.0,0,0.0,0.0,0.0,0.0,0.0,0.0,False,-0.12
Cyfluthrin,CC1(C)C(C=C(Cl)Cl)C1C(=O)OC(C#N)c2ccc(F)c(Oc3ccccc3)c2,-2.762335898596651,-92.54368492530556,-490.9026708918062,-104.87550928021726,-0.1934166011770029,7.919837949368253,20.3968520679338,0.1666666666666666,0.2243836256366661,17.568244979360085,0,0.0263307493540051,0.0224025219844035,0.0135040706097253,0.0118989202610554,0.0106252755731922,0.0098924970550314,False,-7.337
2-Methy-2-Butene,CC=C(C)C,0.0,49.99999999999999,0.0,0.0,0.0,10.933825376897971,91.20741550689448,0.0,0.0124642810217362,0.0,0,0.0,0.0,0.0,0.0,0.0,0.0,False,-2.56
Nerol,CC(C)=CCC/C(C)=C\CO,-2.7835909631391207,-3.476813317479177,54.60760998810939,61.52794292508919,0.2628102021403078,6.110396786536818,100.94849146156676,0.0,-0.12063364047632,0.0,0,0.037037037037037,0.0136054421768707,0.0208333333333333,0.0,0.0,0.0,False,-2.46
Bromoethane,CCBr,0.0,0.0,0.0,0.0,0.0,0.0,79.77099438859683,0.0,0.0461564467588477,0.0,0,0.0,0.0,0.0,0.0,0.0,0.0,False,-1.09
2-Methylphenanthrene,Cc1ccc2c(ccc3ccccc32)c1,-1.8449931412894376,-47.22222222222223,-19.753086419753103,-12.03703703703704,-0.0114188148148151,-10.326390633736969,140.71294689830984,0.0,0.0534929963553384,0.0,0,0.0173611111111111,0.0333333333333333,0.015625,0.0204081632653061,0.0,0.0,True,-5.84
6-methoxypteridine,COc2cnc1ncncc1n2,-2.9753086419753094,-16.333333333333325,-10.111111111111107,-19.55555555555555,0.0997191111111107,6.252690119368258,46.66443497959836,0.0,-0.0616901566243043,5.879988336435371,0,0.0243055555555555,0.0201360544217687,0.0277777777777777,0.0,0.0,0.0,False,-1.139
1-Phenylethanol,CC(O)c1ccccc1,1.4709141274238218,-6.138504155124653,12.628808864265933,0.0,0.0,-1.931929224317208,65.25552518611026,0.0,0.0122072846013645,0.0,0,0.0625,0.0,0.0,0.0,0.0,0.0,False,-0.92
5-hydroxyquinoline,Oc1cccc2ncccc12,2.6481481481481493,-40.30864197530863,21.481481481481485,0.0,0.0,-0.0623610806165379,78.72903851713406,0.0,-0.0320339073879088,5.749511833283905,0,0.0208333333333333,0.0,0.0,0.0,0.0,0.0,False,-2.54
2-Methylpentane,CCCC(C)C,0.7199999999999995,-29.25,40.5,0.0,0.0,-6.396287845485321,128.217898131258,0.0,0.0523368534063852,0.0,0,0.0,0.0,0.0,0.0,0.0,0.0,False,-3.74
aminothiazole,Nc1nccs1,0.0,70.56,0.0,0.0,0.0,2.8100138750521477,38.3334418259944,0.0,-0.0419562911403164,0.0,0,0.0,0.0,0.0,0.0,0.0,0.0,False,-0.36
Trichloroethylene,ClC=C(Cl)Cl,0.0,0.0,0.0,0.0,0.0,0.0,12.114538631813064,0.0,0.0116465136761871,0.0,0,0.0,0.0,0.0,0.0,0.0,0.0,False,-1.96
Furfural,O=Cc1ccco1,0.0,0.6446280991735599,0.0,0.0,0.0,4.529386973341787,86.44848237928407,0.0,0.0427657302398404,0.0,0,0.0,0.0,0.0,0.0,0.0,0.0,False,-0.1
Diphenyl ether,O(c1ccccc1)c2ccccc2,-2.7183364839319477,-19.26654064272212,-40.64272211720226,23.606805293005674,0.101004279773155,5.1172404213938245,29.912318823899945,0.0,-0.1121957719125731,11.49902366656781,0,0.0013888888888888,0.0097959183673469,0.0121527777777777,0.0,0.0,0.0,True,-3.96
Flucythrinate,CC(C)C(C(=O)OC(C#N)c1cccc(Oc2ccccc2)c1)c3ccc(OC(F)F)cc3,-4.21938775510204,-230.32653061224488,-69.68367346938776,-184.28571428571436,-2.3930737678571425,4.646145570461893,8.223187860552708,0.0,-0.1150937336992869,23.31775681264399,0,0.0214002267573696,0.0247619047619047,0.0098379629629629,0.0112456906881993,0.0068585526315789,0.0076447225717708,False,-6.876
Oxazepam,OC3N=C(c1ccccc1)c2cc(Cl)ccc2NC3=O,-10.269510926118627,61.35171696149846,-91.88241415192508,-52.483870967741886,-0.521749387096775,-12.448685185548696,30.86391407243781,0.0,0.0187037909641216,0.0,0,0.0234139784946236,0.0219463340891912,0.0112179487179487,0.0136054421768707,0.0,0.0,True,-3.952
Pentachlorophenol,Oc1c(Cl)c(Cl)c(Cl)c(Cl)c1Cl,0.8520710059171599,-6.0,-63.0,0.0,0.0,2.351025154391519,66.67061812033667,0.0,-0.0664460117839537,5.749511833283905,0,0.0,0.0,0.0,0.0,0.0,0.0,False,-4.28
Dexamethasone,CC1CC2C3CCC4=CC(=O)C=CC4(C)C3(F)C(O)CC2(C)C1(O)C(=O)CO,10.411511234225925,-233.4210526315789,149.08310249307476,-16.71191135734073,-0.3159588710372423,-48.09194144614639,98.45835700344442,0.0,0.0502627204736827,0.0,0,0.0407777777777777,0.0309346080774652,0.0205352255844866,0.0151927437641723,0.012860873694207,0.0094305245820397,True,-3.59
Anisole,COc1ccccc1,1.0,-0.59375,16.40625,0.0,0.0,0.3879768619414205,39.86654124150948,0.0,0.0217329049277967,5.749511833283905,0,0.0625,0.0,0.0,0.0,0.0,0.0,False,-1.85
o-Chloroiodobenzene,Clc1ccccc1I,0.0,-355.24999999999994,0.0,0.0,0.0,0.9997324299787383,101.05332405653158,0.0,-0.1143417406895348,0.0,0,0.0,0.0,0.0,0.0,0.0,0.0,False,-3.54
Nitramine,CCN(CC)c1c(cc(c(N)c1N(=O)=O)C(F)(F)F)N(=O)=O,0.1093877551020405,20.741224489795936,4.208979591836738,-19.21959183673467,-3.821563219591837,0.1586643450293875,0.5373703758214629,0.0,0.1027812634200375,0.0,0,0.0544250645994831,0.0092827988338192,0.0234375,0.0,0.0,0.0,True,-3.561
dimetan,CN(C)C(=O)OC1=CC(=O)CC(C)(C)C1,-10.83203125,-239.125,-6.703125,-280.59375,-0.8146765937499996,6.742180194711041,22.39470614481665,0.0,0.071462193407976,0.0,0,0.0376157407407407,0.0306122448979591,0.0069444444444444,0.0,0.0,0.0,True,-0.85
Diiodomethane,ICI,0.0,0.0,0.0,0.0,0.0,0.0,21.348899114223595,0.0,-0.084426491692163,0.0,0,0.0,0.0,0.0,0.0,0.0,0.0,False,-2.34
Chlortoluron,CN(C)C(=O)Nc1ccc(C)c(Cl)c1,-4.776406035665295,22.551440329218103,-31.43072702331962,-274.7256515775034,-1.2228817777777763,0.9717864079397586,34.1802788463963,0.0,0.0494014853135456,0.0,0,0.0309343434343434,0.0315646258503401,0.0196759259259259,0.0,0.0,0.0,True,-3.483
megestrol acetate,CC(=O)OC3(CCC4C2C=C(C)C1=CC(=O)CCC1(C)C2CCC34C)C(C)=O,11.715555555555552,-140.4933333333334,-78.20444444444443,204.6977777777778,-0.3407147199999983,-55.00930432883157,8.453754278569079,0.0,-0.397354475150383,0.0,0,0.03195,0.0307677356656948,0.0229427336410754,0.0169211388259007,0.0103784925276153,0.0114614155018195,True,-5.35
Metoxuron,COc1ccc(NC(=O)N(C)C)cc1Cl,-3.987244897959184,-150.93877551020404,39.9591836734694,-180.4285714285715,-0.5128296785714286,-0.3874497483116198,26.12292099322374,0.0,0.0733175547415432,5.749511833283905,0,0.0335648148148148,0.0284081632653061,0.021329365079365,0.0123456790123456,0.0,0.0,True,-2.564
m-Xylene,Cc1cccc(C)c1,2.962962962962963,-51.85185185185184,74.07407407407409,0.0,0.0,-11.338781872338656,88.51711058851251,0.0,-0.0116689142437857,0.0,0,0.0,0.0,0.0,0.0,0.0,0.0,False,-2.82
4-Nitroacetanilide,CC(=O)Nc1ccc(cc1)N(=O)=O,1.287981859410431,-48.61451247165533,26.179138321995477,9.253968253968251,0.8126571428571441,-1.9732838852389287,30.702538810988504,0.0,-0.0180394103228618,0.0,0,0.0442708333333333,0.0323265306122449,0.03125,0.0,0.0,0.0,True,-2.692
Carbromal,CCC(Br)(CC)C(=O)NC(N)=O,-0.1600000000000015,198.68,-127.64000000000004,173.27999999999997,0.4863569087999997,-3.4173018749868938,42.21231542582474,0.0,-0.069167729000191,0.0,0,0.0277777777777777,0.0,0.0,0.0,0.0,0.0,True,-2.68
Isoproturon,CC(C)c1ccc(NC(=O)N(C)C)cc1,-3.239669421487603,35.757575757575765,-48.5169880624426,65.01836547291093,0.1442222222222221,-6.547205690673824,22.6594822170216,0.0,0.0561215598352648,0.0,0,0.0387731481481481,0.0224943310657596,0.0300925925925925,0.0164609053497942,0.0,0.0,True,-3.536
Dienochlor,ClC1=C(Cl)C(Cl)(C(=C1Cl)Cl)C2(Cl)C(=C(Cl)C(=C2Cl)Cl)Cl,1.7600000000000018,-121.0,0.0,0.0,0.0,-2.9149757288999845,0.0,0.0,0.0497009202530391,0.0,0,0.0352380952380952,0.0240929705215419,0.0,0.0,0.0,0.0,False,-7.278
Dimethyl phthalate,COC(=O)c1ccccc1C(=O)OC,-4.569444444444445,-77.0625,-78.125,29.25,0.4750983333333349,-2.879628755312553,42.59743460345055,0.0,0.0875306098772399,0.0,0,0.0337301587301587,0.0201360544217687,0.0,0.0,0.0,0.0,True,-1.66
hexacosane,CCCCCCCCCCCCCCCCCCCCCCCCCC,-0.1800000000000002,-0.890625,-0.90625,-0.9375,-0.0008893500000001,-0.1947587645260163,741.3450982788519,0.0,0.4691559977467816,0.0,0,0.0026455026455026,0.0020408163265306,0.0016447368421052,0.0013717421124828,0.0011764705882352,0.0010330578512396,False,-8.334
Tribromomethane,BrC(Br)Br,0.0,0.0,0.0,0.0,0.0,0.0,1.381359672196086,0.0,0.0295597085195554,0.0,0,0.0,0.0,0.0,0.0,0.0,0.0,False,-1.91
2-Ethylbutanal,CCC(CC)C=O,0.6232686980609414,-26.44321329639889,34.130193905817166,0.0,0.0,6.052478645165977,32.53707852778697,0.0,0.1100422348704743,0.0,0,0.0,0.0,0.0,0.0,0.0,0.0,False,-1.52
1-Decanol,CCCCCCCCCCO,-0.3966942148760331,1.0909090909090862,1.0578512396694175,0.9917355371900808,-0.0284756804407713,-0.8366670210757617,95.93093090375793,0.0,-0.0461105814072736,0.0,0,0.0092592592592592,0.0081632653061224,0.0078125,0.0082304526748971,0.01,0.0,False,-3.63
Butyl acetate,CCCCOC=O,-0.1038062283737022,-10.442906574394469,-23.16262975778547,0.0,0.0,4.342048852403511,73.07625462617723,0.0,0.0189695707970901,0.0,0,0.0277777777777777,0.0,0.0,0.0,0.0,0.0,False,-1.37
4-Isopropyltoluene,CC(C)c1ccc(C)cc1,-3.333333333333333,-0.5208333333333249,8.333333333333341,78.12500000000001,0.0741124999999995,-0.1138940143427455,144.81294021704488,0.0,-0.016957250912527,0.0,0,0.0787037037037037,0.0,0.0,0.0,0.0,0.0,False,-3.77
1-Methylcyclohexene,CC1=CCCCC1,0.8144044321329642,31.994459833795005,20.360110803324098,0.0,0.0,6.996436737017849,115.58429721487582,0.0,-0.0151863861873203,0.0,0,0.0,0.0,0.0,0.0,0.0,0.0,False,-3.27
Methyl butyrate,CCCOC(=O)CC,0.3600000000000005,-46.56,-37.040000000000006,43.56,0.209031839999999,-6.599412002391342,21.227809065916265,0.0,-0.1168071471209969,0.0,0,0.0185185185185185,0.0,0.0,0.0,0.0,0.0,False,-0.82
Terbufos,CCOP(=S)(OCC)SCSC(C)(C)C,-7.611882716049382,-613.7870370370371,-305.6697530864197,-88.73148148148151,0.0193691851851866,-15.933791660384994,0.0,0.0,-0.0791429556344998,0.0,0,0.0462962962962962,0.0174927113702623,0.0234375,0.0,0.0,0.0,True,-4.755
Cyclooctane,C1CCCCCCC1,1.7777777777777777,-1.0534782922554264e-14,44.44444444444444,0.0,0.0,-2.2461009314213242e-14,308.013739823788,0.0,0.0995933505446565,0.0,0,0.0,0.0,0.0,0.0,0.0,0.0,False,-4.15
Napropamide,CCN(CC)C(=O)C(C)Oc1cccc2ccccc12,4.187983343248068,-143.17668054729336,34.28911362284353,-96.72516359309934,-0.378898588935157,-14.541337115762357,13.0504091118305,0.0,0.0204591594903253,5.749511833283905,0,0.0220959595959595,0.0193770139634801,0.0138888888888888,0.0099701256163841,0.0103125,0.0123456790123456,True,-3.57
Methyl t-butyl ether,COC(C)(C)C,0.0,85.33333333333331,0.0,0.0,0.0,11.351230162305349,0.0,0.0,-0.0773767161327791,0.0,0,0.0,0.0,0.0,0.0,0.0,0.0,False,-0.24
Reposal,CCC1(C(=O)NC(=O)NC1=O)C2=CCC3CCC2C3,-1.2052593133674172,-164.21621621621625,-176.90430971512046,45.999269539810086,-0.4984268020452884,-15.837776267296498,29.906406814008857,0.0,-0.0675981048248141,0.0,0,0.0281837606837606,0.0360856009070294,0.0149305555555555,0.025829081632653,0.0,0.0,True,-2.696
"1,2,3-Trichlorobenzene",Clc1cccc(Cl)c1Cl,0.0,-185.25,0.0,0.0,0.0,2.77015343059744,27.66789126603437,0.0,-0.0804679678663922,0.0,0,0.0,0.0,0.0,0.0,0.0,0.0,False,-4.0
Ethylene,C=C,0.0,0.0,0.0,0.0,0.0,0.0,91.6297857297023,0.0,-0.0484064001563434,0.0,0,0.0,0.0,0.0,0.0,0.0,0.0,False,-0.4
5-Methyl-5-ethylbarbituric acid,O=C1NC(=O)NC(=O)C1(C)CC,1.1900826446280983,8.17355371900825,-13.330578512396704,0.0,0.0,10.827077397020508,35.2676171505617,0.0,-0.0018083461954985,0.0,0,0.0393518518518518,0.0,0.0,0.0,0.0,0.0,True,-1.228
Flumetralin,CCN(Cc1c(F)cccc1Cl)c2c(cc(cc2N(=O)=O)C(F)(F)F)N(=O)=O,10.875,78.7575,-86.95499999999998,-44.21749999999999,-2.117842816874999,11.501646398520569,0.2668689780218567,0.0,0.2383733757581379,0.0,0,0.0426767676767676,0.0157566422795533,0.0193318318318318,0.0102670697908793,0.0195,0.0047718835597623,True,-6.78
p-Chloronitrobenzene,Clc1ccc(cc1)N(=O)=O,1.020408163265306,17.16326530612245,51.59183673469386,0.0,0.0,3.759363624522292,16.461807009931363,0.0,-0.0228747572805993,0.0,0,0.0787037037037037,0.0,0.0,0.0,0.0,0.0,False,-2.92
Pirimicarb,CN(C)C(=O)Oc1nc(nc(C)c1C)N(C)C,-16.786938775510208,-21.826122448979586,-254.24816326530612,-27.69469387755106,-1.1091884930612226,-21.537816826307957,20.47940035821663,0.0,0.1769486935736895,5.879988336435371,0,0.0343749999999999,0.0229591836734693,0.0180555555555555,0.0,0.0,0.0,True,-1.95
tetramethylurea,CN(C)C(=O)N(C)C,3.2400000000000007,-147.84,174.24000000000007,0.0,0.0,-21.733825944504247,25.923651045475676,0.0,0.1922975279872802,0.0,0,0.0,0.0,0.0,0.0,0.0,0.0,False,0.94
3-Methyl-2-butanol,CC(C)C(C)O,0.0,75.85185185185185,0.0,0.0,0.0,10.089982366493642,47.07787283144788,0.0,0.0167599007938381,0.0,0,0.0,0.0,0.0,0.0,0.0,0.0,False,-0.18
phthalimide,O=C1NC(=O)c2ccccc12,2.640625,-34.0625,3.75,0.0,0.0,4.98607268604646,38.43333777868872,0.0,0.0556143095518227,0.0,0,0.0625,0.0,0.0,0.0,0.0,0.0,False,-2.61
Dimethoxymethane,COCOC,0.4792899408284027,-37.065088757396445,44.78698224852072,0.0,0.0,-5.799906296039983,28.8951882454423,0.0,0.0567997348920418,0.0,0,0.0,0.0,0.0,0.0,0.0,0.0,False,0.48
"4,4'-PCB",Clc1ccc(cc1)c2ccc(Cl)cc2,-0.4628099173553721,109.85123966942147,140.19834710743802,-178.3471074380165,-0.4870357355371889,-0.5546635972762274,182.7919324386356,0.0,-0.0463493062975332,11.126902983393991,0,0.0361111111111111,0.030204081632653,0.0125,0.0327538422776517,0.0,0.0,True,-6.56
2-Heptanone,CCCCCC(=O)C,-0.669421487603306,2.9090909090909087,2.380165289256197,32.80165289256198,0.0851578512396684,-0.3831893424250754,14.8170906260235,0.0,0.095967246149318,0.0,0,0.037037037037037,0.0,0.0,0.0,0.0,0.0,False,-1.45
Benznidazole,O=C(Cn1ccnc1N(=O)=O)NCc2ccccc2,0.474505723204995,30.594172736732556,-7.588969823100934,-16.347554630593127,-0.8607526243496358,15.257851667331874,27.588011260987315,0.0,0.2568136727553568,0.0,0,0.02625,0.0111763038548752,0.0119510945403802,0.0089358392929821,0.0066152263374485,0.0059903508388356,True,-2.81
Butane,CCCC,0.0,18.367346938775505,0.0,0.0,0.0,4.016507281309453,152.94361936729015,0.0,-0.024962646595916,0.0,0,0.0,0.0,0.0,0.0,0.0,0.0,False,-2.57
Propyl formate,CCCOC=O,0.4897959183673472,-23.632653061224488,-15.612244897959178,0.0,0.0,-3.8009468648788127,50.67177096267476,0.0,0.0457609725283155,0.0,0,0.0,0.0,0.0,0.0,0.0,0.0,False,-0.49
Cycloheptene,C1CCC=CCC1,0.0,67.86703601108032,0.0,0.0,0.0,14.840926411856024,148.5230157309432,0.0,0.0448447412708602,0.0,0,0.0,0.0,0.0,0.0,0.0,0.0,False,-3.18
"3,4-Dichloronitrobenzene",O=N(=O)c1cc(Cl)c(Cl)cc1,1.2346938775510208,-15.816326530612235,23.183673469387763,0.0,0.0,2.41891440863632,19.78382981036957,0.0,-0.0012112627238877,0.0,0,0.0472222222222222,0.0,0.0,0.0,0.0,0.0,False,-3.2
Pyridine,c1ccncc1,0.0,15.88429752066116,0.0,0.0,0.0,1.9119218608820412,114.68212700649669,0.0,-0.0549102813265591,0.0,0,0.0,0.0,0.0,0.0,0.0,0.0,False,0.76
Cyclopropyl-5-spirobarbituric acid,O=C2NC(=O)C1(CC1)C(=O)N2,2.339100346020761,74.79584775086506,-48.83044982698962,0.0,0.0,-1.9160306019669229,38.68708846865341,0.25,0.1261377110213558,0.0,0,0.04,0.0,0.0,0.0,0.0,0.0,False,-1.886
RTI 12,CCN2c1nc(Cl)ccc1N(C)C(=O)c3cccnc23,-10.107438016528926,-172.10743801652893,-155.97520661157023,167.99173553719012,0.5594674618916418,0.5074667210286726,48.99929634688978,0.0,-0.0570019056510611,0.0,1,0.0297395833333333,0.0225925925925925,0.0078124999999999,0.0204081632653061,0.0,0.0,True,-4.114
"2,4,6-PCB",Clc1ccc(cc1)c2c(Cl)cccc2Cl,-0.4628099173553723,-279.1735537190082,-122.67768595041316,-60.13223140495867,-0.2177572231404957,-3.5479897447869613,176.57202609074676,0.0,-0.0363681764554542,11.126902983393991,0,0.0235042735042735,0.040204081632653,0.009375,0.0204081632653061,0.0,0.0,True,-6.14
hematein,c1cc(O)c(O)c2OCC3(O)CC4=CC(=O)C(O)=CC4=C3c21,-7.394463667820071,-105.4567474048443,65.87197231833909,2.6401384083044763,-0.8755806920415224,-23.12026234009133,206.25497262579097,0.0,-0.0026729926485117,17.248535499851716,1,0.0396774193548387,0.0251102040816326,0.021595096371882,0.0174477198286722,0.0128125,0.0,True,-2.7
Chloramphenicol,OCC(NC(=O)C(Cl)Cl)C(O)c1ccc(cc1)N(=O)=O,1.78125,4.44921875,-25.4296875,-175.4921875,-1.8353179296875008,-12.73432666439754,53.81197662757247,0.0,-0.028399714617131,0.0,0,0.0326086956521739,0.0223673469387755,0.0171440972222222,0.013689426387839,0.01390625,0.0110192837465564,True,-2.111
Methyl decanoate,CCCCCCCCCC(=O)OC,-0.0914285714285712,3.030204081632656,2.194285714285713,0.5224489795918348,-0.1645447836734692,-0.4957942012951217,18.824675294812824,0.0,-0.0123402168606444,0.0,0,0.0138888888888888,0.0116618075801749,0.0104166666666666,0.0098765432098765,0.01,0.0055096418732782,True,-4.69
2-methoxypteridine,COc2ncc1nccnc1n2,-2.543209876543211,-30.55555555555556,-2.8888888888888813,20.777777777777786,0.2912404444444437,-8.682956287407382,42.83504884884549,0.0,-0.1267075349995848,6.010464839586836,0,0.0243055555555555,0.0201360544217687,0.0277777777777777,0.0,0.0,0.0,False,-1.11
m-Nitrotoluene,Cc1cccc(c1)N(=O)=O,3.806228373702421,-14.53287197231834,-66.03806228373702,0.0,0.0,1.131904637601033,18.057218403736886,0.0,0.0875850537383406,0.0,0,0.03125,0.0,0.0,0.0,0.0,0.0,False,-2.44
Phenylmethanol,OCc1ccccc1,1.0,11.375,9.84375,0.0,0.0,2.3831305025526426,65.32788017941758,0.0,-0.0383663993494252,0.0,0,0.0625,0.0,0.0,0.0,0.0,0.0,False,-0.4
Glyceryl triacetate,CC(=O)OCC(COC(=O)C)OC(=O)C,-3.373365041617122,75.0,10.0,-216.0,-1.540119248513674,-11.578277600812346,30.68732498129011,0.0,0.0271545463752026,0.0,0,0.0243055555555555,0.0313971742543171,0.0104166666666666,0.0,0.0,0.0,True,-0.6
Eugenol,COc1cc(CC=C)ccc1O,-2.0,-75.22222222222226,-24.88888888888891,-32.00000000000001,-0.1856426666666665,-4.699244732576213,97.9001737863628,0.0,-0.0074730711963461,11.49902366656781,0,0.0376984126984126,0.0304081632653061,0.0,0.0,0.0,0.0,True,-1.56
2-Methyl-2-pentanol,CCCC(C)(C)O,1.190476190476191,-58.39455782312925,65.19047619047618,0.0,0.0,-6.887096079998322,49.00221063064239,0.0,0.065993274346624,0.0,0,0.0,0.0,0.0,0.0,0.0,0.0,False,-0.49
Raffinose,OCC1OC(CO)(OC2OC(COC3OC(CO)C(O)C(O)C3O)C(O)C(O)C2O)C(O)C1O,0.7171717171717177,-48.50413223140495,35.02020202020202,-22.938475665748403,0.8172078016528923,17.32655337803873,0.0,0.0,-0.2057814907173093,0.0,0,0.0276444444444444,0.0223956249166333,0.0180252656618202,0.0148381615125921,0.0106004304743339,0.0092230539246149,False,-0.41
Nitrazepam,O=C3CN=C(c1ccccc1)c2cc(ccc2N3)N(=O)=O,-6.9609375,-38.48046875,12.46875,-26.46875,-0.4786043437500016,-6.965698003029137,36.82000940284668,0.0,0.0976432571593336,0.0,0,0.0256541218637992,0.0198465027036455,0.0170888530850936,0.0082304526748971,0.015625,0.0,True,-3.796
Terbumeton,CCNc1nc(NC(C)(C)C)nc(OC)n1,-24.441632653061227,-194.40979591836737,-169.76653061224485,-132.30857142857144,0.505613005714286,18.410834603900547,52.44168752155561,0.0,-0.0966507818017153,6.010464839586836,0,0.042892156862745,0.0297142857142857,0.01171875,0.0,0.0,0.0,True,-3.239
Pentamethylbenzene,Cc1cc(C)c(C)c(C)c1C,8.465020576131685,-49.58847736625509,89.40329218106999,0.0,0.0,-10.843835044577654,95.19474735048098,0.0,0.0938663032901768,0.0,0,0.0,0.0,0.0,0.0,0.0,0.0,False,-4.0
cyclobarbital,CCC1(C(=O)NC(=O)NC1=O)C2=CCCCC2,1.3590449954086286,-240.13223140495867,-57.64462809917352,29.10743801652893,-0.3200831662075298,-6.499542695715883,43.5610070981374,0.0,0.0330527224331082,0.0,0,0.0285493827160493,0.028,0.015625,0.0204081632653061,0.0,0.0,True,-2.17
p-Bromoiodobenzene,Brc1ccc(I)cc1,0.0,1217.0,0.0,0.0,0.0,5.313772286333991,82.8674229197673,0.0,0.0293421293172839,0.0,0,0.0,0.0,0.0,0.0,0.0,0.0,False,-4.56
t-Butylbenzene,CC(C)(C)c1ccccc1,1.4583333333333344,-39.58333333333333,5.208333333333345,0.0,0.0,-8.655945090044284,94.49746428229324,0.0,0.0238483954134866,0.0,0,0.0625,0.0,0.0,0.0,0.0,0.0,False,-3.66
2-Methyl-2-heptanol,CCCCCC(C)(C)O,-1.526748971193416,1.3004115226337414,1.2510288065843629,63.63374485596707,0.1515928065843611,-1.0683459892365987,53.81556894683744,0.0,-0.0299663746168145,0.0,0,0.0416666666666666,0.0,0.0,0.0,0.0,0.0,False,-1.72
Primidone,CCC1(C(=O)NCNC1=O)c2ccccc2,3.520000000000004,-240.99555555555543,-12.675555555555558,55.61333333333334,0.2775026133333321,-5.579452065211489,7.703405630022123,0.0,0.0056249293132554,0.0,0,0.0217013888888888,0.028338192419825,0.0,0.0,0.0,0.0,True,-2.64
1-Octene,CCCCCCC=C,-0.625,-2.6151920135614792e-15,-3.4046839421838127e-15,-8.333333333333337,-0.0079053333333334,-5.494052585731873e-15,168.03942390215087,0.0,0.043453479375375,0.0,0,0.0185185185185185,0.0204081632653061,0.0,0.0,0.0,0.0,False,-4.44
Oxycarboxin,CC1=C(C(=O)Nc2ccccc2)S(=O)(=O)CCO1,-3.3111342351716964,-113.61290322580636,31.62539021852236,-75.49635796045783,-0.4621531841831449,26.095629977518875,50.56784861323269,0.0,-0.0038465851087051,0.0,0,0.0377604166666666,0.0168547418967587,0.0100446428571428,0.0133534895439657,0.0,0.0,True,-2.281
"P,P'-DDD",ClC(Cl)C(c1ccc(Cl)cc1)c2ccc(Cl)cc2,-1.469387755102043,-152.48979591836743,-352.3265306122452,-117.50510204081634,-0.4786577959183661,2.6570694385126283,2.727217094110001,0.0,-0.14143819973538,0.0,0,0.0214646464646464,0.0353061224489796,0.0144675925925925,0.0098765432098765,0.025625,0.0,False,-7.2
Valeraldehyde,CCCCC=O,0.375,3.0,-18.0,0.0,0.0,-0.5493284568395558,77.45499907951543,0.0,-0.0099334966069348,0.0,0,0.0,0.0,0.0,0.0,0.0,0.0,False,-0.85
Aminocarb,CNC(=O)Oc1ccc(N(C)C)c(C)c1,0.4120707596253908,-157.59417273673256,177.67533818938608,-16.244536940686785,0.0806639999999999,-25.9736360762107,26.69861848780482,0.0,0.1157709920339729,5.749511833283905,0,0.0422979797979798,0.0247619047619047,0.0254629629629629,0.0098765432098765,0.0,0.0,True,-2.36
5-Allyl-5-isopropylbarbital,O=C1NC(=O)NC(=O)C1(C(C)C)CC=C,4.120095124851365,-234.78121284185485,-23.76218787158142,-23.68608799048751,-0.3506949821640899,10.91967004413964,40.41588575066871,0.0,-0.1085051644010348,0.0,0,0.0347222222222222,0.020204081632653,0.0,0.0,0.0,0.0,True,-1.708
2-Methylphenol,Cc1ccccc1O,1.0,40.03125,27.5625,0.0,0.0,6.865609438911801,64.93323603844847,0.0,-0.0246358633565857,5.749511833283905,0,0.0,0.0,0.0,0.0,0.0,0.0,False,-0.62
1-Methylnaphthalene,Cc1cccc2ccccc12,4.097505668934241,-50.96371882086168,46.14512471655329,0.0,0.0,-11.144568042892638,89.61981926929309,0.0,0.057465141293984,0.0,0,0.0208333333333333,0.0,0.0,0.0,0.0,0.0,False,-3.7
4-Chlorophenol,Oc1ccc(Cl)cc1,0.378698224852071,97.5739644970414,-48.6094674556213,0.0,0.0,4.275597850729157,63.67370126997568,0.0,-0.0187379079321693,5.749511833283905,0,0.0,0.0,0.0,0.0,0.0,0.0,False,-0.7
6-Methylchrysene,Cc1cc2c3ccccc3ccc2c4ccccc14,-4.071625344352618,-90.17447199265382,-35.88154269972452,24.10468319559229,0.0228666666666667,-19.7190386044331,73.5152973400196,0.0,0.2316271249939854,0.0,0,0.0268719806763285,0.0175238095238095,0.0092592592592592,0.0080624842529604,0.0,0.0,True,-6.57
Propoxur,CNC(=O)Oc1ccccc1OC(C)C,-10.0,-63.648888888888905,-160.60000000000002,-70.63111111111111,-0.902074764444445,-13.216295589382051,16.23136194413249,0.0,0.000669164439586,11.49902366656781,0,0.0204248366013071,0.031243042671614,0.0150462962962962,0.0,0.0,0.0,True,-2.05
gentisin,c1c(O)C2C(=O)C3cc(O)ccC3OC2cc1(OC),-4.670339761248851,4.487603305785118,-81.04132231404958,-115.45454545454544,-1.4815648484848478,0.0495343288367018,187.54897219177457,0.0,0.0566374839381833,0.0,1,0.029040404040404,0.0297142857142857,0.0107323232323232,0.0194633408919123,0.0178125,0.0,True,-2.943
acetyl sulfisoxazole,CC(=O)N(S(=O)c1ccc(N)cc1)c2onc(C)c2C,-8.680816326530614,-3.6000000000000325,-414.16,130.52000000000007,1.6732203975510158,10.779914829110988,0.3271076265750361,0.0,0.0349805316262926,0.0,0,0.0336590038314176,0.0161080189651618,0.0215799117265954,0.0129326936535931,0.0150790895061728,0.0,True,-3.59
uric acid,O=c2[nH]c(=O)c1[nH]c(=O)[nH]c1[nH]2,3.0625,-8.640625,3.0625,0.0,0.0,0.922824446326218,64.18125606155215,0.0,-0.2236523181519197,0.0,0,0.0431111111111111,0.0,0.0,0.0,0.0,0.0,False,-3.93
2-Decanone,CCCCCCCCC(=O)C,-0.2497398543184184,2.464099895941729,2.197710718002085,1.664932362122794,-0.0436910884495317,-0.262972920819899,20.06771892075534,0.0,0.0153976612655871,0.0,0,0.0185185185185185,0.0163265306122449,0.015625,0.0164609053497942,0.0,0.0,False,-3.3
2-Bromopropane,CC(C)Br,0.0,0.0,0.0,0.0,0.0,0.0,84.04396935862256,0.0,0.0497510337602101,0.0,0,0.0,0.0,0.0,0.0,0.0,0.0,False,-1.59
Equilin,CC34CCC1C(=CCc2cc(O)ccc12)C3CCC4=O,3.6949999999999967,18.520000000000017,73.92,-36.68000000000001,-0.2508244800000008,-5.8438592917940815,101.9426410938316,0.0,-0.0852465302170266,5.749511833283905,0,0.0301515151515151,0.030204081632653,0.019244850718065,0.0195432008782348,0.0150790895061728,0.0,True,-5.282
Cycluron,CN(C)C(=O)NC1CCCCCCC1,-1.6049382716049383,-4.500000000000006,-43.512345679012334,-38.8456790123457,-0.1202080000000002,1.276804594586071,23.46239138537723,0.0,0.1628289965139956,0.0,0,0.0284090909090909,0.0182312925170068,0.0156249999999999,0.0204081632653061,0.0,0.0,True,-2.218
Cyclopentyl-5-spirobarbituric acid,O=C2NC(=O)C1(CCCC1)C(=O)N2,1.13421550094518,-138.32892249527413,22.805293005671075,0.0,0.0,12.812668760862133,46.74164527366852,0.0,-0.0157096970146615,0.0,0,0.0390277777777777,0.0277777777777777,0.0,0.0,0.0,0.0,True,-2.349
Methyl nonanoate,CCCCCCCCC(=O)OC,-0.1015625,3.0,2.0,0.0,-0.200491,-0.5493284568395564,21.95263869349665,0.0,-0.0637610857230455,0.0,0,0.0158730158730158,0.0136054421768707,0.0125,0.0123456790123456,0.0066666666666666,0.0,True,-3.38
Isopentyl acetate,CC(C)CCOC(=O)C,-3.5330812854442346,0.6994328922495245,0.1398865784499054,81.69754253308129,0.3488666767485807,13.04471226723276,23.39681129172904,0.0,-0.0924298459724541,0.0,0,0.0555555555555555,0.0,0.0,0.0,0.0,0.0,False,-1.92
nitrofurantoin,O=C2CN(N=Cc1ccc(o1)N(=O)=O)C(=O)N2,1.22117202268431,-1.2816635160680614,-28.678638941398876,21.3742911153119,-0.8541913119092627,-1.439165285912034,42.163016150622205,0.0,0.1313759903316751,0.0,0,0.0213675213675213,0.0177356656948493,0.016422193877551,0.0171896433470507,0.0127689594356261,0.0,True,-3.38
L-arabinose,C1OC(O)C(O)C(O)C1O,2.0,16.0,30.0,0.0,0.0,5.130937114492973,154.515956302459,0.0,0.1182962883182423,0.0,0,0.0,0.0,0.0,0.0,0.0,0.0,False,0.39
phenothrin,CC(C)=CC3C(C(=O)OCc2cccc(Oc1ccccc1)c2)C3(C)C,4.64940828402367,-130.508875739645,-153.43786982248517,-113.59763313609469,-0.2960131360946747,22.836617563226238,12.906479892251449,0.1666666666666666,0.1636236958193202,11.49902366656781,0,0.0179079861111111,0.0192290249433106,0.0106851234083376,0.0131366098628003,0.0089138741916519,0.0109514902107494,False,-5.24
Pencycuron,Clc1ccc(CN(C2CCCC2)C(=O)Nc3ccccc3)cc1,-3.144111570247934,26.43595041322314,-177.87396694214874,111.46074380165288,1.4417465025826464,5.408556797418146,22.46243620149624,0.0,0.1433154841866366,0.0,0,0.0185590277777777,0.0109560383293102,0.0109152291869128,0.0051310296846011,0.0072115384615384,0.0082304526748971,True,-5.915
1-Iodoheptane,CCCCCCCI,-0.5103969754253304,-105.4291115311909,-145.72400756143665,-461.3137996219282,-0.0034837655954631,0.4885108103322079,188.00024705078437,0.0,-0.0330143699588808,0.0,0,0.0185185185185185,0.0204081632653061,0.0,0.0,0.0,0.0,True,-4.81
Methylcyclohexane,CC1CCCCC1,0.6666666666666664,33.33333333333332,16.666666666666664,0.0,0.0,7.289216917932028,215.6661647937977,0.0,0.0006745253941622,0.0,0,0.0,0.0,0.0,0.0,0.0,0.0,False,-3.85
Salicin,OCC2OC(Oc1ccccc1CO)C(O)C(O)C2O,-4.185595567867036,-30.0,1.0,-51.0,-0.3357965096952942,8.211787565021652,0.0,0.0,-0.0223728025155625,5.749511833283905,0,0.0277777777777777,0.0221892393320964,0.0169042397660818,0.0133324934912236,0.0078125,0.0,False,-0.85
Rotenone,COc5cc4OCC3Oc2c1CC(Oc1ccc2C(=O)C3c4cc5OC)C(C)=C,-10.799307958477511,-16.780853517877734,-76.71510957324105,12.313725490196058,-0.6405910588235241,-6.810222363476622,44.88589448318187,0.0,0.2077190652019488,28.747559166419524,1,0.0276300236406619,0.0236378360868156,0.0165988112416683,0.0121310526954265,0.0103595679012345,0.0097949188858279,True,-4.42
Bibenzyl,C(Cc1ccccc1)c2ccccc2,-0.0816326530612243,50.0,25.0,-25.0,-0.0237159999999999,10.93382537689803,197.5103449368323,0.0,-0.0179070758656735,0.0,0,0.0180555555555555,0.0001632653061224,0.0060763888888888,0.0080624842529604,0.0,0.0,True,-4.62
DDE,ClC(Cl)=C(c1ccc(Cl)cc1)c2ccc(Cl)cc2,-1.9644970414201184,-344.66272189349127,-341.4201183431953,-120.8284023668639,-0.5010268639053247,-1.6335627959091767,23.34800795069639,0.0,-0.1030659028645557,0.0,0,0.0214646464646464,0.0353061224489796,0.0144675925925925,0.0098765432098765,0.025625,0.0,False,-6.9
Tetrabromomethane,BrC(Br)(Br)Br,0.0,0.0,0.0,0.0,0.0,0.0,0.0,0.0,0.0210451778758202,0.0,0,0.0,0.0,0.0,0.0,0.0,0.0,False,-3.14
Ethanol,CCO,0.0,0.0,0.0,0.0,0.0,0.0,52.63976853943993,0.0,-0.0034606054165997,0.0,0,0.0,0.0,0.0,0.0,0.0,0.0,False,1.1
Bromophos,COP(=S)(OC)Oc1cc(Cl)c(Br)cc1Cl,-4.666666666666663,283.5,717.75,-141.0,-0.3594721319444441,-11.241988148590911,0.8385894261846458,0.0,0.1572673696444351,5.749511833283905,0,0.0281862745098039,0.0280690737833595,0.0168650793650793,0.0,0.0,0.0,True,-6.09
"1,3-Dinitrobenzene",O=N(=O)c1cccc(c1)N(=O)=O,4.5,-17.390625,-18.375,0.0,0.0,5.794296791146946,26.964800696485863,0.0,0.021308708971614,0.0,0,0.0590277777777777,0.0,0.0,0.0,0.0,0.0,False,-2.29
Spironolactone,CC(=O)SC4CC1=CC(=O)CCC1(C)C5CCC2(C)C(CCC23CCC(=O)O3)C45,-4.952969631819403,200.61381349099705,-16.194571351787122,-140.8524590163934,0.0741229180327752,-0.4497664876660819,26.54476065576764,0.0,0.0485686717930012,0.0,0,0.0364360587002096,0.0277730536659108,0.0193266790843321,0.0129848401000611,0.0135489288307915,0.0057517090092847,True,-4.173
Monolinuron,CON(C)C(=O)Nc1ccc(Cl)cc1,-3.632,121.49760000000003,-83.808,152.55040000000005,1.2848046944000018,10.9585888865122,25.187323013141032,0.0,0.1128318078950467,0.0,0,0.0258838383838383,0.0224943310657596,0.0222800925925925,0.0150331737633324,0.0,0.0,True,-2.57
Phoxim,CCOP(=S)(OCC)ON=C(C#N)c1ccccc1,-4.20242214532872,-353.4013840830449,-54.53633217993077,-160.04152249134947,-0.58347850865052,3.57922868405504,0.0,0.0,0.1508426300676437,6.069221312792274,0,0.0297619047619047,0.0172653061224489,0.0103145424836601,0.0066089113708161,0.0085416666666666,0.0123456790123456,True,-4.862
p-Aminophenol,Nc1ccc(O)cc1,0.8533333333333336,60.34666666666667,-32.68,0.0,0.0,3.853013751629558,95.0442638294966,0.0,-0.0798299393741907,5.749511833283905,0,0.0,0.0,0.0,0.0,0.0,0.0,False,-0.8
1-Chloropentane,CCCCCCl,0.4982698961937718,-3.418685121107264,-63.4152249134948,0.0,0.0,-0.6088374243249345,61.14707933667029,0.0,0.0285398353315624,0.0,0,0.0,0.0,0.0,0.0,0.0,0.0,False,-2.73
Hydroxyprogesterone-17a,CC(=O)C1(O)CCC2C3CCC4=CC(=O)CCC4(C)C3CCC21C,7.580246913580248,-35.44444444444439,194.22222222222229,33.555555555555564,-0.4403942716049427,-14.247055995187749,50.53639171680943,0.0,0.0363402200061994,0.0,0,0.0361827956989247,0.032754648526077,0.0223107993197278,0.0169648106156042,0.0128823731138545,0.0144373023160901,True,-3.817
m-Chloroaniline,Nc1cccc(Cl)c1,0.6530612244897959,-113.55102040816328,27.59183673469388,0.0,0.0,3.126636658777699,94.26883987653332,0.0,-0.0488088606600563,0.0,0,0.0,0.0,0.0,0.0,0.0,0.0,False,-1.37
Succinimide,O=C1CCC(=O)N1,0.0,0.0,0.0,0.0,0.0,0.0,25.66188957186297,0.0,0.0278046919660897,0.0,0,0.0,0.0,0.0,0.0,0.0,0.0,False,0.3
Benzo[ghi]perylene,c1cc2ccc3ccc4ccc5cccc6c(c1)c2c3c4c56,-17.73010380622837,-64.61937716262976,-121.7993079584775,76.12456747404846,0.0722148096885806,-14.130739717202072,143.0023974914484,0.0,0.247610678190138,0.0,0,0.0198948948948949,0.0109090909090909,0.0,0.0,0.0,0.0,False,-9.018
Phenetole,CCOc1ccccc1,0.1994459833795005,-42.82548476454294,-1.1689750692520733,18.357340720221607,0.0437321551246538,-6.356740753834443,42.59888720945035,0.0,-0.002699548557763,5.749511833283905,0,0.0300925925925925,0.04,0.0,0.0,0.0,0.0,False,-2.33
"2,2',3,4,4',5',6-PCB",Clc1ccc(c(Cl)c1)c2c(Cl)c(Cl)c(Cl)c(Cl)c2Cl,-1.6239669421487593,56.03305785123966,-361.6198347107438,-40.165289256198335,-0.0599519876033074,-1.6540433154635168,47.35230438477568,0.0,-0.2184544239209833,11.126902983393991,0,0.0324074074074074,0.030876350540216,0.0180555555555555,0.0163769211388258,0.0,0.0,False,-7.92
thiouracil,Sc1nccc(=O)[nH]1,0.4444444444444445,-20.25,20.25,0.0,0.0,-0.979593284649111,32.95582616452188,0.0,-0.1143617821411803,0.0,0,0.0,0.0,0.0,0.0,0.0,0.0,False,-2.273
Methazole,Cn2c(=O)on(c1ccc(Cl)c(Cl)c1)c2=O,-2.264462809917356,-37.0,20.0,-68.0,0.2777041818181809,-2.1925578213172843,33.99994584100454,0.0,-0.1103178748297384,5.687386274683562,0,0.0356666666666666,0.0304081632653061,0.0226959831551668,0.0,0.0,0.0,True,-2.82
