FilterItLogS,ZMIC1,Lipinski,RNCG,BCUTv-1l,PEOE_VSA6,ABC,GhoseFilter,ATSC0p,SIC0,ETA_dEpsilon_D,AATSC0c,PEOE_VSA7,PNSA1,FPSA3,AMID_O,Mor20m,ATS0Z,ATSC1se,ATSC2se,logS
-1.5377462934674953,22.108458593344352,1,0.6774367609425247,14.708164317612267,17.696185628620217,5.875633848974738,0,3.861248463396,0.3179455553999495,0.0550925925925925,0.0242067514077139,19.056471336613843,112.16776137021132,0.0536353890073571,0.2184477009934715,0.495885360003897,324.0,-0.1214449999999995,0.0620405624999999,-0.73
0.0037153563930183,24.127456132719484,1,0.3634825657728475,14.702706941327778,0.0,5.415816237971963,0,3.6151297800752,0.3448619546669418,0.0,0.0203793603435712,0.0,30.525595244734237,0.0420447119457798,0.2129184308183638,0.1052787947444845,354.0,0.0039375600000011,0.4786877200000022,0.94
-2.0084753522069088,30.423328236220115,1,0.1808380024805676,14.701780216270285,13.847474399381248,10.132954792899328,1,5.698408700228712,0.3418776106000334,0.0414285714285713,0.0234516788644749,12.84164324585202,136.4514102423173,0.0335326210249195,0.3760789149562786,0.1311980385453615,628.0,-0.1626880000000002,1.808779020408162,-2.23
-1.8935864143233605,23.72654613161715,1,0.4245671205720752,20.42705985480656,0.0,3.047206724228547,0,4.2867074750427285,0.4149153817759055,0.0,0.0040395812727103,6.923737199690624,141.57746462513762,0.0154227813475667,0.0,0.1635946769601834,692.0,-0.0023566611570248,-0.277283917355372,-1.6
-3.2788195352032306,34.9761493040408,1,0.1969160118108311,14.702709388397633,0.0,14.78494120276069,1,7.185517271570727,0.3115313505606862,0.0,0.0169439502192891,31.18920547353706,111.0237346728612,0.044322934510434,0.0938704563438924,0.4354903109588646,778.0,-0.0437677722681365,0.4062741120293835,-2.62
-0.4229175493769162,27.50210646629833,1,0.2051791009800483,14.701652562236898,0.0,5.944583534196036,0,1.6161944525583996,0.5933152489026101,0.1574999999999998,0.0715409836994649,0.0,169.06119508392,0.0746710711016746,0.6518845537728615,0.1021878471316876,400.0,-0.7314943999999998,0.6858623999999997,-0.4
-1.9334213848150248,23.00989850849939,1,0.1572664860610682,20.273157093326592,35.89528683400505,5.059137268047012,0,3.757317330102932,0.2551368172689722,0.0,0.0029737078952921,6.923737199690624,98.9347998586692,0.03116929594767,0.0,0.3636509155731007,260.0,9.455768685335329e-16,-0.0072729066666658,-2.21
-1.7384143688016214,16.281626451835294,1,0.6336881141219429,14.702719807466298,13.344558822616634,4.461420286601642,0,4.063287563332421,0.2748250104532309,0.0,0.0066371922115857,13.344558822616634,80.26735994919825,0.0222387209081826,0.2403449446344127,-0.020384406129951,292.0,-0.0024476454293624,0.1097784044321326,-0.8
0.814664405997089,17.25,1,0.4738435524075167,15.594673424112235,0.0,2.449489742783178,0,4.264824699698,0.5833333333333334,0.3333333333333333,0.0514393617155955,12.217873443046695,108.59761245999316,0.0779687334372119,0.0,0.0437958134921973,394.0,-0.3897188906249996,0.4108237656249998,0.32
-5.476098173351177,68.89526559732569,1,0.2841004465602195,14.651596877182929,58.00469945116258,10.382142733160748,0,3.1279954285714284,0.4536999331391318,0.0,0.0231957593242701,0.0,353.62702134882653,0.0089637437381148,0.2432461192889352,2.007480557911952,1838.0,0.4353920000000034,-0.4225460357142817,-5.82
-3.371932386945561,43.7709762989226,1,0.6564847878898402,14.7081641030304,34.802819670697545,7.427746781790429,0,4.1290488268823085,0.4799048446968728,0.062034632034632,0.0311325381407466,6.06636706846161,229.52879909393607,0.0353898462620141,0.1745452505679084,0.994506584769235,1150.0,-0.3237369230769233,-0.3183437218934918,-2.21
-0.5786733952133488,26.490360470993423,1,0.4355215913052869,14.70714934261568,12.13273413692322,5.835193734454857,0,3.249409532053713,0.3805307530778357,0.1183333333333334,0.0538391164551665,12.13273413692322,119.1236860499613,0.0839619016032783,0.4361424620089954,0.6150635906218671,350.0,-0.3953691428571421,-0.0521000816326533,0.62
-3.364429757905245,39.29022709499203,1,0.2714162305665289,20.27943696566245,17.667306958694127,5.875633848974738,0,17.825581312930662,0.4535095090581451,0.0,0.0029956323196733,40.789971832452885,219.4962222663897,0.0164210606338334,0.0,1.3559215306055556,3318.0,-5.551659440803127e-17,-0.0008760416666667,-3.55
-3.5830040465119937,34.62932163873129,1,0.4071585125802258,14.701396700213568,45.448666937246685,8.594671173979751,1,7.455267599394684,0.2304062605764648,0.0,0.0124753582904906,6.4208216229260096,78.5813473096696,0.0335045212177697,0.2744074488641319,-0.0357710138037866,546.0,0.0387648783673474,0.6950651559183678,-4.69
-4.904246822123644,65.24236762638546,1,0.5580567529052485,14.708163850330063,58.00469945116258,8.898979485566356,0,3.0249052127836933,0.4362537855285536,0.0576617826617825,0.0337690955783708,0.0,300.3747982403836,0.027769571953226,0.1451785917736,2.031447054570544,1726.0,-0.447085230769231,-0.8536402662721899,-4.28
1.6337967224129748,65.25392665267077,0,0.0990047979551558,14.70030686298926,12.13273413692322,23.736291346665404,0,11.836103855513926,0.2602697809890712,0.1129904097646034,0.0431868591998744,12.13273413692322,234.551480575013,0.0700789158872567,0.7227381507065209,1.124660188845304,1478.0,-2.0174243004001235,-2.519917305016933,-0.742
-1.1914635302044123,28.72528958917005,1,0.8816674695738641,20.57851258024616,22.590870627068057,0.0,0,16.4717912538188,0.5904362833084089,0.0,0.0023508642234415,4.930467979059025,120.44216578067888,0.0121052345086055,0.0,0.1346852509225146,2848.0,-0.007396,-0.0101999999999999,-1.0
-1.1956906928912894,25.69832886099526,1,0.4633188235989277,14.651578226589454,6.06636706846161,7.358797096569131,0,3.145515204163332,0.456101091120817,0.0609090909090908,0.039693259983238,6.06636706846161,157.14098174016027,0.0544313524542388,0.5164010292741372,0.5918418823717864,462.0,0.384855466666666,0.5946619911111093,-1.01
-3.3687625528744456,41.31590708808445,1,0.1611095477235827,14.65045727216768,13.847474399381248,16.913960904630937,1,11.027838910036245,0.3554210501595626,0.0544927536231882,0.0220513187667431,12.84164324585202,279.8724809055978,0.0276715477030939,0.4457640057806245,1.0051375240289158,1286.0,1.4856037317073156,2.7093973634741224,-5.16
-0.8194067074709033,22.853496664211537,1,0.4295454814255828,14.702713892257476,23.97975839243781,5.16852706778819,0,6.7283331305829,0.6535212480354065,0.0803571428571429,0.0297250543048223,0.0,182.40174631100675,0.0338529513411579,0.2480603029243566,0.247465312459934,736.0,-0.2146731999999999,0.3691311599999997,-1.77
-4.017807577595526,43.83184756464779,1,0.2483843623980058,14.701789235346569,19.420578929450517,19.474755557248905,1,12.651079544653332,0.2141936321695983,0.0198333333333332,0.0089550583397263,81.11421727488755,152.38522698174702,0.0248704985649743,0.2183153059963904,-0.0849910895240191,978.0,-0.1042527407407459,0.2976904197530844,-3.817
-3.422243802004493,29.78051841999937,1,0.4369159040197206,14.702719195759263,39.02784531432067,7.289847411347834,0,6.747894052476771,0.2208765715814557,0.0,0.0046181760564586,13.344558822616634,91.64753794058424,0.0220480118913392,0.153682247370999,-0.0237299010315284,444.0,-0.0049090364203951,0.0679641082206035,-3.3
-1.1229889280331833,19.74937501201927,1,0.1999999999999999,20.418340911229283,32.10410811463005,3.5355339059327378,0,3.3547476161633343,0.2350451878756692,0.0,0.0014207633674969,0.0,42.04965227995013,0.0218439910095916,0.0,-0.0067018941101839,190.0,1.1399074986398165e-15,-0.0395266666666654,-2.64
-1.906195607248686,26.578444436108757,1,0.528313435157089,14.70816470062238,20.771211599071872,8.85347358264538,0,6.517919588417309,0.2314252028779518,0.039141414141414,0.0080412196310627,36.010351853732985,79.92853106941489,0.0291892868906911,0.1600752776488599,0.1535975254562485,442.0,-0.0773381307966694,0.0571409179548165,-2.32
-2.004510367802073,16.387259602777974,1,0.4415710057337216,20.41286863799316,13.344558822616634,2.8284271247461903,0,4.134273791300359,0.3146849835798618,0.0,0.0024120911984212,6.4208216229260096,90.02423031048035,0.0190634785905263,0.0,0.1700620673105189,442.0,-0.0022022908163262,-0.1218772346938773,-2.03
-2.483689537904911,38.23693027897291,1,0.2864541595597786,14.707168098325306,12.990104268152232,17.13223108406188,1,10.595031427108802,0.2317807073482658,0.063690476190476,0.0181644019146377,78.53245384282822,151.8495731432589,0.0548999407728788,0.2527975948262796,0.5223650188873331,864.0,-0.3592579200000004,-0.0992067200000001,-4.955
-2.1299107218088973,33.15450936039659,1,0.3116903930765027,20.460198136678176,34.802819670697545,3.4641016151377544,0,3.525913066591876,0.5204260414863776,0.0,0.0073553989358213,6.923737199690624,193.52175716617572,0.0058507021927552,0.0,-0.1441921445050067,942.0,-0.0464941406249999,1.1075413125,-2.0
-0.9944175574732804,30.004281985031803,1,0.3339838041144836,14.702150929534524,0.0,8.302710703768229,0,6.797735448142737,0.46091637607392,0.1696969696969694,0.0246534094844387,24.26546827384644,165.04521459897296,0.0564971028572848,0.3067082549067169,0.7010711464726732,706.0,-0.0140889999999998,1.3180540000000005,-1.34
-1.4734632354264896,24.18947501009619,1,0.337953349194981,20.36375209430473,29.78081546406353,2.449489742783178,0,2.370879806465334,0.6131471927654584,0.0,0.0051866739594627,0.0,174.16447636149604,0.0126518154340354,0.0,0.3744434684214442,652.0,-0.036736111111111,0.3347403333333333,-1.64
-1.9719886808931744,46.529325012980806,1,0.1666666666666666,14.650457272167678,0.0,11.141620172685643,0,3.0390913701225,0.4600312555719781,0.0,0.0386808602304109,0.0,276.9193393176185,0.0312840636450727,0.683883609802416,0.8042836786763862,750.0,1.4954239999999994,1.3603669999999992,-2.89
-2.916172212561415,55.80832258796112,1,0.201322891702834,14.701791935132658,35.353919994132795,13.926615157286852,1,11.033903037390296,0.4411317249554516,0.0,0.0170041941633935,12.84164324585202,258.8083796952115,0.0188844698868688,0.1988647565772883,-0.1174417616365013,1958.0,-0.047674222222222,1.3970907777777777,-5.4
-2.485961109091407,37.714826741747245,1,0.228103690352701,14.707365213869728,0.0,13.13412985413952,1,17.039454452336976,0.4010526396694458,0.0,0.022199878657725,39.29588868899501,175.9932436595027,0.0255339618773829,0.327742380620726,0.7789513080827658,1450.0,-0.7131054857142853,3.915107381224488,-3.658
-3.0063613834418064,25.931763284444852,1,0.4718237804038441,14.702719664355197,26.689117645233267,6.473350830420108,0,6.076807390600713,0.2304353231482173,0.0,0.005009124886017,12.84164324585202,74.46137420818424,0.0218432427752771,0.1742820756953632,-0.0198341370540626,406.0,-0.0044317551020404,0.0778972244897959,-2.58
-4.71013199860684,41.39499298337304,1,0.0887914314312184,20.24491316715521,0.0,8.898979485566356,1,7.246254850912801,0.1978749221194441,0.0,0.0011777570680436,74.9231321483257,99.45451466212924,0.0203571268007763,0.0,0.4498651637685408,450.0,1.482450566747673e-15,0.1195286400000008,-5.23
-2.165038744979885,19.35137166788568,1,0.5695523771328286,14.70271965446457,19.765380445542643,5.16852706778819,0,4.734521862504,0.2563824720059591,0.0,0.0059261874787793,13.344558822616634,76.97906327660054,0.0220131168227588,0.2108411671311177,0.0466908253629464,330.0,-0.0032179834710738,0.0987660826446279,-1.45
1.0804224982126087,21.95500746208832,1,0.3348258433340383,14.707156641111798,0.0,3.644923705673916,0,2.240981516053715,0.3713337982794685,0.261111111111111,0.045127905740499,0.0,83.1470647194212,0.0789625804418196,0.8424461846060188,0.1919837074900041,308.0,-0.7211540408163253,-0.988706857142856,1.12
-3.5659100952418843,50.64635140323914,1,0.189695759554743,14.700233568005686,11.600939890232516,15.72746545993356,1,12.811419488280004,0.4984636183301164,0.1238095238095237,0.0250777747232759,12.13273413692322,374.0591132716795,0.0262679415773262,0.3438394039993223,1.8312394912272407,2078.0,-0.1662139885204102,1.2248419426020405,-2.68
-2.968502394121514,26.78820794614243,1,0.1215001410852428,20.265273693408997,38.112942673227685,7.31835698204925,0,5.8708083282858325,0.2137135814081428,0.0,0.0020864980740403,23.96854622924601,96.38347264168344,0.0265331995011348,0.0,0.4522245377616324,374.0,3.2165147089023726e-16,0.0266805000000002,-3.76
-1.3531077339907736,20.177181234846262,1,0.6736664645332388,14.702720127196825,6.4208216229260096,5.059137268047012,0,3.828753554084117,0.2987300025964772,0.0,0.0072736522801233,12.84164324585202,62.04945785799592,0.0228322869885606,0.2493354663015892,-0.0454025199196935,290.0,2.2120997536617851e-16,0.0599461453287195,-0.6
-1.364304252980212,21.0,1,0.1666666666666666,20.28052627611553,36.39820241076966,4.242640687119286,0,3.019272854547,0.2789429456511298,0.0,0.0038773749072444,0.0,98.46233185552369,0.0360364624131793,0.0,0.3887718240416634,222.0,-6.561418075534766e-20,-0.0355739999999999,-1.64
-1.701736293467495,24.712370055513823,1,0.6938979238553065,14.706463317429446,18.19910120538483,5.6568542494923815,0,3.861248463396,0.3179455553999495,0.0,0.0195088911467839,12.13273413692322,95.93053757689898,0.0446008702419481,0.235074275311484,0.5807631100319319,324.0,0.0183870000000004,-0.3054129374999989,-1.85
-6.837688204654549,64.53106537470407,0,0.0948993931375681,20.265083325304214,82.27016772500902,14.69518130514858,0,8.859187643184965,0.3058112003733806,0.0,0.0049451938437415,35.392371257240434,361.7737463207749,0.0164538722855207,0.0,1.0942815309276108,1958.0,0.0065090318877537,1.378231209183674,-7.15
-3.9834785828916974,46.82109597482322,1,0.2111675963146329,13.303154012401045,30.33183534230805,17.184601742400222,1,8.190072352537541,0.3379157981154043,0.0256822887257669,0.0165665847122944,23.762552697081823,215.13981703158836,0.0490518135284161,0.0819433327613094,0.9291796222847916,962.0,-0.13946912,-0.3927567999999999,-3.37
-1.3471543688016214,18.405957256240747,1,0.6450606145211832,14.70271976222853,20.771211599071872,4.87656659757667,0,4.063287563332421,0.2748250104532309,0.0,0.0065686304165065,6.923737199690624,83.84262119919865,0.0182671808524528,0.2376678763706875,0.0750278015670426,292.0,-0.0024476454293624,0.1809264044321326,-0.72
-2.332420418988552,20.4369801593275,1,0.4058002702852996,20.43030676847672,13.847474399381248,4.242640687119286,0,7.782763285485807,0.2539707371322467,0.0,0.0024310195619393,24.3473504593456,78.1356619984485,0.021305432274839,0.0,0.1959037376297108,486.0,0.0109643310657601,-0.057223630385487,-2.58
-0.8182970716395099,17.395894410479876,1,0.6768610986477239,14.708165461565637,20.771211599071872,4.012289773726411,0,3.576219349173777,0.2721799490905406,0.0753968253968254,0.0124964290513531,5.41499046939678,60.48297224863242,0.0382574284196469,0.277675565098879,0.075014868694453,256.0,-0.0951413827160489,-0.08914424691358,-0.4
-1.9100885629909348,26.145699318816817,1,0.4327992658817615,14.651578510996792,12.13273413692322,7.91607396349462,0,3.854165760076277,0.4130209323544854,0.0,0.0309087380889489,6.06636706846161,140.66410998292992,0.0427436703591191,0.4823129385918406,0.6523146127362108,500.0,0.6037026666666665,0.1047024444444444,-1.96
-1.6752070385751994,22.722525673381703,1,0.5915263604723827,14.708165151947732,20.268296022307258,5.267584713501615,0,4.928582617861332,0.2398021753972368,0.0550925925925925,0.0093457333444239,19.765380445542643,69.81126152536297,0.0296409581782246,0.2112151086400995,0.1481884069974997,332.0,-0.0851666944444438,0.1826631944444446,-0.98
-4.364105971730233,50.98395677368063,1,0.2182028403104167,14.700997430305124,18.19910120538483,16.372845767031777,1,9.442474163289804,0.2798062644467993,0.0242424242424242,0.0279666957858277,43.32193961046029,198.85266625136504,0.048111580841168,0.3526546654442796,1.499819405212204,936.0,-0.1700895395597864,0.8694443069601415,-4.7
-4.572544270369208,42.55021847786789,1,0.2312501413580994,13.304122404563236,36.39820241076966,14.756431632059275,1,8.060856308297998,0.2953295604247785,0.0,0.0117487358033039,23.25963712031721,179.3833257216875,0.0370389967364528,0.094742815803275,0.7064668705191886,784.0,-0.011948246097337,-0.0827765950413224,-3.535
-3.342302394121514,28.080689196503,1,0.1188447767040958,20.26787295365868,38.112942673227685,7.071067811865477,0,5.8708083282858325,0.2137135814081428,0.0,0.0021143681646598,23.96854622924601,97.56464264954722,0.0260605615615767,0.0,0.4100530018432355,374.0,3.181820239382836e-16,0.0029645000000002,-3.75
-3.043419149428514,33.93461543114042,1,0.3204558358501987,14.707051156736554,0.0,11.54157680680395,1,18.5760168297987,0.3581360045091141,0.0,0.0189235456823493,36.942059080283855,144.3128107547179,0.0287346742899789,0.3574948970077501,1.1762206823823482,1304.0,-0.7217401612903221,2.221640529656609,-4.57
-2.8059242914310127,28.642598148711087,1,0.3238386409165369,14.702486748985306,11.600939890232516,10.963280687723168,1,7.021801490484108,0.3661126792168657,0.0375793650793649,0.0258740974608931,18.19910120538483,139.93264396834522,0.0436211282340493,0.2417513650334693,0.857681701023317,888.0,-0.2077527142857139,0.1149000994897963,-2.564
-7.212896087369261,76.64336371180667,0,0.1377486118922047,20.255145176061987,64.07106651962418,13.072670487464348,0,6.0561973960075015,0.3248341470173868,0.0,0.00350659406928,24.26546827384644,344.2995405774354,0.0141528155077879,0.0,1.9951451212793048,1882.0,0.0170777376033061,-0.1366219008264459,-7.32
-2.7740334928558967,35.98459697692926,1,0.2582789575044686,14.651539049239409,11.600939890232516,12.427023072952974,1,14.732349504688344,0.4751803159060208,0.0,0.0304187600111372,6.06636706846161,169.31591605540774,0.0321500462061159,0.5372880953374706,1.1953237418176672,1436.0,-0.3497361153846153,1.4014373224852072,-4.31
0.0598565925347027,54.29620163043727,1,0.1642080626302589,14.704770599497072,34.802819670697545,13.20008751373572,0,8.64006398767011,0.3884488927744057,0.1187394957983191,0.0421317811007539,0.0,271.90801992997217,0.0452991047916089,0.6710059533402905,0.4377035333908506,1550.0,-1.5304251109693874,-1.4119216709183662,-1.84
-0.7800503492862519,15.237949406953986,1,0.806814958623742,14.706821637144138,0.0,4.352030486860464,0,3.3919464731837494,0.2995481027607745,0.0,0.0104218035135666,19.765380445542643,52.0713515272992,0.0290038451753647,0.3242592530319557,0.0365492006441146,254.0,0.0358659999999998,-0.1961262500000002,0.11
-3.871231533997496,39.68925901792807,1,0.1326677637733119,20.23524086592372,52.328146308719006,8.51379094493999,0,7.180634954076278,0.2956072966275083,0.0,0.0029589687126674,16.838815497391202,187.03581253501355,0.0259622789482248,0.0,0.4925378665143673,1592.0,0.0011297067901237,-0.0067782407407404,-4.35
-1.7934726851397882,25.466612132397216,1,0.7159332888435369,14.708164355859871,11.600939890232516,5.875633848974738,0,3.824087564150769,0.4362537855285536,0.0646164021164021,0.0297552016545025,24.26546827384644,161.15860135967804,0.0496473631750995,0.2184477009934715,0.6529277876845462,574.0,-0.2003886153846153,-0.0414056627218937,-0.7
-0.8182970716395099,17.395894410479876,1,0.7055655746121532,14.708165417135008,6.923737199690624,4.012289773726411,0,3.576219349173777,0.2721799490905406,0.0753968253968254,0.011949194927983,20.268296022307258,69.21445233316902,0.0314961152713868,0.2751480579413864,0.1178212899694637,256.0,-0.0951413827160489,0.1905197530864197,0.15
-3.234931456357556,29.54776752067228,1,0.2982836839569634,14.701462132497516,25.12283840507545,10.675551403019512,1,9.77478687103417,0.3298056762094755,0.0341666666666665,0.0203026010663321,11.8192206752084,145.80466805183428,0.037240883194259,0.2494149091533243,0.4173879386506945,844.0,-0.0800744999999992,1.4769534999999998,-2.09
-2.8583717442449825,22.663627376552,1,0.3219512986480396,20.397672538717217,26.186202068468653,4.242640687119286,0,5.491451737062951,0.2640380642216691,0.0,0.0021155025288931,6.4208216229260096,98.94444833375944,0.0196370897911007,0.0,0.0162566165514598,518.0,-0.0040513224999994,-0.1320357399999995,-3.12
-1.7936661124533475,17.71551634031143,1,0.1893606834370442,20.38098104611048,33.61285484492389,3.7543135054150953,0,4.2269819963658,0.203911513537955,0.0,0.0014351813752719,5.917906046161393,49.845374331851,0.0200454983252383,0.0,0.0534761237506723,230.0,-0.0116208399999996,-0.0180241599999997,-3.74
-1.0265874860420543,15.598667959946235,1,0.2576038170751697,20.327014994689424,12.152040213667762,2.8284271247461903,0,3.0966901072276927,0.259762806028293,0.0,0.0044146599133863,6.4208216229260096,91.4461820088129,0.0319387619714672,0.0,0.0254968831146756,188.0,-0.0089812071005912,-0.0298905798816564,-2.09
-4.312726778417728,44.08762462366307,1,0.2163246454821818,14.70252879907521,41.93277523254056,15.722758127248062,1,7.694053029121938,0.3445953208615502,0.05008658008658,0.0209544415183006,18.19910120538483,257.8778084861274,0.042759157338092,0.1770544837184549,1.2917520944139418,1066.0,-0.3293833610822057,0.3987561571279917,-3.952
-3.483713862379734,40.90817278774705,1,0.3075348698428765,14.702558933739873,25.4965990362844,17.179861136840945,1,11.532072730188,0.210104890268234,0.0215007215007214,0.007512289063502,68.11445996836302,121.79722761251824,0.0299684286302712,0.1686822762621526,0.1941744428378494,840.0,-0.0857953152852996,0.0630881932528098,-4.12
-2.4943473456807688,27.97434339865186,1,0.2660256556944799,15.584286066996984,0.0,8.55423105945987,0,3.286532898825529,0.3788573220538973,0.0,0.0186362235499891,6.923737199690624,98.0622827252849,0.0454721849045202,0.0,0.695218034600216,454.0,-0.0888904083044981,0.090532332179931,-0.12
-2.003197444955271,37.48241808752197,1,0.3880599205467065,20.56466552737677,39.13182367841438,2.449489742783178,0,3.0408181478792,0.8277293767706428,0.0,0.0104060190530699,0.0,208.58943656518977,0.0075614959448963,0.0,0.3289222172081794,1840.0,-0.1263091600000001,-0.2130814399999999,-1.54
-4.030296457048628,46.26736663531352,1,0.4359412086963024,15.596098892707392,30.33183534230805,12.049324850872727,1,6.215472739234039,0.2524699635978046,0.0501960784313724,0.0103516118312627,45.81036513170562,167.54392628453658,0.0470146012976449,0.0,1.3223606714702496,564.0,-0.090451680473373,0.0076396508875736,-5.17
-3.509383175718118,50.585475268906784,1,0.3148031124849375,14.707200776503017,36.417508487514205,14.946701660840215,1,9.312180154569472,0.2372061479094404,0.0433333333333332,0.0207555887757057,60.38605471676021,192.0221518362856,0.0567546531283691,0.1760704427611097,0.9340314137930098,794.0,-0.2333443434903045,0.1179378614958447,-4.95
-2.9771893461589034,26.68195724616384,1,0.3797590156664044,14.69824103855161,11.600939890232516,8.663620859201048,0,3.8680462904904,0.4940309737581334,0.0531746031746031,0.0372450806385557,18.19910120538483,199.66721337983896,0.047187750728112,0.3443068414211874,0.5264737748255961,722.0,-0.3297541822222226,1.0827119777777772,-2.831
-0.7375761144083834,21.736341672916684,1,0.3505050675886699,14.701791935751892,0.0,5.16852706778819,0,2.3961863791429163,0.4976786026332264,0.0845238095238095,0.0316004567365638,0.0,112.97817329746314,0.0435751296001866,0.4961206058487133,0.0095069085001167,326.0,-0.180544,0.7796392499999993,0.3
-1.8760179718818,17.701015636705154,1,0.2112550578773827,20.3308405620773,31.917420659210403,4.242640687119286,0,4.696646662628668,0.2090686409165615,0.0,0.0021309849912614,13.344558822616634,67.06683304650473,0.0234997554854811,0.0,0.0356391629381779,266.0,-0.0105404444444438,-0.0395266666666662,-3.82
-6.328636744352935,58.28737500568233,0,0.0740184419985115,20.383522282407416,103.7389771203454,10.606601717798217,0,10.949896219157122,0.1602417615393903,0.0,0.0014405853706882,0.0,74.46095729573192,0.0221568204329005,0.0,-0.0925400785770915,610.0,-0.0109662784000023,-0.1178590336000019,-8.4
0.6023859796060616,7.962406251802889,1,1.0,14.708166100233274,0.0,0.0,0,0.8087074784653333,0.4841962570206112,0.2611111111111112,0.0354994630916273,0.0,39.19460827459481,0.062200440251793,0.75,0.0600914413333032,104.0,-0.1863897777777776,-0.3893902222222221,1.57
-0.3481257229235901,7.867668746754797,1,0.5,20.46952627611553,13.847474399381248,0.0,0,1.5096364272735,0.2704260414863776,0.0,0.0015532509967532,0.0,39.09672726029071,0.0176307461305657,0.0,0.0002699657757269,78.0,-0.0133402499999999,-0.0177869999999999,-1.36
-3.850236358103065,44.482900233878325,1,0.166285189462724,14.701791915607092,12.13273413692322,17.105620283438107,1,21.041400427998973,0.3762136821350988,0.0,0.0179708444386198,49.16878942105628,310.9434630263419,0.0237528015172205,0.3244073346887678,0.7327191970553066,1852.0,-0.6462282974999998,1.303936129999998,-6.34
-0.9300227810523284,11.301246680262716,1,0.3492107132347019,20.3416545143384,12.999757306524504,2.121320343559643,0,2.683798092930667,0.2561521449303204,0.0,0.0030716378688457,6.4208216229260096,67.44480744902114,0.0259236941178077,0.0,0.0278341455519267,152.0,-0.0105404444444441,-0.0237159999999998,-1.94
-1.472358863853532,23.38063809473993,1,0.278418797534485,15.58476048925797,0.0,7.806684163753442,0,2.531654316163334,0.4056838710822129,0.1384615384615383,0.0398885060992864,0.0,94.87606741078407,0.0881358827521977,0.0,0.3424922448149002,430.0,-0.504699999999999,0.141708000000001,-2.12
-1.4174387449798849,23.15322133759171,1,0.5726748362814674,14.702719922717597,27.694948798762496,5.415816237971963,0,4.734521862504,0.2563824720059591,0.0,0.0059427589774963,0.0,81.14876007101216,0.0199636613187427,0.2129184308183638,-0.0001147476164861,330.0,-0.0032179834710738,0.1461980826446278,-1.3
-0.4111032542586095,16.78887726813674,1,0.5,14.705726024403848,0.0,2.8284271247461903,0,2.2282478278430764,0.3606812278304233,0.0,0.0241480024895533,0.0,36.57464782843206,0.0500982203114397,0.7267766952966369,0.1985659149518449,244.0,-0.0835983905325439,-0.6909284970414179,0.48
-0.1050189455064107,9.685714585616994,1,1.0,15.57930519688172,0.0,1.4142135623730951,0,1.2085584372735,0.5644754678724236,0.0,0.0079969148402436,0.0,58.0594468890345,0.0275941131423812,0.0,0.0281992912265412,124.0,-5.444444444442194e-06,0.0689974444444442,0.26
-2.720192333505154,23.7198558743247,1,0.2987700976077512,20.403773506541985,35.69532434349199,3.5355339059327378,0,7.491280430590235,0.2852838314120776,0.0,0.001743307554957,6.4208216229260096,97.84685747317432,0.0180488480669702,0.0,-0.2742138822588425,1416.0,-0.0051586193771624,-0.088003006920415,-3.08
-3.948708172690967,49.0025178468844,1,0.2146374373998997,14.702705294700287,48.53093654769288,15.243369463737231,1,9.35222559249,0.2581380874409132,0.0227777777777777,0.0120144805116542,31.54366002800146,166.5027041507284,0.0346826438812788,0.0877756425003909,1.1219616155279142,794.0,-0.0108095900000004,1.0796624899999987,-3.35
-2.785226935841852,44.20196362953421,1,0.1794562673883098,14.700407181434588,25.4965990362844,23.18862894814412,1,13.588065024722544,0.2314119557545199,0.036040044493882,0.0188198581925335,56.0919604206206,199.9288070154432,0.0371485429627798,0.3702262683849651,0.2663682950516712,1242.0,-0.3173014880781388,0.7470960700948003,-4.37
-1.4107776514077517,26.75,1,0.3956774646712411,14.651596414081263,6.06636706846161,7.358797096569131,0,3.24986056918375,0.4528195311147832,0.1055555555555554,0.0277513756918415,6.06636706846161,143.08431774202293,0.0484562695097646,0.3408625154501209,0.6058402734755676,448.0,0.4753279999999998,0.7482754999999994,-2.19
-6.462741224544595,66.38470055548584,0,0.1474862823549941,20.25578230409207,52.47012662939168,12.337054135576382,0,6.359201759341093,0.3218731698397812,0.0,0.0032229515874884,30.33183534230805,314.9706775319672,0.0170913913467699,0.0,1.6766417623256675,1594.0,0.0081984793388422,-0.0655878347107447,-6.57
-4.345056503644125,45.71917396620595,1,0.334105237493297,14.707051388658174,23.20187978046503,11.719916291766427,1,17.03251075386133,0.5024051678580502,0.0,0.0244536695818977,21.99631096641096,249.65466808310623,0.0210860603498762,0.3570794848494237,0.8799758889850596,2772.0,-0.9659638749999988,0.8881522760416654,-6.09
-3.5028087403255728,50.120804183253256,1,0.1758468231528026,20.27988990056699,31.859887795898697,5.875633848974738,0,7.703698972930665,0.40701901811629,0.0,0.0025580398728991,24.26546827384644,216.2207412269221,0.0163377210886545,0.0,-0.6738405700494252,2670.0,-4.5092818368175336e-17,-0.0045375,-4.07
-2.485399979011954,60.058325467503735,1,0.1525023123773133,14.701726121468791,0.0,17.34382074528505,1,7.229775875836874,0.303286722891221,0.1192480359147023,0.0705655233365909,12.13273413692322,178.11336049029188,0.1017679576335341,0.5785417814626087,1.4390476901615117,998.0,-1.4737834999999997,-0.6836462499999998,-3.083
-0.9520325196985004,26.28885915025297,1,0.2033550613829317,14.70177584603542,0.0,10.134853562976977,0,3.953009934871238,0.4183406281573956,0.0457875457875457,0.0353125249054367,0.0,105.007529677328,0.0626375840271146,0.2714621484891639,0.2111993529704448,584.0,-0.4110066938775509,0.7437294693877552,-2.523
-1.1457316550674257,17.762556474120785,1,0.6432110145510882,15.58950963690946,6.06636706846161,4.242640687119286,0,2.5203135132245453,0.3898293259352366,0.0,0.009547458279759,12.13273413692322,73.66291778630858,0.0404826631980737,0.0,0.3204994629141252,234.0,0.0131141818181823,-0.1168969917355362,0.76
-4.864611051438684,48.68239178347923,1,0.1826737278490544,14.701064487395165,23.733674027155736,19.965398814367347,1,10.62354614016879,0.313427704646824,0.0594922319060249,0.0264370855988828,36.39820241076966,277.6471681643705,0.0461104371731572,0.2765220024525071,1.801424063239622,1344.0,-0.5907846068144943,-0.3054751254732283,-4.571
-4.333720518981872,40.65477224890067,1,0.1668441167250018,13.302784660575853,12.152040213667764,17.132740504113293,1,8.031946973118323,0.3830422860934372,0.0,0.0252042261369723,13.847474399381248,296.31848811284334,0.0181492654624234,0.2984658116018733,0.9134249805132444,1128.0,1.1489625945945932,5.082402033601167,-6.124
-5.71292411407505,47.83586589861224,1,0.2545363380432089,14.69780413579528,35.866408164078955,18.689084622436845,1,10.053137654503583,0.2853369667301131,0.0222539682539681,0.0237702999502495,36.75265696523406,270.77225478550946,0.0352015645865413,0.3059315494500638,1.228840489793976,1244.0,-0.2298036120973043,0.8366623168967774,-5.839
-2.317110051660336,42.743297928611824,1,0.1190888394491853,14.701775804882727,0.0,20.948304336439083,0,9.797131429328942,0.3126817437942261,0.0983796296296294,0.0333790199894609,37.10711151969846,252.41424651151385,0.0618377327521834,0.3882139939941602,1.314838529529418,1212.0,-1.1720389678587606,0.2610273499320953,-3.685
-1.9254779017861117,20.14385474176344,1,0.510577290595356,14.701470029108224,13.847474399381248,5.76624404923356,0,4.769103566737997,0.2795745237229117,0.0,0.0180014571443265,12.84164324585202,83.64501944606624,0.0306008267226821,0.4082241903738859,0.1365452790871242,394.0,0.0132040831758037,0.7890453686200379,-1.75
-3.1868136527279023,52.53946286043463,1,0.1846442166863439,14.699769715846305,45.92300911926414,22.37444844263064,1,14.819262000343937,0.213787282808078,0.0177394636015325,0.0164250099349184,49.010109160257485,207.83075423039884,0.032644515934933,0.3216472118801081,0.544400529478482,1220.0,-0.0972795095857985,1.6805172317159762,-6.005
-3.721082694466638,45.48911119057932,1,0.2489611163215325,14.702710996260535,24.26546827384644,14.78494120276069,1,8.187762560059886,0.2758664901087937,0.0,0.0124325077109634,31.18920547353706,147.6153645549152,0.035592983068279,0.0938704563438924,0.5402694112875079,754.0,0.0345031836734689,0.2865948571428564,-4.749
-3.309310096595461,38.84226034124941,1,0.25,20.57139653927718,0.0,3.4641016151377544,0,1.523519999999999,0.3109175070825711,0.0,0.0088861600535651,63.719775591797394,268.71018490161043,0.0,0.0,-1.1579980663943523,4936.0,-0.1431865600000002,0.0536949600000002,-3.14
-2.207932278361068,21.217420313642563,1,0.1673931632528678,20.356074735695152,40.53659204461451,4.560477932315068,0,4.900848691438608,0.1959829226247291,0.0,0.0013704833351725,5.41499046939678,49.77450413137917,0.0199662790987297,0.0,0.0438107078694677,268.0,-0.0114769300567095,0.0221468884688099,-4.23
-3.7746997069315738,41.85881571739795,1,0.2666772728430476,14.70255866496602,25.34101324830616,18.610478733398647,1,12.244019994720706,0.2089540502408378,0.0194444444444444,0.0078048608819997,74.19048007519692,167.03897598326432,0.0293233655445484,0.1536502795850201,0.3647164224563467,912.0,-0.0882076955017322,0.2174843737024202,-5.66
-2.7155485879621826,38.230234166286486,1,0.2266321692117287,14.680691609375373,23.20187978046503,12.365563706277795,1,5.994077678613819,0.4618761064972193,0.0,0.0296685275203081,18.19910120538483,262.8954368702883,0.035559888901806,0.3461088072107054,0.7037882900530428,1198.0,-0.0673727851239679,1.334525677685949,-2.82
-1.3001199510676529,24.966417342562742,1,0.4399408055959816,14.706006012587322,12.13273413692322,6.432910715900227,0,3.95295240453694,0.343019975278146,0.057037037037037,0.0398159972640773,12.13273413692322,103.27095091623268,0.0646922367100688,0.404093186699854,0.7252572359194929,388.0,-0.2022169411764706,-0.4407857024221454,-1.96
-4.646163535629335,46.239765575987406,1,0.2677591741953536,14.651555659381255,23.20187978046503,16.050927526471597,1,7.58095472933214,0.4030036103604383,0.0564724440500837,0.0311718438414083,24.26546827384644,320.4088894595691,0.0397352386834582,0.3316442498025368,1.509498865953284,1408.0,0.1890035909631382,0.7366398049940526,-4.7
-6.389614764790549,50.53152845588146,0,0.1514078154216533,13.301651623494026,17.667306958694127,21.294500962192817,1,10.0843951919316,0.3997737510134395,0.0,0.0249320115162575,19.056471336613843,370.7990951119215,0.0187506707744947,0.2452774394472165,1.2538628001601615,1604.0,1.0800767306249992,4.476174463124999,-6.78
-7.274652131322883,75.70121150209421,0,0.0809106679255764,20.185378812862684,72.79640482153933,18.68748194683798,0,7.814588564709882,0.1841128694410982,0.0,0.0025047089747659,53.86224214464796,226.2649267063834,0.0304754909137246,0.0,2.154103557628042,804.0,0.0147712110726647,-0.0059084844290651,-9.018
-3.371932386945561,43.7709762989226,1,0.612197026048242,14.708164089889816,34.802819670697545,7.387306667270548,0,4.1290488268823085,0.4799048446968728,0.0620346320346318,0.0320521561536049,12.13273413692322,236.0354153064304,0.0356773141370224,0.1742477927988426,1.0434976431972776,1150.0,-0.3237369230769226,-0.3183437218934907,-2.64
-3.353825597522968,31.665679683029317,1,0.2875893562317589,14.70271097766866,23.36282483962363,11.49204798394724,1,10.207708891939197,0.379939049782136,0.0,0.0124794382224585,25.980208536304467,233.47546886697108,0.0243049929774442,0.1098811448607976,0.787635483572919,1130.0,0.1315337333333334,0.6078495733333336,-1.716
-2.114547813874047,23.974994992923836,1,0.5255507631712746,14.708164999866703,33.10993926815928,5.6568542494923815,0,5.603020215168073,0.2284067944444295,0.0485185185185185,0.008861295339087,12.338727669087405,75.48441148611279,0.030961627925638,0.19022439947177,0.1508704174924177,370.0,-0.0819124828532229,-0.1500401920438953,-2.11
-1.7384143688016214,17.701370144536504,1,0.6345337902467393,14.702720120841091,13.847474399381248,4.352030486860464,0,4.063287563332421,0.2748250104532309,0.0,0.0066760393997698,6.4208216229260096,66.41168560951034,0.0215927807543148,0.2440432800127439,-0.0200847569456625,292.0,-0.0024476454293624,0.1097784044321326,-0.83
-3.22987012662429,40.75644418093625,1,0.1215261661742286,20.23199406601928,48.55024262443742,9.778174593052023,0,4.830836567275199,0.2246568136113271,0.0,0.002872654005261,21.899351412323583,152.98513941851516,0.032834699765496,0.0,0.5764354852922944,440.0,0.0075891200000005,-0.0151782399999992,-3.96
-3.4558806815736425,40.4070948474709,1,0.1971103490275953,14.70234050933645,22.982664686345675,15.324399882920464,1,21.34821575876877,0.363147978626085,0.0,0.0145156234668766,49.91979876186634,262.2976375110202,0.0268715936513791,0.2605133118823357,1.4196340755064656,1754.0,-0.5819824999999997,1.1343853524999987,-4.432
-4.061784409951408,42.08427121384108,1,0.2326756863260978,14.701789825641004,19.420578929450517,17.955917603248793,1,10.938931936005908,0.2305508189861411,0.0,0.0081196854530171,49.010109160257485,158.38303374875403,0.021365494521083,0.2423483376001698,0.1307622387982988,900.0,0.0013394858223064,0.2365894669187139,-3.48
-3.790573749587873,34.785986860738824,1,0.1077636526639003,20.233492640424465,49.38830667892189,9.15194804090524,0,6.038545709094,0.2181042919855315,0.0,0.0025524813943151,22.7567215435526,132.5745216826293,0.0297236798108264,0.0,0.8350084265855439,444.0,0.0059289999999999,-1.3122836151069532e-19,-4.29
-2.2550646536066745,48.159241512305485,1,0.4549805327083115,20.569030722009337,43.46082768613121,2.449489742783178,0,4.0476541838792,0.8277293767706428,0.0,0.0084001794104597,0.0,215.26057660835488,0.0064664125698637,0.0,-0.3957351614954039,2776.0,-0.0925376400000001,-0.1774257599999998,-1.9
-2.5112415287716336,43.12754885079541,1,0.1639196777926772,14.650457272153869,0.0,11.877236524573606,1,3.745403929900952,0.4413862457281894,0.0,0.0332853031848787,6.923737199690624,271.8352207719453,0.0275940822751134,0.6407288489216969,0.6759230751085902,788.0,1.6698879999999978,1.9369324897959144,-3.22
-1.9268114647578496,25.75088926769368,1,0.5046537126523355,14.702719481694846,30.33183534230805,6.542300515641405,0,4.152046687831058,0.3092219987250089,0.0,0.0089228441155852,6.923737199690624,131.71414810770253,0.0301465207135009,0.1893101358479838,0.4445337958651161,360.0,-4.9870319907496594e-17,0.0598001522491349,-1.28
-2.447619907802891,40.94499192500061,1,0.1571836322724248,14.701763972329768,12.13273413692322,15.003720802243048,1,6.332953118665859,0.351759951189142,0.0301754385964911,0.027130682425342,18.55355575984923,220.9480439228545,0.0389424075777776,0.3752116212343352,0.589108334208391,832.0,-0.2323975838287751,1.319331995243757,-2.676
-0.2269311017819966,13.592517704186708,1,0.6202240011715852,14.70147206716923,0.0,2.8284271247461903,0,2.07777748377,0.4149153817759055,0.0,0.0377096787546138,6.923737199690624,76.35356677120835,0.0640949454447396,0.7069543648263006,0.1514060580645246,242.0,-0.0802062809917355,0.1620939504132234,0.15
-3.741022244430388,41.57505625429069,1,0.2349077506264645,15.581784569903965,0.0,12.049324850872727,1,8.446991395909729,0.2938930771240311,0.0,0.0142554064022705,39.29588868899501,143.10595515414826,0.0280629795822346,0.0,0.723099909993695,950.0,0.0094080000000003,1.9005120000000009,-4.411
-0.7932208242598805,22.30614971784178,1,0.5009215788655178,14.70816342992842,0.0,5.875633848974738,0,3.351347508502932,0.4000128986078656,0.1488636363636364,0.0390867602758043,24.26546827384644,106.14121099699211,0.0798673985006626,0.2184477009934715,0.5695163366584017,336.0,-0.3112501333333321,0.0181139911111109,-0.8
-3.61880722455085,35.51933401648575,1,0.1713422252943995,20.234918889545227,47.99914230100217,8.51379094493999,0,4.948848217409611,0.2956072966275083,0.0,0.0032765606681729,11.452591282926406,174.03787853547112,0.0272798614693942,0.0,1.0657842750455977,656.0,0.0003759290123458,-0.0022555740740738,-3.93
-1.6876242509628947,25.10381904512676,1,0.3369493365191495,20.28004448110138,18.19910120538483,5.059137268047012,0,5.787073483358308,0.3551795426534944,0.0547619047619047,0.005234275756068,12.13273413692322,130.9153772807405,0.0358116441250089,0.0,0.5489033406030115,478.0,-0.0209214615384609,-0.0126103964497036,-2.12
-1.7934726851397882,25.466612132397216,1,0.6627413666221135,14.708164342715934,23.733674027155736,5.835193734454857,0,3.824087564150769,0.4362537855285536,0.0646164021164021,0.0306726463362406,12.13273413692322,152.9391620379552,0.0523584643346768,0.2180712310044977,0.642451565024429,574.0,-0.2003886153846152,-0.0414056627218937,-1.06
-2.789194516556836,27.25612815191936,1,0.3872067374218101,14.70271288479218,11.600939890232516,8.10634399227556,0,5.170452185826946,0.4052827451790192,0.0473665223665222,0.0155903295688261,24.26546827384644,162.0075044341039,0.0339331640664722,0.1543445332833817,0.7290242758982076,698.0,-0.1092176842105263,0.4423233850415511,-2.843
-4.423648374665302,38.90148720736137,1,0.2188149090346452,13.302790205444746,17.667306958694127,15.321407857295364,1,7.576344716924829,0.4246321947805823,0.0333219954648524,0.0253211218486198,18.19910120538483,270.2459940140704,0.0298764904787049,0.0888230071323298,1.1879062185240097,1184.0,-0.2479470618311541,3.3407639702734837,-4.046
-5.31998617385594,59.7045826408458,0,0.1392026933245476,20.316067410137595,58.55579977459783,13.065589003935932,1,7.2010951084320025,0.3452199492189845,0.0,0.0067311870928423,12.338727669087405,310.83227449104385,0.0100254695230563,0.0,1.2204477635850912,2100.0,0.0491838842975201,0.2928429504132224,-5.64
-1.019050035895562,18.181630889014546,1,0.5828698539661892,14.701636811988305,0.0,4.949747468305834,0,2.5280884690701813,0.4321284572240839,0.0,0.0366265923654347,12.13273413692322,108.19905374260712,0.0597341116038062,0.5274108692095674,-0.050016293970009,312.0,-0.0990545454545456,-0.5491780495867762,-0.1
-4.011857651918642,40.78370945117334,1,0.3482643991817427,15.58950342920759,36.39820241076966,11.232828269945,1,5.376711133520606,0.2634215355330259,0.0,0.0057449632488342,18.19910120538483,155.1502818108695,0.0344438775151781,0.0,1.2062972345625522,526.0,0.0215970510396982,0.0265618903591693,-3.67
-5.396232275761336,52.44152468249253,1,0.1650704108727936,14.702193284262052,6.578935683598497,23.2582920331808,1,12.071299671954154,0.2476185921392301,0.0,0.0312310284768559,30.695942935144725,171.005323729063,0.0481341543869505,0.4103518646106323,1.994953697271573,1234.0,-0.1768542868127665,-1.5708690073048897,-4.42
-1.7522492943705288,21.81498609888591,1,0.5838106665723523,15.596100106129,18.19910120538483,5.835193734454857,0,3.962826158184,0.3066199320064434,0.09,0.0142038145193377,18.55355575984923,94.78495384919933,0.0499790384440944,0.0,0.5364211910007407,310.0,-0.0885458823529408,0.0480613702422145,-2.21
-3.062607502981193,40.89756995910888,1,0.2271252774188457,20.46450879722232,34.802819670697545,4.87656659757667,0,2.007853211742876,0.4329316468984661,0.0,0.0145676263805263,0.0,270.966182743477,0.0037300407706913,0.0,0.1523635057886246,1518.0,-0.1904231406250003,-0.3838456875000001,-2.6
-2.413769557103468,27.338320101731743,1,0.1274293804387267,20.272277045120813,44.179309741689295,6.542300515641405,0,5.175896322080572,0.2243071347541534,0.0,0.0024725309102451,11.48135753785839,98.32059145458004,0.0286219844523918,0.0,0.3493096830275365,336.0,2.3869647924890103e-16,0.0009680000000001,-3.27
-0.3986061027898508,14.100285995323071,1,0.7487281778010215,14.708165608989596,6.923737199690624,3.0472067242285474,0,2.8968984481633338,0.2966396176163633,0.0922222222222222,0.0144585196786837,13.344558822616634,62.51186096524091,0.0387444108205797,0.3313052529585142,0.0857689689712835,218.0,-0.1033501511111099,0.0036527111111114,0.47
-2.595715725826868,36.04531738028851,1,0.1904122233172235,20.280363908815943,18.19910120538483,5.059137268047012,0,18.42577229747625,0.3696025301680662,0.0,0.0031620063374487,34.723604763991275,168.57267988449698,0.0236159738582933,0.0,0.9692034215268436,3030.0,1.1118481135774515e-16,-0.0226934999999998,-3.01
-1.833000523204194,22.90045487764427,1,0.4700107956371059,13.30412444341224,18.19910120538483,5.059137268047012,0,3.1404679216429168,0.3696025301680662,0.0,0.0075331709270234,12.13273413692322,128.88112057048752,0.0319800646917341,0.0,0.5129923445800888,302.0,-2.372563935438954e-16,-0.0097606666666669,-1.8
-5.391961277265739,60.67563406393376,0,0.1313913606825776,20.310595275796583,58.55579977459783,15.106029118455814,1,8.663619682240618,0.3247004538871336,0.0,0.005776493354528,30.09244580757158,315.9316717964817,0.011148256303728,0.0,0.7372245862653626,2174.0,0.0438113786982246,0.4312618047337274,-6.307
-2.194275933920694,27.8363992259387,1,0.5254604398533248,14.708163002700084,6.06636706846161,8.51379094493999,0,4.146671922742944,0.3580911800209697,0.042171717171717,0.0260457780328604,24.26546827384644,122.79537182471398,0.0566904655028268,0.1614855095383929,0.8667385115252955,444.0,-0.1605361358024689,-0.0868783827160492,-2.54
-2.194275933920694,27.8363992259387,1,0.5156549312826114,14.708162868423123,18.19910120538483,8.51379094493999,0,4.146671922742944,0.3580911800209697,0.0421717171717171,0.0264938641106634,12.13273413692322,123.05801511607962,0.0561806551938131,0.1614855095383929,0.943369947744555,444.0,-0.1605361358024694,-0.0868783827160496,-2.42
-2.8218855174037865,33.34470003782063,1,0.1230480534620322,20.23541270609348,48.53093654769288,7.737734478532144,0,4.472996821551111,0.2376723944664291,0.0,0.003281031441247,10.772448428929591,135.26758930055868,0.0342168950642649,0.0,0.7964228552551758,368.0,0.0046846419753091,-0.0281078518518512,-3.6
-0.5786733952133488,26.490360470993423,1,0.4693987521613316,14.70720071016737,0.0,5.875633848974738,0,3.249409532053713,0.3805307530778357,0.1183333333333334,0.0523683197254577,24.26546827384644,121.05471735108377,0.0840948938524806,0.4368954019869431,0.5984703405811216,350.0,-0.3953691428571421,-0.0521000816326533,-0.17
-3.932148798485613,46.64333638093147,1,0.2584072119925031,14.70248322419265,41.668621220242784,16.36091522321331,1,10.72507998656017,0.3243111951064777,0.0,0.0198831815220621,24.26546827384644,225.0507955410432,0.0415236530799862,0.1809567661825311,0.7585681922114251,1072.0,-0.0530144138775511,0.5823140979591831,-4.873
-3.3781909819608176,31.691901878037385,1,0.232812694652776,14.69712842957489,29.800041095617345,12.41494233899104,1,7.817319673005867,0.3320785875719662,0.0,0.0112067557678755,25.47729295953985,173.01764263390248,0.0290215185100036,0.2357309431640568,0.6252498736339612,912.0,0.3572308100000005,0.0919415500000009,-2.338
-0.9623294446868336,19.44134357365111,1,0.3698636265868669,14.702710534920676,0.0,6.542300515641405,0,3.145995433989732,0.4365587466450685,0.1043771043771043,0.0280694946102321,12.13273413692322,114.91896270985136,0.0568809530030521,0.1893101358479838,0.4530918998624778,384.0,-0.2168319999999998,0.2124164444444443,0.61
-1.800219464761479,23.74937501201927,1,0.1504913719379578,20.360061074929146,39.53076089108529,5.875633848974738,0,5.367596185861333,0.2002842627197176,0.0,0.0013659021056797,11.835812092322788,42.92371808576932,0.0221695135690023,0.0,-0.0568760667886626,304.0,7.312575329216426e-16,-0.0158106666666659,-4.47
0.0973540501992399,15.152505992130186,1,0.4325951344646497,14.701461862967246,0.0,3.7543135054150953,0,2.182874859666,0.4510762136412372,0.1805555555555555,0.0463490891827935,6.923737199690624,87.52218922500276,0.0670728759198769,0.5900647106914779,0.185252172196346,292.0,-0.3108873609467452,1.240421704142012,0.85
-4.178778802271463,42.25656388377263,1,0.2666058013606953,14.701789860602128,19.420578929450517,17.179861136840945,1,11.20753866433093,0.2150555425583725,0.0,0.0057136208362136,67.76965845227089,145.2209591535132,0.0218673671781529,0.1686822762621526,-0.1013675544877824,838.0,0.0065015989135363,0.1701318098687192,-3.69
-1.4763438020044926,28.228769597360557,1,0.4919598340872433,14.708164707005263,27.19203322199788,8.134853562976977,0,6.747894052476771,0.2208765715814557,0.039141414141414,0.0077002939179331,30.5953613843362,74.32951187916481,0.027882833318192,0.159904825553121,-0.0091822726641793,444.0,-0.0762134193548383,0.0092507055150886,-2.53
-6.446629430587615,68.57368122728357,0,0.0817349545242954,20.194888958464784,66.73003775307771,16.687481946837977,0,7.5481821363675,0.190886800584993,0.0,0.0026696592812216,49.15616078417998,216.03599443828315,0.0310948196031054,0.0,1.8807754001709387,732.0,0.0133402499999999,-0.0133402499999999,-8.699
-2.3674853522069084,32.522655268766044,1,0.1740515881565774,14.701780231974242,20.771211599071872,10.261615264861623,1,5.698408700228712,0.3418776106000334,0.0776785714285712,0.0245872876461307,12.338727669087405,157.36316485797042,0.0363777912204301,0.3768571053921281,-0.0155953457098104,628.0,-0.2316800000000001,2.054259020408162,-2.148
-1.7185055235896185,28.527471129656323,1,0.2513645967625564,14.70269244201864,32.533096548462986,10.41210050350941,1,8.555359967943,0.3662763300651011,0.0735119047619046,0.0177292797964946,6.255769183511404,160.157341120215,0.0366280426526672,0.1258247684142745,0.5771192543721955,818.0,0.1852545357142859,0.8238510255102034,-2.253
-3.000686676979263,43.0260171887638,1,0.2088679783749872,14.70178946259331,19.420578929450517,20.036797832288556,1,12.718702316304544,0.221808155841557,0.038716049382716,0.0125843993524807,73.18464892166767,172.1353865632921,0.0379986917234323,0.2808147831552218,0.1227315942202849,1042.0,-0.2460739596694262,-0.1220738829752068,-3.24
-3.950038807367465,30.196426248719643,1,0.197429759857806,14.70270936688416,0.0,16.199154765133787,1,7.448971586756469,0.3067946024749677,0.0246825396825396,0.0171696726112256,43.52793314262447,140.54180787925404,0.0408002866638733,0.0896285925011651,0.4281143743328187,814.0,-0.111232,0.6591239999999998,-3.19
-2.0957770847062163,23.539629979287703,1,0.6582559351626825,14.708164159809456,6.06636706846161,6.651690315382584,0,4.56442863770579,0.2910563814844882,0.0485185185185185,0.0203055366738292,37.10711151969846,110.41521579631254,0.0495306980166646,0.1942420145035193,0.5422667157471043,362.0,-0.1096290526315784,0.1089383047091411,-1.38
-2.256759969802085,105.58221387410867,0,0.0843334621243091,14.70032122666202,13.847474399381248,43.82069442917809,0,25.91222077605205,0.1974834206308073,0.0495396526469975,0.0204238963549738,113.2183253895176,263.5817957107287,0.0483971756357964,0.4619583923564577,1.2244611162633314,2372.0,-0.8771286308531946,1.1035428187302654,-5.293
-2.797529767186576,43.354752069865846,1,0.1581059369180031,13.304119510481229,25.4965990362844,22.39397775972601,1,13.254889343498034,0.2462627630839889,0.0558097432521395,0.0175658779360003,56.594875997385216,208.21208408985743,0.0420532314321024,0.3127814066167857,0.754026312948783,1222.0,-0.4813319963065555,-0.1067653998153283,-3.59
-2.97083094024062,39.99700302403298,1,0.5186307032198008,14.70816354524918,42.46456947923127,9.968444621832964,1,5.651948326537827,0.2672297156616445,0.0327838827838826,0.0181490790835775,23.25963712031721,170.88866985499607,0.0501986611922963,0.1354778513126967,0.9585031852888536,506.0,-0.1141266843100178,-0.0025638412098292,-3.48
-5.354963534134187,51.26808825981832,1,0.08840797861393,20.230520212478137,54.59730361615449,13.980375165651427,1,7.079674279627446,0.2014106951529818,0.0,0.0026792516234234,45.51344308710519,187.1209526457781,0.0319081621891527,0.0,1.3044449940520746,624.0,0.012182297265161,-0.0121540975029718,-8.04
-4.171516882844422,42.6011222641914,1,0.2079918117455814,13.302792170169578,6.06636706846161,14.614301076108816,1,8.822575522114139,0.4108967565848113,0.0,0.0198135184631419,18.19910120538483,312.2020295369748,0.0187954211139141,0.0933210176928986,1.2027816303621546,1376.0,-0.1254389155766964,3.441347317479189,-4.047
-1.9904893674421145,36.62628112818964,1,0.2697736424996542,14.702706163708108,32.10410811463005,10.187224221315322,1,7.439648190819222,0.2576657657483404,0.034126984126984,0.0126154089062092,12.84164324585202,61.84475630212321,0.0328136267654147,0.1242806110973676,0.0733201299840163,580.0,0.0098560000000002,0.8689399999999998,-2.218
-2.996931336578293,38.64957370452255,1,0.2903266407319401,14.70743143527432,32.15293639518503,10.535169427003233,1,22.848799278984306,0.3148252292617518,0.0,0.0094433750080345,25.654330488019895,181.4335981631272,0.0207619079063466,0.2574632672631629,0.6796417274241755,1466.0,-0.4741711604938275,1.5718802716049356,-4.755
-0.0969757568056431,9.191610758731786,1,0.5155797340483734,20.25090268029124,0.0,1.4142135623730951,0,1.7252987740268566,0.3509453429964405,0.0,0.0065691880872315,6.923737199690624,97.23391504734536,0.0282453362474657,0.0,0.0027379657996308,112.0,-0.0077439999999999,-0.00242,-0.41
-1.6926670385751992,23.14733817698748,1,0.5734909673348976,14.708165185352756,26.689117645233267,5.059137268047012,0,4.928582617861332,0.2398021753972368,0.0550925925925925,0.0095986398223229,12.84164324585202,70.46824278717705,0.0317330927986869,0.2146165511631642,0.0649057733323227,332.0,-0.0851666944444438,-0.0046008055555552,-1.47
-1.7992379289184517,35.75,1,0.25,14.650457207764358,0.0,8.841960344163525,0,3.0399645125469994,0.4764097655573916,0.0,0.0275853360563016,0.0,184.7386509798282,0.0300089251329034,0.5689316955500491,0.6409040428204589,574.0,1.1889919999999996,1.1706859999999994,-3.39
-2.523771604779748,29.728446880829345,1,0.2931172171121346,14.702706371830184,11.600939890232516,9.589507239869953,1,6.188864785058625,0.3767390608683292,0.0409471480900051,0.0185036970664665,24.26546827384644,160.38123588979715,0.0352407854855803,0.1337276427251216,0.6421214950937914,786.0,-0.1316373333333329,0.6386280677083334,-2.89
-2.3375655242168603,24.671174904043625,1,0.3817851994265019,14.706005906944648,12.142387175295491,8.55423105945987,1,5.678255690427333,0.288990632009699,0.0405982905982905,0.0291968041399974,24.117007251546227,128.79102741196266,0.0562846211089077,0.3043540456930501,0.7595706711744838,500.0,-0.1374106666666668,-0.2981231111111113,-1.56
-0.9271230879570366,19.76173847296373,1,0.3987946272658564,15.444203333587824,0.0,4.242640687119286,0,2.0203334996376,0.4581460078048338,0.0,0.0081834578082172,12.13273413692322,91.9755575784143,0.0394376926369419,0.0,0.292169206888567,246.0,0.1756160000000002,-0.1677759999999996,1.1
-2.26738641432336,25.318653351948747,1,0.4535685115945463,20.43560142633513,0.0,2.8284271247461903,0,4.2867074750427285,0.4149153817759055,0.0,0.0039222325565856,6.4208216229260096,112.3323159285098,0.0199983386005086,0.0,0.2567651813634673,692.0,-0.0023566611570248,-0.4132659173553718,-1.62
-3.6801515754727774,37.51160530768473,1,0.1915298597265749,14.70270925101866,0.0,15.38265818420606,1,7.916546411102221,0.2982739439176697,0.0,0.015568793592255,38.112942673227685,119.87797335071043,0.0404649343534976,0.089754902799309,0.5927468131790863,816.0,-0.017535382716049,0.5526462839506178,-2.86
-2.965548913873437,32.504978507687106,1,0.3387444716728611,14.70251115518646,18.19910120538483,12.158714650613907,1,9.55543269712386,0.3389813414121665,0.0316176470588234,0.0214069950658898,19.056471336613843,157.48502497544976,0.0406363759735218,0.2355838760607783,0.5490807129218834,878.0,-0.1015913174791909,0.1267984363852564,-3.14
-2.114547813874047,26.63963891406243,1,0.5324704505000045,14.708164975953052,32.60702369139466,5.875633848974738,0,5.603020215168073,0.2284067944444295,0.0485185185185185,0.0086730897516746,13.344558822616634,77.63981838273529,0.0318462149078169,0.1876540777058854,0.1045745948271977,370.0,-0.0819124828532229,-0.0102081920438953,-2.09
-0.8546910494239752,16.47051112264961,1,0.9083136504028676,14.702568527742905,0.0,3.5355339059327378,0,2.1321786987755558,0.4391735523809267,0.0,0.0301313881152909,12.13273413692322,66.41798649393107,0.058934732541937,0.3875,-0.0036870117166304,212.0,-0.0294595555555554,-0.3438463209876539,-0.82
-2.277339294370529,19.235135455005175,1,0.5812346793945451,15.589508375651915,0.0,5.875633848974738,0,3.962826158184,0.3066199320064434,0.0,0.0057848468925125,31.54366002800146,84.99947041266742,0.0288063452866501,0.0,0.361883587775535,310.0,0.0247190588235295,0.0534924013840831,0.38
-0.4615851925521903,58.65357199247685,0,0.1079939764911984,14.701750192686514,0.0,15.48224587579502,0,4.42875206791846,0.4148683683592504,0.1815384615384614,0.0715853715951102,0.0,265.76419350968075,0.0705579470731667,0.704364201321971,0.1551582127046224,1002.0,-2.146761254437868,1.087796497041422,-1.99
0.2183327446830441,12.4669171866887,1,0.6478410010204406,14.701400104113118,0.0,2.121320343559643,0,1.4014172176979998,0.5,0.0,0.0520849303250326,0.0,67.53210046029118,0.0845722463596939,0.8589150429449552,0.0789219962763679,204.0,-0.1586999999999999,-0.2778479999999997,0.58
-2.5524986516230177,45.24861643353948,1,0.1877261987748615,14.70178942596339,12.496841729759891,20.58498599087721,1,12.471228335001337,0.2326836389366616,0.039102564102564,0.0149468588482284,67.7696584522709,170.03762469618968,0.0417543207942795,0.3378308426054403,-0.020780698380316,1104.0,-0.2872780740740755,-0.2917255308641954,-3.85
-6.6887972457926645,59.5879106899841,0,0.077538828722553,20.202663259282684,60.6636706846161,16.158714650613906,0,8.945993643102222,0.1917002779656824,0.0,0.0023206193714848,57.29172266956402,196.71205310963188,0.0280904368729852,0.0,1.5535395735361115,736.0,0.0140539259259268,0.0509454814814825,-7.01
-4.582358433809272,52.2414552117028,1,0.1532732653356348,13.304118233417087,38.84115785890103,26.58708962398857,0,16.419490778338616,0.2290041109621078,0.0315592903828197,0.0170271007077094,57.097791574149824,209.1456262918062,0.0361222115848756,0.3177472298959234,0.301257777634267,1474.0,-0.3175837714739148,0.8630865748859358,-4.71
-5.0295062442563605,55.96612062962673,1,0.175164375210666,14.700473232811785,74.00822950723274,20.568557154137714,1,11.275061124577672,0.2717883404932301,0.019400352733686,0.0208065130914639,17.54772460632,268.83982869591154,0.036791709257384,0.2720348257079433,0.8345852349401812,1132.0,-0.1307257775926704,2.287909132861306,-4.678
-1.863548322884806,35.61101199582249,1,0.1776717571599812,14.701542393753574,11.600939890232516,12.3176332732118,1,14.821453848063728,0.3486916159254685,0.0,0.0231749701913029,19.92349450621513,175.2244649637206,0.0316509701826055,0.5083905536649291,0.3387785817138244,1262.0,-1.0462959006574135,3.4671108224981766,0.523
-3.118682621739116,44.61596918426091,1,0.1634596519081353,13.30411963505922,19.420578929450517,21.63909073561692,1,12.88100891640655,0.2474759578398923,0.0583245149911815,0.0175592343567382,50.518855890551336,182.2536713481624,0.0397318377624266,0.3245499238684903,0.2960908164544776,1186.0,-0.4824066122448978,-0.0986515918367352,-3.43
-3.367744600946788,41.586064640437904,1,0.1874482905075485,13.304120174394182,25.496599036284397,21.8174302205794,1,13.185057009406552,0.2405291350868272,0.0382655233229946,0.0139207006858611,63.51861319707584,196.8124193744624,0.0315609912304946,0.2597698983605725,0.4289977043691461,1158.0,-0.293115249999999,0.2422339999999988,-4.099
-2.488347813874048,28.201561661513583,1,0.5222097709947134,14.708165009591845,39.02784531432067,5.6568542494923815,0,5.603020215168073,0.2284067944444295,0.0485185185185185,0.0088619891972052,6.4208216229260096,63.98568974864726,0.0368703505792843,0.1894987510509475,0.0296501113988584,370.0,-0.0819124828532229,-0.1737561920438952,-2.39
-2.1856503504699782,33.345784882340084,1,0.3340767502280997,14.707071056973716,18.305461995803785,7.937093215649916,1,20.39209397084518,0.370098261242709,0.0,0.01254187065292,17.559709695385436,162.1767944885588,0.0260241541138434,0.308211415537733,0.9177630045273668,1352.0,-0.5117251659807945,0.9084439684499316,-3.091
-2.2123390075492986,36.56511003967957,1,0.2484039919742192,14.70145956835446,18.19910120538483,13.751267697949476,1,7.21330864391606,0.3183915013716447,0.0,0.0199693734002122,19.056471336613843,136.3865872389721,0.0371937252395249,0.2084866611075911,0.6938780764368323,758.0,0.1202826042240584,1.6996643820018358,-2.09
-4.0311382803369264,43.7576852015354,1,0.1458481469341037,14.701063295007184,29.800041095617345,18.9258914484494,1,12.4382043801504,0.3540415590337034,0.0650573192239858,0.0160928274371316,43.17347858816007,283.9855545484753,0.0369025595316612,0.2152401683508139,0.8017774359176518,1476.0,0.2683063199999995,1.6165515199999994,-3.586
-1.7571755127932636,28.1875,1,0.2990511406684839,14.700690825046545,13.847474399381248,11.321558047438833,1,6.907104188265468,0.2981531024473155,0.0,0.0203530021966071,5.41499046939678,106.99441692257672,0.0331824769645894,0.3661549523401451,0.3750680547024688,654.0,-0.0312317500000001,1.5189881640624996,-0.85
-1.6752070385751994,20.70372879928315,1,0.5731571451697945,14.708165145905149,27.19203322199788,5.267584713501615,0,4.928582617861332,0.2398021753972368,0.0550925925925925,0.0097394054041237,11.83581209232279,66.0061438543692,0.0368761896851874,0.210683706416189,0.1042565719327915,332.0,-0.0851666944444438,-0.0970008055555552,-1.52
-6.243206422190781,56.54164248190455,0,0.1223139752162714,20.26511858546602,47.46734805431147,13.751267697949478,0,8.823457745457857,0.2977854365848634,0.0,0.0041494866848033,35.392371257240434,336.682106366836,0.018641077637395,0.0,1.6302621346652788,1670.0,0.0024150204081622,0.2310745510204077,-7.2
-3.202429163540544,35.33533099992564,1,0.2714252770536675,14.702489888653108,32.372151489304386,15.402288086335126,1,8.830047196879999,0.333442638721064,0.0,0.0179347919717623,24.26546827384644,228.061105265761,0.0339630216247619,0.190830556722706,0.7728062836224704,1084.0,0.0953958402777777,0.3340091041666666,-3.61
-3.1723406314438565,31.027401934040167,1,0.426915117607808,14.701396976326896,39.02784531432067,7.8875643927932035,1,6.7838929463675,0.2396384822086195,0.0,0.0135117265641427,6.4208216229260096,76.49267000423433,0.0351154329702975,0.297236373271365,0.1383524559065209,508.0,0.0343057499999997,0.6898524999999998,-3.38
-1.9054168773097655,25.71838335229898,1,0.3541149051999236,14.701467693381508,0.0,8.663620859201048,1,5.1637337424377385,0.3408131113968053,0.0801587301587301,0.0280438573830212,31.18920547353706,129.66385231326578,0.055763168258986,0.3067725842853143,0.7070689557644899,512.0,-0.1826918260869559,0.6094271833648399,-2.616
-3.1723406314438565,29.34186086912346,1,0.4343648330071429,14.701469229064266,32.60702369139466,7.8875643927932035,1,6.7838929463675,0.2396384822086195,0.0,0.0133206187328416,13.344558822616634,77.17786856945376,0.0290370010460204,0.3046998308697737,0.1878871447825051,508.0,0.0343057499999997,0.8296844999999997,-3.39
-3.3074823233394204,38.09152680090604,1,0.1568660393947751,14.701780231974263,37.255572541998674,12.87126279012546,1,6.397963376455035,0.3413328137153022,0.061300309597523,0.0249615311301886,11.984273114623004,201.66312864791996,0.0427417751032861,0.3117972488947885,0.4655060160475168,734.0,-0.2437477479191435,1.8341208561236615,-2.322
-3.924463749587873,34.75488750216346,1,0.1132150329821852,20.229858052730677,41.96165390246666,9.330287525867714,0,6.038545709094,0.2181042919855315,0.0,0.0023165058662489,30.18337432000784,133.8029384908076,0.027261309772384,0.0,0.7527562366854285,444.0,0.0059289999999999,0.0355739999999999,-4.29
-4.66619774044247,38.915543558574775,1,0.1963505876943024,14.70610620158721,42.61280567154328,17.08729267662098,1,10.380432111423746,0.3361244895776609,0.0,0.0143553174545351,18.55355575984923,232.62448319685183,0.0352344344327562,0.1878375020735276,1.1957218405297587,1410.0,0.0209380565417496,0.0837482945430671,-3.493
-1.4319984103087244,17.737949406953987,1,0.3281036344542647,20.246448336289767,13.847474399381248,3.5355339059327378,0,3.7740910681837496,0.2386085007312412,0.0,0.0023300161370281,0.0,63.759557024486185,0.0226645343411598,0.0,0.0358739744243907,226.0,-0.0092640624999999,-0.0140813749999999,-1.99
-2.421504214978162,40.83747231904299,1,0.1711209268783524,14.701780231974231,25.68328649170404,11.518658784571013,1,6.08811915842379,0.3379033356379087,0.0713725490196077,0.0237515480756402,12.84164324585202,159.85460540354185,0.0421480812196602,0.3539437454426537,0.015089577744074,664.0,-0.2259005945303209,1.9704145255648016,-3.168
-2.456536625930476,26.26911395872904,1,0.6059495626562461,14.708163847012145,6.06636706846161,8.55423105945987,0,5.588022842437738,0.2672297156616445,0.039141414141414,0.0169812169556636,48.94292361202125,103.55748874834222,0.0487404429226233,0.1607819507547368,0.4732985469344493,436.0,-0.1010521134215489,0.0457956446124766,-1.99
-6.504624227887643,80.78972500528847,0,0.140805227003334,20.318083190302968,46.40375956093006,14.617701936751622,0,7.962651561820501,0.3390616976896285,0.0,0.0068975717086372,12.338727669087405,386.7657488692119,0.0050513525740226,0.0,1.2138679002823491,2678.0,0.0836404999999992,-0.1239785000000014,-6.86
-1.503585402288426,17.936322181636243,1,0.5437421240558254,14.70147029839418,13.847474399381248,5.059137268047012,0,4.0971189448752,0.2997416467365091,0.0,0.0204479655193163,6.4208216229260096,86.20336436157112,0.0307898707993293,0.4555693663519418,0.1595653406701648,356.0,0.0014502400000002,0.7596302400000001,-0.82
-4.509918280336927,41.85005423243351,1,0.1827663945364909,14.701063148941518,29.800041095617345,18.95440101915082,1,12.4382043801504,0.3540415590337034,0.0650573192239858,0.0176280238438574,37.61002709646307,282.3156689970561,0.0337700864228577,0.2160204062332093,1.498100466682208,1476.0,0.0676023199999994,1.8459891199999996,-3.78
-3.055349557103468,27.57483227619536,1,0.1280509263610378,20.261335275209177,34.88945568047582,6.692130429902464,0,5.175896322080572,0.2243071347541534,0.0,0.0019446244960887,20.771211599071872,100.87191867156577,0.0236604180997205,0.0,0.4602063995131114,336.0,2.3869647924890103e-16,0.045012,-3.4
-7.957817988947085,86.84286953496533,0,0.1406441050640888,20.25487874048552,69.60563934139509,13.889167068392071,0,5.545029812233093,0.3218731698397812,0.0,0.0034966651928877,24.26546827384644,393.9988111852128,0.0099999791764966,0.0,1.91610537239589,2170.0,0.0291788512396698,-0.2334308099173548,-8.71
-4.942565986107159,47.95997422324707,1,0.1433101589846139,20.256781914848915,47.46734805431147,10.784941202760692,1,6.340720824685819,0.2964905527401483,0.0,0.0031332228091955,35.392371257240434,257.55354253529424,0.0218079212617331,0.0,1.1946305908638712,1018.0,0.0001055289256197,-0.0008442314049587,-6.56
-1.1820349442332263,25.853911462169474,1,0.39770883991128,14.702711337568395,18.19910120538483,6.542300515641405,0,3.6495941638429374,0.3858911107998991,0.0962962962962962,0.0222646258706795,12.13273413692322,131.65425406165755,0.0552675682602645,0.1893101358479838,0.4622978757298434,372.0,-0.1535519999999998,0.4280848749999998,-0.96
-1.8338240435363804,43.70162425769907,1,0.1412408533686208,13.30411897536024,18.572861836593773,22.393977759726,1,12.640641367415345,0.2573926765840492,0.0755102040816324,0.0219598195709922,50.67696995122381,211.2085366377775,0.0456574045619463,0.3761594106372851,0.5062891839610658,1248.0,-0.7209060601652904,-0.4062015431404912,-3.68
-2.5694957021093607,25.94856356261277,1,0.143851624396445,20.26868148749472,24.26546827384644,7.030627697345596,0,4.767272928232104,0.2349383036113225,0.0,0.0022742561192274,30.38936785217202,91.49342880912744,0.030068080725479,0.0,0.4246044526981125,334.0,0.0065695290858728,-0.0168836897506922,-3.04
-2.0811365029859434,48.07185530905899,1,0.1762144969520594,14.702248329963837,6.06636706846161,16.608204393397084,1,7.5842654072105455,0.2963525079249903,0.0990476190476188,0.0571455014247873,17.696185628620217,186.7173155119108,0.0908051222045001,0.5209935976409206,1.746347558868151,936.0,-1.0307990743801652,-0.5490879008264457,-3.62
-1.3141805002407092,19.03258334775646,1,0.198887756931408,20.38944448653505,32.60702369139466,4.352030486860464,0,4.025697139396,0.2202187890038466,0.0,0.0013840250515801,5.917906046161393,44.03401789316126,0.0216435988393962,0.0,-0.0181239708911811,228.0,5.456421209921244e-16,-0.0237159999999994,-3.3
-2.988497962340014,36.52805938641671,1,0.3069572187284488,14.707431744819663,18.305461995803785,9.35130677802301,1,22.056797917994967,0.3303967423726767,0.0,0.0102879332614406,31.407184094766688,179.4030044319143,0.0217339026745446,0.2759492444310974,0.591411470377176,1428.0,-0.4842910247933891,1.3382426198347066,-4.23
0.0466284270463995,12.82635907355326,1,0.833835955215961,14.708165716809814,0.0,2.449489742783178,0,2.2133918582640004,0.3315855815233052,0.1183333333333334,0.0176816227202928,13.847474399381248,58.35048865389824,0.0431850986255832,0.4055021169820365,0.0703284819247563,180.0,-0.1160449999999992,-0.0016129999999998,0.43
-2.3323446970415698,31.484818924578448,1,0.1796287469164127,14.701780231974274,13.847474399381248,9.397338441011366,1,5.023691369777759,0.3645415835808113,0.0851282051282049,0.0273423080739115,12.84164324585202,155.31376458951462,0.0408197316489315,0.4055635036967221,0.2957246287695345,590.0,-0.2650009599999999,1.9745863680000009,-2.4
-2.2668428941944314,29.29811395452504,1,0.2404773450383208,14.69678593411931,11.600939890232516,10.187224221315322,1,6.303646124109839,0.3920305028100787,0.0410430839002267,0.0190008731533324,24.26546827384644,175.4739381480433,0.0410533945155634,0.2564260430330424,0.8388173887402156,850.0,0.1491159999999995,0.167642415999999,-2.57
-1.32901139470886,22.886960238754725,1,0.4399992749239393,14.70608618651314,0.0,5.059137268047012,0,4.276936093049455,0.2782127046172332,0.0,0.0140394318030834,20.771211599071872,68.5145615371421,0.0284533261977719,0.4758036883189415,0.1017271805333025,358.0,0.0278266115702492,0.3238567603305819,-0.43
-3.064718546210376,27.8165430686165,1,0.286356733707183,14.702706217969023,17.667306958694127,10.3655637062778,1,6.917113244685851,0.3509602468742832,0.0373922902494331,0.0164488350205843,24.61992282831084,153.4728620909652,0.0334372404401789,0.124182769704088,0.6462651103679183,824.0,-0.1042346666666661,0.7670556666666668,-3.483
-3.371932386945561,43.7709762989226,1,0.6299407074423674,14.708164103032084,34.802819670697545,7.387306667270548,0,4.1290488268823085,0.4799048446968728,0.0620346320346318,0.0316384943570373,12.13273413692322,232.62698196753448,0.0348435886792589,0.1746047421217215,1.0959610971841325,1150.0,-0.3237369230769234,-0.3183437218934918,-2.67
-2.3766293790726096,20.299202075737345,1,0.25,20.55402935148893,46.40375956093006,3.4641016151377544,0,0.2080800000000001,0.3109175070825711,0.0,0.0176471578742255,0.0,243.96469167344108,0.0,0.0,-0.589193069170893,1192.0,-0.3401222399999999,0.1275458399999998,-2.31
-7.212896087369261,76.64336371180667,0,0.1143830362914699,20.255347769986603,88.33653479347062,12.991790258424585,0,6.0561973960075015,0.3248341470173868,0.0,0.0045429147189954,5.563451491696996,319.57413092671504,0.0186588499528604,0.0,1.845110236022563,1882.0,0.0170777376033061,-0.1366219008264458,-7.92
-2.3439242259185447,22.92976312449921,1,0.4822959614899365,14.701469774179396,19.765380445542643,6.473350830420108,0,5.440849319686154,0.2635713530845122,0.0,0.0160667147893341,13.344558822616634,80.81126157459666,0.0313508529612558,0.3650873698709265,0.1768750050024115,432.0,0.0220089940828411,0.8084290414201186,-2.35
0.3208631537765057,12.059148616800233,1,0.5729703730187962,14.702711810652628,0.0,2.449489742783178,0,1.48216011522,0.5229596049593027,0.2305555555555555,0.0347399197546537,0.0,65.06108665831464,0.0596013544292204,0.4055021169820365,0.0723103920980169,190.0,-0.2005630123456788,0.5062925925925922,1.58
-3.442875597615839,30.59041086255795,1,0.2369283466194409,14.702508321339176,6.06636706846161,15.08460103128281,1,7.069940124553218,0.3239776703324742,0.0517961570593148,0.0257529274955011,30.68628989677245,152.17552960525626,0.0530678020185615,0.2035140548993463,0.6457391064220771,792.0,-0.2492831796875,0.5473724687499997,-3.043
-2.5901974821511518,33.63247034911945,1,0.6956083037558123,14.708164236172449,23.20187978046503,6.651690315382584,0,4.152706305120308,0.4697142679211166,0.0637566137566136,0.0302719755519216,18.19910120538483,199.94672638461967,0.0426404821163525,0.1942420145035193,0.7611087140574452,862.0,-0.2620627692307696,-0.1475798816568055,-1.25
-3.2719069788330213,42.5633490247921,1,0.1696304907027832,15.58370162542735,30.33183534230805,15.015651346061514,1,5.819668835781366,0.3157596084832742,0.1313684210526313,0.0318384648632763,0.0,176.10410254881106,0.0779391151912708,0.0,1.4789356936675455,786.0,-0.6246698577777777,1.077686617777777,-2.404
-4.228455513393736,47.86111423279917,1,0.3176710670979745,14.707200776503054,38.112942673227685,14.946701660840215,1,9.75418109649,0.231964388617086,0.0433333333333332,0.019499606605797,59.38022356323098,152.10525650404543,0.0581631491481699,0.1760704427611097,0.968764541062626,796.0,-0.2212798400000009,0.1388140799999997,-4.07
-5.331264045721824,62.61162673828996,1,0.1921637325751325,20.275952823894848,58.00469945116258,8.163363133678393,0,2.1075435694449176,0.3696025301680662,0.0,0.0054170802993356,6.06636706846161,303.2191913125234,0.0088748726344415,0.0,1.5873090049828216,1662.0,-7.82158831529816e-16,-0.5077950416666677,-5.65
-1.266695888550464,17.714154012166684,1,0.611853477327429,14.708165315420182,20.268296022307258,4.352030486860464,0,4.253148427962,0.2539707371322467,0.0636904761904761,0.0109758860437211,12.338727669087405,63.74342821562959,0.0384999863729045,0.2414922817436664,0.1171163574528827,294.0,-0.0894026122448974,-0.1397416326530609,-1.11
-1.845265607248686,22.246358768262773,1,0.4372019243482501,14.708164676524865,17.72514474373703,7.607684656543615,0,6.517919588417309,0.2314252028779518,0.039141414141414,0.0088615356700553,33.61285484492389,111.81955785995557,0.0328764726792226,0.1545459746050572,0.3056718628415595,442.0,-0.0856009036860869,0.1869902116527948,-1.99
-0.6143474307521162,12.569749745077868,1,0.7222752869325083,20.468015927233992,6.923737199690624,1.4142135623730951,0,5.002908049698,0.3862534428571301,0.1222222222222222,0.0056201425205949,5.752853606746789,84.0991324851853,0.0254533960689643,0.0,0.0823943906428687,334.0,-0.0220542716049379,-0.0335898024691356,-0.6
-5.120276962299644,64.6997556029916,1,0.363818265873222,14.706876253663763,46.40375956093006,16.398922337269262,1,9.104990785224002,0.3571579420634728,0.0,0.0106658586149438,30.09244580757158,316.13392694154925,0.013575787758807,0.1062921146026187,0.9803456784004628,2238.0,-0.0462000000000004,-0.0245070000000009,-6.29
-2.6936826537136835,40.96140557126073,1,0.1752547547944793,14.701002412972397,35.33461391738825,15.5806275712976,1,12.51101253131764,0.3808606218493888,0.0849489795918366,0.0261034631672681,17.696185628620217,317.12842611963964,0.0343436083671199,0.4106377458684441,0.8533932212701647,1650.0,-0.3693887500000004,0.1594781250000001,-2.154
-5.014422659767251,47.84063426256734,1,0.1655850286054678,13.303154698700968,17.667306958694127,15.9819778412503,1,7.767840934815364,0.4033404508047394,0.0565118801143644,0.0241620358030204,36.39820241076966,301.56750905356034,0.0385242397882373,0.1683996021966026,1.27787869829113,1190.0,-0.3874127900000017,0.8708798799999974,-6.02
-10.897744549127715,122.69474833964296,0,0.1006870810953413,20.253604564053973,116.00939890232512,16.831632475943927,0,1.4187272727272742,0.2229051360093979,0.0,0.0057242265541433,0.0,509.3695917033064,0.0044470898653489,0.0,3.0413085024117383,3322.0,0.1098018595041297,-0.878414876033061,-11.6
-3.871231533997496,39.68925901792807,1,0.1342382826883872,20.23531133927041,46.2617792402574,8.55423105945987,0,7.180634954076278,0.2956072966275083,0.0,0.0028623359270457,22.90518256585281,194.72077992571923,0.0253610305484617,0.0,0.3752191000629658,1592.0,0.0011297067901237,-0.0067782407407404,-4.4
-1.856670951274897,39.11131068090368,1,0.2093215756291889,14.699769765815732,11.38172479611316,13.065180168918223,1,20.14210695848656,0.3408943045565661,0.0,0.0294966117973161,25.654330488019895,184.80405903720435,0.0325282740860505,0.5820159571856492,1.1300866645841443,1500.0,-0.7469686295013849,1.395623549168974,-3.37
-2.7343893611033536,25.208115106594757,1,0.2184091451796196,20.25235076780875,32.60702369139466,5.6568542494923815,0,5.797003880730239,0.2029957756511022,0.0,0.0028363103737568,6.4208216229260096,89.50906319591631,0.0268328726992287,0.0,0.0457160916825683,340.0,-0.0097140735999989,-0.0573358015999991,-4.24
-1.1297854022884255,17.936322181636243,1,0.54784575945815,14.701469944147137,13.847474399381248,5.387306667270547,0,4.0971189448752,0.2997416467365091,0.0,0.0203576061973474,5.917906046161393,76.90521274206517,0.0306194862342293,0.4492115179991625,0.1211248697700658,356.0,0.0014502400000002,0.7833462400000001,-1.21
-0.963228744979885,27.27483795151384,1,0.5999600220549102,14.708165190766591,25.68328649170404,5.76624404923356,0,4.734521862504,0.2563824720059591,0.0550925925925925,0.0103085077077853,12.84164324585202,48.85092800528031,0.0352570264563655,0.2190892449685605,0.0234972794616298,330.0,-0.0883236363636352,-0.0540776198347099,-0.88
-3.1000691715784923,25.866290375229028,1,0.1836006488712949,20.34123888348733,38.68304379822854,5.6568542494923815,0,6.0385457090940005,0.193126721428565,0.0,0.0021592941287571,12.84164324585202,76.84692071161672,0.0250401047687938,0.0,-0.016252337666381,342.0,-0.0105404444444436,-0.0632426666666659,-5.05
-2.6831547003950464,25.714358998507173,1,0.1280945608258008,20.355247092015027,41.03950762137913,6.35238971676841,0,6.246771423200688,0.183938780853696,0.0,0.0013575712163552,17.75371813848418,63.830427224958,0.0197500587640829,0.0,0.0326814541641556,344.0,-0.0112799048751469,0.0309351391200964,-5.05
-2.4095482422051666,38.24849367586925,1,0.1775582528059985,14.651538079259169,23.20187978046503,14.6367139640985,1,8.507962221367501,0.3957316356993691,0.0913354037267077,0.0313916705527226,17.696185628620217,292.7673315805601,0.0381248860106612,0.4330204261561676,0.905084959826183,1404.0,-0.1040244999999996,0.1445169257812505,-2.111
-3.803440499086384,43.34454953511394,1,0.2672267243329166,14.700696374919648,18.41727604861553,19.96797353465584,1,12.664508336345282,0.2177729434778512,0.0,0.010940843305611,74.69339565196152,164.59808140193576,0.0285749426679988,0.2181941870468404,0.4088290638511437,1012.0,0.0298989476682051,1.1272391769312882,-4.8
-2.0970878138740474,25.92052554896016,1,0.5472640488426079,14.708164942411605,26.186202068468653,6.133610117286053,0,5.603020215168073,0.2284067944444295,0.0485185185185185,0.008449671629482,20.268296022307258,73.68872628952514,0.028766721195798,0.1859489613156218,0.0308842634184028,370.0,-0.0819124828532229,0.1770558079561044,-1.72
-2.478313352247709,30.66787362920677,1,0.1877259404007975,20.280207028592976,34.12904510333418,5.059137268047012,0,5.834792214142915,0.3696025301680662,0.0,0.0032113179798958,12.13273413692322,157.88934868742984,0.0248508307607266,0.0,-0.0499901220029356,1446.0,1.5260721852872206e-16,-0.0036753749999998,-2.55
-2.919359767221437,31.52280834342952,1,0.5148361061645451,13.304124372240349,21.99631096641096,5.875633848974738,0,5.999597188930665,0.4535095090581451,0.0,0.0070243641655227,18.19910120538483,185.9228780179142,0.0222502967979001,0.0,-0.0025799501729351,1526.0,-6.248263511526234e-16,-0.0514300416666672,-2.67
-2.7594167316037828,27.50542471707443,1,0.4486868053452033,14.701397252528498,32.60702369139466,7.180457611606656,0,6.112430335451792,0.2505189583559407,0.0,0.0147625158380835,6.4208216229260096,78.98525877979677,0.0342453248664423,0.3241741606637918,0.1734446557471804,470.0,0.0288459643281809,0.6814573032104634,-3.17
-1.533915885194523,28.87745756745506,1,0.3582314312948614,14.708155684940966,0.0,8.55423105945987,0,2.660223963023733,0.4623213485127188,0.0512626262626262,0.0456605741328781,0.0,120.38736219634526,0.075927819728055,0.1607819507547368,0.7687855792018766,480.0,-0.4956495288888887,0.3535499022222225,-1.947
-2.139912661802205,37.79123716543316,1,0.1769517814201405,14.701780231974231,19.26246486877803,10.81155200338446,1,5.4069018331781535,0.3592762901800849,0.0776785714285713,0.0263281774701785,12.84164324585202,144.87244615459147,0.0448704147278064,0.3789112303230749,0.0220149310935285,626.0,-0.25547074556213,1.9246002840236676,-3.06
-4.790758455146341,44.222582845480346,1,0.2329476060666121,14.702710811751404,41.93277523254056,15.68231801272818,1,8.34069987347697,0.3145363153516798,0.0,0.0123697269671029,18.19910120538483,218.00836324818653,0.0333344141361918,0.0884074012355086,1.3347700119768635,1040.0,-0.0211083471074379,0.1093368429752069,-3.754
-4.715783175718117,36.9992235395211,1,0.4022561951470231,14.702558933580605,25.12283840507545,16.35617461765403,1,9.312180154569472,0.2372061479094404,0.0226984126984126,0.0136150868725008,59.21245646418622,174.55284751829186,0.0390391914505602,0.1773254127100199,0.9596776188766222,794.0,-0.1150898725761773,0.1233945263157893,-5.24
-10.31734131706445,97.30212170123224,0,0.0461614384517711,20.38176592678291,167.94719334960556,17.677669529663692,0,17.662746199099946,0.1439016877251235,0.0,0.0014331521194914,0.0,76.32720590815667,0.023722739537904,0.0,-0.0918244123409489,990.0,-0.0108056024999978,-0.1961906099999977,-8.334
-1.8810839233973784,35.8676687467548,1,0.1562990258500823,14.701723092399346,0.0,9.439677325608892,0,2.6384723605469995,0.4943042503656206,0.1812499999999998,0.0613642228297774,0.0,176.19830313078262,0.0867181870003688,0.4419861128396983,0.1554611045775967,572.0,-1.0901539374999998,1.4653616874999993,-3.93
-2.916432133684069,47.32733879775904,1,0.2571894519369967,14.702151049899834,0.0,13.141319792398708,1,9.28922209590331,0.3608874642706535,0.1053221288515403,0.0210763561810336,48.53093654769288,204.28402468889016,0.053989731452353,0.2057400945851631,1.288527270756168,926.0,0.0186898668252085,0.7751945731272297,-3.094
-3.9675643652800887,43.859184019370375,1,0.1339869891112188,20.23532501400562,36.39820241076966,8.51379094493999,0,19.96670525407628,0.2956072966275083,0.0,0.0029190162023314,39.42968612445926,197.3817157862984,0.0249360788724901,0.0,1.370820409061131,3176.0,0.003376901234568,-0.0202614074074071,-4.55
0.2660924039033264,10.214202782425229,1,0.505939579517962,15.487358112158446,0.0,1.4142135623730951,0,0.993373929698,0.3862534428571301,0.3333333333333335,0.0228610345625654,7.04767198267719,51.718075746087706,0.0677220998347166,0.0,0.1006323210054126,140.0,-0.0007065679012345,-0.316402074074074,1.34
2.565914580946247,43.934443330077706,0,0.1683392417421014,14.707140000567602,0.0,8.094413448457095,0,4.353788549485845,0.3100275721012118,0.2611111111111108,0.0486645730034699,0.0,135.4833945919684,0.0810384347346021,0.8572273262670826,0.4201878486405229,614.0,-1.544824071005917,-1.8823416331360945,1.09
-0.8928958885504639,18.434146109043,1,0.6270890606397844,14.708165293605076,13.847474399381248,4.680199886083999,0,4.253148427962,0.2539707371322467,0.0636904761904761,0.0107204643390132,19.262464868778025,56.23865795809864,0.0331454422475609,0.2395515727781802,0.0564132032026289,294.0,-0.0894026122448974,0.0238063673469389,-0.8
-0.902310349286252,18.888700967020085,1,0.7794067334235751,14.706821601955497,0.0,4.242640687119286,0,3.3919464731837494,0.2995481027607745,0.0,0.0107263176876097,19.26246486877803,41.46850876980847,0.0334727053882364,0.328125,0.1377946345305839,254.0,0.0358659999999998,-0.3596742500000001,-0.03
-3.2553959191709056,32.77797447197982,1,0.2421137646954649,14.696785899472664,11.600939890232516,10.963280687723168,1,9.529476187494,0.4336723337244952,0.0378571428571428,0.0189524897468859,34.12904510333418,223.25518261583585,0.032833723424222,0.2393391637675652,-0.0397744174333291,2074.0,0.0814000000000001,0.0137415040000008,-3.924
-2.102616999638267,28.08431249949667,1,0.4535306790795443,14.701469478764665,18.19910120538483,7.847124278273323,0,4.976449347304283,0.3088732869800257,0.0,0.0213512609300564,19.056471336613843,127.72206683409875,0.0394955870968917,0.3345454690261531,0.549968387832312,462.0,-0.0119337142857141,0.6126009795918369,-2.32
-2.2607422005496858,23.58736256250015,1,0.1436957015991499,20.353237055106863,34.61868599845312,5.645282935581863,0,5.574042193009846,0.1894485821789581,0.0,0.001351237316163,17.75371813848418,57.83008358501007,0.0196227790672282,0.0,-0.0137246582550663,306.0,-0.0113668402366852,0.0384507928994091,-4.74
-2.277339294370529,19.235135455005175,1,0.5781238559192324,15.589509261251738,0.0,5.835193734454857,0,3.962826158184,0.3066199320064434,0.0,0.0060063149285975,31.040744451236847,77.39884421440672,0.0310040935170148,0.0,0.4373232758623444,310.0,0.0247190588235295,-0.0154995986159168,0.36
-1.9100885629909348,26.145699318816817,1,0.4777931625286688,14.651578134186408,0.0,7.956514078014501,0,3.854165760076277,0.4130209323544854,0.0,0.028319462035363,12.13273413692322,137.7764878092495,0.0402103676213758,0.4818066374782441,0.6985505325219549,500.0,0.6037026666666665,0.1047024444444444,-2.41
-5.68128804626127,69.97698779936516,0,0.1384676011728054,20.316066963254624,58.55579977459783,13.841645470343776,1,6.757775186916591,0.3427575999490936,0.0,0.007409961763204,0.0,329.1199941771044,0.0102962151473719,0.0,1.5405782510067676,2388.0,0.0775821859504149,-0.0525669462809895,-6.317
-2.158253133777759,22.00320743073542,1,0.4341784975221696,14.702719484893418,18.228060320501644,8.134853562976977,0,5.947582917549839,0.2547379046905644,0.0,0.0063139842930278,31.759306598537915,116.59966266546536,0.0258686016092075,0.1593399715349351,0.1378984262124415,438.0,-2.6203749108333343e-16,0.1164194879999998,-2.06
-1.190775888550464,21.946156202715613,1,0.7071698040931643,14.706821406191793,0.0,4.680199886083999,0,4.253148427962,0.2539707371322467,0.0,0.0080020455585286,27.694948798762496,66.97025586689817,0.0222565124647012,0.2685218301792707,0.2493554888018024,294.0,0.0504293877551024,0.074985795918368,-1.1
-1.249235888550464,18.434146109043,1,0.6210718512255659,14.708165304349803,20.771211599071872,4.560477932315068,0,4.253148427962,0.2539707371322467,0.0636904761904761,0.0109246262764148,11.83581209232279,61.0305710221928,0.037226172772119,0.2398567949167761,0.1194112856394447,294.0,-0.0894026122448974,-0.0923096326530609,-1.04
-2.8741189491948798,43.42214326935594,1,0.3797501153192795,14.70816423591438,60.6636706846161,10.635111288499631,1,6.423695062716615,0.2543638156235023,0.0303174603174603,0.0108763777484395,11.126902983393991,165.3336368950326,0.0454125016061508,0.1275409983811116,0.9478780148613352,544.0,-0.1056972071005906,-0.1187682130177502,-2.55
-1.5989153672858074,17.47469193012006,1,0.2296743867657812,20.309814488241432,11.64912463690315,5.059137268047012,0,4.449454733016631,0.2235094672362416,0.0,0.0018290085572548,32.60702369139466,53.95584595921691,0.0249348477212566,0.0,0.0362242919093505,264.0,6.937620546525857e-16,-0.0176720332409966,-3.27
-2.1258770847062163,26.08663152951462,1,0.6641447691306541,14.706820482160982,18.19910120538483,6.363961030678929,0,4.56442863770579,0.2910563814844882,0.0,0.016325129460201,19.056471336613843,109.62964260834784,0.0357509996339324,0.2170908341328039,0.64064557651048,362.0,0.0302029473684208,-0.1275488531855959,-2.33
-0.776431439473811,24.577595818679622,1,0.3822053788569003,14.702551334788533,12.13273413692322,7.31835698204925,0,3.75789677361353,0.4056003685510744,0.1369230769230767,0.0418975067496443,12.13273413692322,135.51221735254947,0.071115307182852,0.3462505376106528,0.4527580237189489,436.0,-0.4036715294117644,0.3759522076124563,-1.836
-2.7745955502267585,34.02631001768811,1,0.168435184344894,14.701780231974254,27.19203322199788,10.859332246306996,1,6.372396777669678,0.3229970667749929,0.0713725490196077,0.0223537601659395,12.338727669087405,159.869753632344,0.036269339294865,0.3521914049293104,-0.1447013869790885,666.0,-0.2048082580645159,2.0953368366285106,-2.39
-0.975244168195422,39.74009657813647,1,0.2161197198174228,14.699759841611469,0.0,10.55583373505874,1,5.8286191120789645,0.3090497740142795,0.0,0.0416006244319807,0.0,125.06643185802528,0.041944626247337,0.7302801365094003,0.0452503442975557,722.0,-0.3221071296076097,1.2233266349583818,-0.6
-0.6841083949284741,20.09036607321842,1,0.2773483848202624,14.701775854206632,0.0,6.651690315382584,0,2.920171693189732,0.4689823920546421,0.0659259259259259,0.0347939473273437,0.0,95.90209165994376,0.0549395155961948,0.3881122067957064,0.184863697303618,412.0,-0.2825983999999998,0.8122433600000002,-0.807
-5.706395213239922,56.5774442355805,0,0.1377874836788724,20.256246361393732,59.06828794454399,11.520557554648654,1,6.454042902233864,0.3127342457783236,0.0,0.0034603562162478,23.762552697081823,273.34657216770137,0.0205979252009514,0.0,1.54876819356843,1306.0,0.0025410764462811,-0.0203286115702477,-6.26
-1.8564623071425528,34.91092551152959,1,0.1831940185214483,14.701780231974237,12.84164324585202,10.104445222197914,1,4.723005950885653,0.3851116417001179,0.085128205128205,0.0295769868661449,12.84164324585202,161.95254204939044,0.0447205825588123,0.4073814854068874,0.0170600358663817,588.0,-0.2918646805293003,1.863882071833648,-2.349
-2.599192278361068,23.862714211800487,1,0.1620092859906916,20.392686218615392,45.95158251401129,4.242640687119286,0,4.900848691438608,0.1959829226247291,0.0,0.001463854696169,0.0,45.78214950479964,0.021293340281225,0.0,0.0119869067715854,268.0,-0.0114769300567095,-0.0490011115311899,-4.53
-3.2623301699014693,33.91278334391029,1,0.2694735785890352,20.279283944152137,27.530883788181864,5.875633848974738,0,5.814663912930666,0.4535095090581451,0.0,0.0029839881746053,24.26546827384644,209.54924474327592,0.0174111180722136,0.0,0.0671904918081333,1734.0,-1.613290550533324e-16,-0.0143081666666668,-3.63
-1.7504500110429777,27.807683516638253,1,0.3489410184105741,14.70146312908542,18.19910120538483,7.8875643927932035,0,4.465610602202551,0.3691551106844369,0.0479797979797979,0.0288337995446829,12.13273413692322,125.8827152203734,0.0485871107153842,0.3384736749790318,0.713768004381593,474.0,-0.1481875999999998,1.3664169100000003,-1.803
-1.799852005212772,30.443442713059238,1,0.2534192321917486,14.700965414610218,6.923737199690624,11.910186320547368,1,16.99766514293675,0.3377017267125418,0.0337690631808278,0.0245073855374957,32.57806768771052,153.6646627138134,0.034055642103689,0.441144372710018,0.6987822064185363,1166.0,-0.718944479912345,2.442308693937177,-3.408
-3.814541605407488,46.36748083397888,1,0.4886049450206314,14.708163198284623,48.53093654769288,11.968444621832964,1,6.065205808294,0.2547379046905644,0.0281944444444444,0.0170013581128729,16.838815497391202,168.13346654912755,0.0471304473736958,0.1200337661811547,1.2813450829018111,578.0,-0.1155996031999999,-0.0005804287999999,-4.73
-3.8068944358213823,40.80316764108216,1,0.2353891074111412,20.23904264830059,36.39820241076966,10.485281374238571,1,7.365201875442668,0.2734115419986616,0.0,0.0036614105174754,12.13273413692322,172.6146608588783,0.0291496333076618,0.0,0.6298047903282175,696.0,0.0149862426303857,0.0086981791383223,-4.38
-1.7934726851397882,25.466612132397216,1,0.7112258700816869,14.708164356201952,17.667306958694127,5.875633848974738,0,3.824087564150769,0.4362537855285536,0.0646164021164021,0.0299230901330233,18.19910120538483,162.6659119494842,0.0477501096635107,0.2183640409959218,0.7603682385859443,574.0,-0.2003886153846153,-0.0414056627218937,-0.7
-3.174966206064353,35.870135260183766,1,0.3433988510569135,14.702510623210898,29.960986154775945,12.308544564874966,1,11.202929671950749,0.2971296109777703,0.0,0.016536523064387,24.97437738277524,148.26981091035654,0.0382279582329102,0.2210571640982944,0.8247049814150514,920.0,0.025243472222222,0.2186070756172835,-3.927
-3.884484427160828,45.7179912687884,1,0.1854839231652635,14.699762417542376,12.13273413692322,21.20912244023204,1,15.783546108157928,0.2722721583152493,0.0,0.0217776779689713,40.68505306691473,184.87249020150173,0.0321764899654122,0.3388755315110265,1.1613616069061985,1424.0,0.1056690341854923,2.35433652021403,-4.71
-0.7932208242598805,22.30614971784178,1,0.4712340928988972,14.708163315416312,12.13273413692322,5.835193734454857,0,3.351347508502932,0.4000128986078656,0.1488636363636364,0.0397811652186624,12.13273413692322,101.47116370426082,0.0802131160966914,0.2180712310044977,0.5933932754868023,336.0,-0.311250133333332,0.0181139911111109,-0.72
-4.679099203503158,38.89179245150743,1,0.2601760642675558,14.701190330587467,13.344558822616634,14.837311861099035,1,10.68147671952881,0.2441618962837367,0.0,0.0183337074057725,39.32476735892109,124.64289698740116,0.0338185377603961,0.2725282007886963,0.9765134952795496,880.0,0.0557089999999992,0.5030413993055542,-3.84
-0.9867789280331832,15.724527199619398,1,0.2919359873178671,20.311588664526692,11.64912463690315,3.0472067242285474,0,3.3547476161633343,0.2350451878756692,0.0,0.0020415555629107,20.771211599071872,66.57074164320194,0.0222434852066989,0.0,0.0046953445557894,190.0,-0.0105404444444434,0.0079053333333336,-2.56
-1.7030821864039245,27.42210504504079,1,0.5921752235639846,15.591674962237832,18.19910120538483,6.542300515641405,0,4.661444421002549,0.2821057356505198,0.0,0.009527865966149,12.13273413692322,74.16305909093906,0.0353205463309638,0.0,0.5304198460505972,348.0,0.055820800000001,-0.1889278299999982,-1.92
-1.8830950069404624,19.57287581092561,1,0.4554745494170709,20.43091437263646,22.85368109763997,2.121320343559643,0,6.055076292342908,0.3586342117568435,0.0,0.0019100409420251,6.4208216229260096,94.26592734459922,0.0166011851473196,0.0,-0.3931076163928708,1340.0,-0.0030249999999998,-0.0724789999999999,-1.73
-3.699141163355408,34.11935060971666,1,0.2322655018091666,14.681751036304844,35.4884985994335,12.906261546320335,1,6.503598552654298,0.3350836479198553,0.0590299277605778,0.0193379967048083,12.48718869138762,176.95641933976114,0.042003468393456,0.2208270886564476,0.5589510475216831,720.0,0.3494811600000014,0.1016968000000008,-2.461
-1.6307103678020731,16.387259602777974,1,0.4469252997470567,20.40721904251918,6.923737199690624,3.0472067242285474,0,4.134273791300359,0.3146849835798618,0.0,0.0022394282394819,13.344558822616634,93.71352449081746,0.017000989379773,0.0,0.1246779670869037,442.0,-0.0022022908163262,0.0141047653061225,-1.96
-3.5028087403255728,50.120804183253256,1,0.1938564719107127,20.279887186859053,12.13273413692322,5.835193734454857,0,7.703698972930665,0.40701901811629,0.0,0.0028837557581969,43.99262193282192,199.60532965844675,0.0189360999203765,0.0,-0.8228531519930441,2670.0,-4.856226532012896e-17,-0.0045375,-3.5
-1.3605789280331837,12.45835189130899,1,0.3108058340193432,20.318914888777417,12.496841729759891,3.0472067242285474,0,3.3547476161633343,0.2350451878756692,0.0,0.0023451623848108,13.344558822616634,64.94072703234994,0.0229387606827964,0.0,0.0343676364328318,190.0,-0.0105404444444434,4.544009273793029e-16,-2.73
-8.524084622729124,109.48426730927304,0,0.1190741728567836,20.318384100663025,92.80751912186012,15.45838478815809,0,1.300500000000001,0.2313782131597591,0.0,0.0081210546939842,0.0,471.12357725180107,0.0018388612435358,0.0,1.204911809483899,3250.0,0.1328602500000036,-1.0628819999999957,-7.278
-1.266695888550464,17.714154012166684,1,0.6125421874137876,14.708165327015962,20.268296022307258,4.352030486860464,0,4.253148427962,0.2539707371322467,0.0636904761904761,0.0109645685208833,12.338727669087405,70.94585828251084,0.0338161126645481,0.2420659502982933,0.1483184216637706,294.0,-0.0894026122448974,-0.1397416326530609,-0.72
-3.8097716256484704,47.888286732394434,1,0.1792072107310085,14.701536630399591,29.58082600149799,17.11616147723034,1,25.131493240949965,0.325468751361944,0.0240338164251208,0.0118097627678179,51.634539024324354,277.73690021181494,0.0244930703730169,0.320465802042223,0.8054804456275834,1826.0,-0.1561451063829788,2.931169341330917,-4.2
-4.942565986107159,47.95997422324707,1,0.1418978330903694,20.256576384591952,53.53371512277308,10.74450108824081,1,6.340720824685819,0.2964905527401483,0.0,0.0032575568173245,23.762552697081823,234.2399690478756,0.0242066134406935,0.0,1.2733274550603173,1018.0,0.0001055289256197,-0.0008442314049587,-5.25
-2.1740194647614794,26.532081258052912,1,0.1555043741878066,20.38127535878921,45.448666937246685,5.6568542494923815,0,5.367596185861333,0.2002842627197176,0.0,0.0013957793651417,5.917906046161393,46.44360470920335,0.0222670009030625,0.0,-0.0001197743769928,304.0,7.312575329216426e-16,-0.0395266666666658,-4.74
-3.3843144470478648,39.967219339647706,1,0.0994975852050603,20.25733644948808,60.6636706846161,9.15194804090524,0,5.489587008267272,0.2229051360093979,0.0,0.0033894517991933,11.126902983393991,155.79632403723096,0.0341429105725721,0.0,0.8644430612039744,442.0,0.0049000000000005,-0.0391999999999993,-4.345
-4.104665176662424,40.12263983040339,1,0.168877334735056,13.302787371752684,6.06636706846161,15.198673361154608,1,10.404329612567878,0.4132746483602566,0.0668614718614717,0.027971904881081,31.04074445123685,252.6456112902945,0.024845315774327,0.2563741713107527,0.8608535111757126,1198.0,-0.0711337878787872,6.28177256198347,-3.24
-1.2358087810221203,27.891483449063443,1,0.311323532941528,14.69977237023902,0.0,7.289847411347834,0,4.630999856698606,0.3207446472148851,0.0,0.0359910768636665,13.847474399381248,106.72382476266284,0.0432131683169125,0.663410691093852,0.1865698974297447,520.0,-0.1468747977315689,0.975678313799622,-0.82
-5.81676757654515,59.9827241982028,1,0.1680875090042655,14.700473162175207,86.84987275308477,21.982770716510807,1,12.699500567420836,0.2570059974321865,0.0177777777777777,0.0186919082154686,17.54772460632,239.70860255598177,0.0379641490031924,0.2536677027461096,0.8835704168858249,1208.0,-0.0945340985124001,2.40910227438016,-6.301
-2.6748581302778742,29.139900489289666,1,0.3122112384362658,14.701462081185683,23.58774127754977,10.934771117021752,1,6.559961251494,0.3688604835332905,0.0359126984126983,0.0250513914853072,25.12283840507545,237.4589714785697,0.0388474084269321,0.2477234047834336,0.6964017791480653,872.0,-0.1738404799999998,1.3486477616,-2.617
-2.006976560435804,35.55862621316703,1,0.2581735420594418,15.581734718356063,11.761884949391115,10.25617390653662,1,8.653566883389308,0.3312604308672481,0.0,0.0179945053472723,6.255769183511404,83.17267607417861,0.0367692535688271,0.0,0.9063554796307872,804.0,-0.0162733448275854,0.9930712080856134,-2.676
-3.4482147003950465,31.375750671093662,1,0.1281545728864345,20.38859604938132,58.79322575986332,5.6568542494923815,0,6.246771423200688,0.183938780853696,0.0,0.0014549392350722,0.0,41.95515867932103,0.0224333096640671,0.0,-0.0023741225782409,344.0,-0.0112799048751469,-0.0639288608799035,-5.88
-2.6338861980811963,45.44829630859456,1,0.1781525939866596,14.701789053215496,19.420578929450517,20.84852900510212,1,12.783909988968212,0.2280262713940913,0.0566312997347479,0.0161384740629914,67.76965845227089,175.74052883337066,0.0363764011185652,0.3376056697473395,0.3764699088689414,1106.0,-0.4155984489795905,-0.088630367346939,-3.09
-1.6209679718817998,22.75804087611436,1,0.170047075576907,20.367987323868288,39.02784531432067,5.059137268047012,0,4.696646662628668,0.2090686409165615,0.0,0.0013892728309468,5.917906046161393,39.49832506296439,0.0225275512665161,0.0,-0.0548968335717881,266.0,6.39317188694872e-16,-0.0316213333333326,-3.85
-3.252710357530338,42.1890058667192,1,0.1775615434675786,14.701771265385831,23.20187978046503,16.11987721169289,1,8.9900171016405,0.3772395174445735,0.0287260358688928,0.0234644625751374,32.04657560476608,308.62099050968726,0.0292083935551236,0.2537729806731666,1.1224324016775895,1398.0,-0.3368525813148786,1.894870532871972,-4.376
-0.8244293766420586,9.926052013809633,1,0.3449046453411883,20.42446198072612,20.268296022307258,1.4142135623730951,0,2.195834803306909,0.2443612216724284,0.0,0.0015133097092274,0.0,44.53010929646405,0.0185827934008408,0.0,-0.0018929103242245,116.0,-0.0125439999999998,-0.0221479999999999,-1.94
-4.366351025239022,32.61438928879869,1,0.2521077883207155,14.702496185039156,32.04657560476608,12.675551403019512,1,9.644919991201055,0.2892355554020573,0.0,0.0120848118011343,23.96854622924601,144.56154672179738,0.0302010552304451,0.200963987163272,0.5068556144858796,990.0,0.0041302105263161,0.0692717984764554,-3.26
-0.8824210444257117,21.0583575536178,1,0.2522558600316172,14.65157478475604,0.0,8.692130429902464,1,3.815076609509142,0.4194530622086846,0.0532051282051281,0.0364532464606253,4.923311048817671,128.9354443121874,0.0578566815472591,0.4277530799275338,0.1121923467718297,564.0,0.2716914285714286,0.3451668571428569,-1.22
-1.5092950069404625,21.164983031257208,1,0.4585548620570902,20.423488904378857,29.7774182973306,2.449489742783178,0,6.055076292342908,0.3586342117568435,0.0,0.0017242921878093,0.0,104.72682861955076,0.0146121341700399,0.0,-0.290065228509545,1340.0,-0.0030249999999998,0.024079,-1.59
-3.165002738409923,35.9347912748303,1,0.2529976761791768,14.70645474238085,0.0,11.751267697949478,1,6.674848594459885,0.300712378797753,0.0636574074074073,0.0243580948724487,27.694948798762496,99.21733154559284,0.0519089878381749,0.1185654935232959,0.6427437106666763,688.0,-0.1636345142857145,1.9816223706122444,-2.478
-2.246537239218853,29.11645973688573,1,0.352381384042546,14.706456202060412,0.0,9.15194804090524,0,3.42277382650711,0.4249662171674903,0.0,0.0337060679219871,0.0,96.74109183452224,0.0613132950641681,0.1580863911490468,0.7567324191360177,518.0,-0.2566648888888887,0.0147008888888897,-1.11
-8.69824082833265,96.63674319642392,0,0.1218135145638255,20.254630063818382,81.2065792316276,14.584343305760154,0,4.825699008017865,0.3127342457783236,0.0,0.0044566397507185,18.19910120538483,411.5436290169517,0.0107990864038588,0.0,2.228810237144004,2458.0,0.0445018202479368,-0.3560145619834679,-8.94
-3.207794118212919,32.89915781527258,1,0.3642859634978699,14.70720208329199,32.25256913693026,10.077834421574144,1,7.378997972185875,0.2495112497836532,0.063690476190476,0.0237031641681154,24.471461806010627,122.97270342224212,0.0507510068271908,0.2518228651820303,0.6652620881856794,578.0,-0.2254109999999995,0.1319796249999998,-2.59
-3.653162118534136,37.12670025446663,1,0.2401964845915404,15.581893461937636,0.0,11.153550716504109,1,7.076409296895486,0.3219240302825785,0.0681232492997198,0.0186754143376054,39.29588868899501,150.032251272009,0.0405995764820346,0.0,0.7268374126532651,874.0,-0.1890704516129016,2.150142164412072,-4.43
-2.844176033840552,26.741781976259823,1,0.336159690602271,14.701462583571956,6.06636706846161,9.520557554648656,1,5.8555860479800375,0.3181898332820658,0.0391941391941391,0.0220645033619671,37.107111519698464,125.77831675332872,0.0398130072463971,0.2865310272928611,0.7718227979751339,550.0,-0.0871707692307686,1.6257096390532546,-2.581
-1.6608083949284744,21.870130629119704,1,0.2758454941181579,14.70177589134956,0.0,6.651690315382584,0,2.920171693189732,0.4689823920546421,0.1198653198653197,0.0366488091853321,6.923737199690624,118.4332146238327,0.0597639265082684,0.3881122067957064,0.128339165065453,412.0,-0.3515903999999997,1.1794241599999995,-1.506
-2.746125268566012,28.57316134821585,1,0.317806432687865,14.70146230216148,32.04657560476608,10.14678410679544,1,6.543113639941034,0.2997154164840501,0.0358730158730158,0.0201364444746652,17.54772460632,123.45468789458938,0.0383179784563562,0.2667939931262935,0.6007439188522061,588.0,-0.0661304827586201,1.647047010701546,-2.863
-2.587681653641208,33.433380205271575,1,0.3134006437793956,14.707432055914186,18.305461995803785,8.644199996836463,1,21.24058618945431,0.3485810861998615,0.0,0.0112106669632481,31.407184094766688,168.43774479271,0.0232379641811359,0.2970000918279525,0.7411168569709579,1390.0,-0.496555777777777,1.3166384444444466,-4.11
-5.199940180324088,46.46565154469224,0,0.3846097859010566,14.70743114122944,41.72655687038817,12.427023072952974,1,16.891715952455037,0.4108967565848113,0.0,0.0152509739484947,24.796960356790883,266.01554673317526,0.0174601017411166,0.2318732972230825,1.637832469487825,1848.0,-0.550913034482759,0.8264198834720564,-5.752
-0.5106004425381634,27.02823890138893,1,0.264468067539028,14.701791935132087,24.304080427335524,8.582740630161286,0,4.042275730298499,0.3917891616940473,0.0479797979797979,0.0235802020749083,0.0,161.20889609483703,0.0423455928660386,0.3221040840569875,0.1382108963167827,472.0,-0.1236870987654321,0.7618012962962961,-2.932
-4.090701114605385,45.710404981078014,1,0.3658314999661387,15.589507587157176,52.47012662939168,8.302710703768229,0,4.215256224286929,0.4697356810490784,0.0,0.0124468477560523,12.13273413692322,290.815806180883,0.0123793994214696,0.0,0.6115950246099873,1424.0,-0.0928640000000011,1.0240489387755105,-3.76
-2.2083732538472125,34.94889539160582,1,0.417342623252418,14.70146897035206,30.33183534230805,9.3017779551663,1,5.994483039537759,0.284445560596104,0.0,0.0181814691594335,18.5632087982215,158.90343488450586,0.0381335864902502,0.2818215065832223,0.4604000801110373,536.0,0.0011622400000003,0.6421487360000009,-3.0
-1.028077856647781,28.038556088594618,1,0.2759852860718039,14.700988390595588,6.076020106833881,10.55423105945987,1,5.8378984214858445,0.3107123522245058,0.0,0.0388610380670949,6.076020106833881,111.89955981973064,0.0519420256245141,0.5425205787189757,0.5313358797355646,628.0,-0.1822002366863907,-0.6020695147928994,-1.899
-1.5377462934674953,22.108458593344352,1,0.6773215374468229,14.708164318063345,12.13273413692322,5.875633848974738,0,3.861248463396,0.3179455553999495,0.0550925925925925,0.0242250342898543,24.61992282831084,109.8619228246123,0.0534944302902594,0.2183640409959218,0.5294667156141533,324.0,-0.1214449999999995,0.0620405624999999,-0.68
-0.0866281793474191,11.75,1,0.7044232911917763,14.70272155641107,6.578935683598497,2.121320343559643,0,1.801310893698,0.4685463540765222,0.0,0.0176600108604115,6.076020106833881,94.6878788820244,0.0458879222021503,0.4138325214724776,-0.0058014029775732,176.0,-0.00133225,-0.1254417499999999,0.57
-4.866360748289683,50.25955954589879,1,0.246656535431115,14.700480433311617,31.18246387884163,23.68903686381024,1,17.395235447932325,0.2314584555613379,0.0,0.0110361278932351,74.19048007519692,217.44428242096177,0.0245430066403374,0.2508539951122688,0.4538431341409904,1408.0,0.0211690177371641,1.388089343187313,-4.173
-2.147370721808897,33.15450936039659,1,0.3729168969379626,20.470470446674867,0.0,3.0472067242285474,0,3.525913066591876,0.5204260414863776,0.0,0.0078708172983627,0.0,192.03499475554904,0.0122583106113087,0.0,0.2550733130722452,942.0,-0.0464941406249999,-0.4518366875,-1.48
-0.9503131193581226,19.288222235042777,1,0.5560577263774392,20.337439211791825,12.13273413692322,3.5355339059327378,0,4.6781380641088885,0.4391735523809267,0.0,0.0052926736531269,10.76012554093183,132.1228501378949,0.0280768426297568,0.0,-0.0965785165405637,404.0,0.0094950000000002,-0.0561229999999996,-1.33
-1.393566751529678,17.7169171866887,1,0.3326616118810416,14.70267789756944,0.0,6.651690315382584,0,3.012555181342937,0.4372498057655701,0.1546296296296294,0.0351892014460623,6.923737199690624,107.42892401449136,0.065022365514949,0.1942420145035193,0.3593783745090995,398.0,-0.3713359999999999,1.1055720156249995,-1.458
-5.132216987327226,42.521691067482834,1,0.2748778839840904,14.698042221550024,43.973091379536896,17.063790818891995,1,10.7489057388051,0.330990132133366,0.0,0.0206499080864958,19.913841467842857,258.78527399412525,0.0253446151585309,0.2622003132009288,0.6045299663850862,1426.0,0.0218535224999997,1.9853184199999987,-5.696
-3.924463749587873,34.75488750216346,1,0.1133680706508149,20.22866426790022,36.39820241076966,9.289847411347834,0,6.038545709094,0.2181042919855315,0.0,0.0023233586543776,35.74682581170483,131.0390006724064,0.0275774192361104,0.0,0.7545505362460424,444.0,0.0059289999999999,0.0355739999999999,-4.14
-3.7441257659067686,39.129903860975965,1,0.5467478842212558,14.702564772398718,36.39820241076966,10.485281374238571,1,5.038288895633142,0.2734115419986616,0.0,0.0142116901262802,12.13273413692322,149.68289092802647,0.03751582283027,0.1603044689247721,0.5566162275057195,504.0,0.0144852244897966,0.0268280816326544,-4.6
-2.4967295404832406,25.12481390315176,1,0.1477025290355992,20.26687100360633,35.392371257240434,5.875633848974738,0,4.47299682155111,0.2376723944664291,0.0,0.0023726939082848,13.847474399381248,99.47813806228652,0.0270678149456332,0.0,0.4618887745689192,298.0,1.528462301855531e-16,0.0193241481481482,-2.82
-1.527719813016748,43.4581315432412,1,0.2523825080866698,14.703961803487829,34.802819670697545,8.400019769547477,1,12.4808625480752,0.4822347049791688,0.0623321123321123,0.0357867298592277,0.0,212.9014752845844,0.0265268876476039,0.5938138322876877,-0.1057707367298924,1500.0,-1.2588646399999992,0.6231851200000001,-0.22
-1.2830611780696946,29.978000669008107,1,0.1970857802359491,14.70178023197426,0.0,8.690231659824818,0,3.3415062767078823,0.4563801991039697,0.1048951048951047,0.0395252648930801,12.84164324585202,177.72880152589607,0.0461724431618,0.4766519840807688,0.0944177157138188,512.0,-0.3970238892733565,1.588171321799307,-1.886
-2.732711006348368,40.96996301358272,1,0.186727982370139,14.701791915607114,12.13273413692322,14.25602371639315,1,16.058261138722244,0.3733066098240742,0.0,0.0204136688074968,37.78706462494312,216.23243296634223,0.0315918013148474,0.3930288810548261,1.058979248119712,1232.0,-0.6848862415059684,2.09138469054178,-3.35
-1.9243023278147364,29.69876609620211,1,0.3246662290324951,15.578427574644088,12.13273413692322,7.030627697345596,0,2.7789516824257143,0.3621368434811013,0.0,0.0093542073334611,12.13273413692322,172.0731908950237,0.0310745525501067,0.0,0.4656245046940742,390.0,-2.485739392099613e-16,0.0147199999999989,-2.38
-4.49996365195649,35.29105912816664,1,0.2520884132435594,14.702705807654198,36.54643860308167,12.377494250096262,1,9.228086695967518,0.3330757453644622,0.0318238406473699,0.0139344389941611,24.61992282831084,209.57113215538,0.0286777093177723,0.1034525974918517,0.8208134802689331,1188.0,-0.1123258181818182,0.8355135206611568,-4.77
-5.040947444787527,51.98119296261753,0,0.1969231118487002,14.702704887273525,54.77441847839258,17.815568900106285,1,11.225622953865155,0.2716970421153877,0.0207470669427191,0.0110701883299882,42.67056301139546,229.36995913692223,0.0307851106437351,0.0777813780216803,1.075129379884815,1156.0,-0.0399345361570252,0.9542103765495862,-5.915
-3.2515702334515124,46.72236617219646,1,0.1812680465770241,14.7004071780155,19.420578929450517,23.18862894814412,1,13.905093848456916,0.2272774036090962,0.036040044493882,0.0180146177261302,67.76965845227089,178.13722381176606,0.036160128824113,0.3702262683849651,0.0470395206033341,1244.0,-0.3026669776941692,0.8051742811072291,-4.88
-5.706395213239922,56.5774442355805,0,0.1398491473826588,20.25609216127892,53.00192087608238,11.520557554648656,1,6.454042902233864,0.3127342457783236,0.0,0.003312771072287,29.82891976554344,265.0236377711875,0.0221044238966322,0.0,1.398795091676717,1306.0,0.0025410764462806,-0.0203286115702484,-6.14
-5.755612411009769,54.49351552307334,0,0.2740397689139433,14.701789305728202,47.99914230100217,20.62013493721555,1,11.697295851364574,0.2571905950802411,0.019067969067969,0.0157887462013242,55.21528421264704,271.8175123172051,0.0388431987899006,0.2063673817101048,1.0470953476806797,1292.0,-0.1500542385185184,0.1104098493827156,-5.931
-2.5901974821511518,33.63247034911945,1,0.7218766437904729,14.708164236512838,23.20187978046503,6.692130429902464,0,4.152706305120308,0.4697142679211166,0.0637566137566136,0.0300129431121458,18.19910120538483,210.50486068966296,0.0402846485863321,0.1941428619138307,0.9770759032122894,862.0,-0.2620627692307696,-0.1475798816568055,-1.34
0.0105401630459143,45.96356218094961,1,0.1967831539716522,14.640659346539202,0.0,10.55583373505874,0,2.21991434118375,0.425618156969378,0.0,0.0345697542712199,0.0,333.53144463830336,0.0186963358433072,1.0692721501505134,0.2143735183092956,836.0,1.1031571099999995,2.2069716999999995,-2.22
-1.9294389188551315,21.282430216852035,1,0.3644897178309054,20.39529744348708,29.7774182973306,3.047206724228547,0,6.783282478443212,0.3146849835798618,0.0,0.0017786607901071,5.917906046161393,96.44747214460696,0.0168245115253064,0.0,-0.4722282878205804,1378.0,-0.0042529030612241,-0.0562242551020406,-2.43
-1.5694814735042704,13.91198770770094,1,0.5428545798387518,20.42998634636742,6.923737199690624,2.121320343559643,0,3.449434359615636,0.3586342117568435,0.0,0.0026711158765633,6.4208216229260096,85.98289584538534,0.0186042285932951,0.0,0.1532397007472832,404.0,-0.0010066198347106,-0.1210512975206611,-1.47
-4.590207101046304,34.89559799787412,1,0.2215493105827469,14.702710357466922,11.600939890232516,14.865821431800452,1,7.646189907147485,0.341858640003589,0.0269799498746866,0.0168762543929086,37.255572541998674,200.4926481671721,0.0379575844158014,0.0943349899355491,0.60635750041445,1016.0,-0.1481888178980223,0.3668046690946938,-5.36
-2.530748860589654,33.027718987757495,1,0.3269574539581327,14.702713022330716,46.38057094784424,9.698897039611133,1,11.089242139064272,0.2627972035657037,0.0,0.0082875329434333,17.588665699069573,113.67189349421068,0.0239672033803344,0.1250730723962078,0.2889448073421994,788.0,0.0562406135865594,0.7470906194302408,-3.68
-1.266695888550464,19.801184636345152,1,0.6218540801183579,14.70816534389822,20.268296022307258,4.352030486860464,0,4.253148427962,0.2539707371322467,0.0636904761904761,0.0107654872221218,12.84164324585202,59.55184155090366,0.0360941323885749,0.2440432800127439,0.0511586887864601,294.0,-0.0894026122448974,9.036734693899762e-05,-0.8
-1.7522492943705288,21.81498609888591,1,0.5846077454744893,15.596100135470266,12.13273413692322,5.875633848974738,0,3.962826158184,0.3066199320064434,0.09,0.0141884772751719,24.61992282831084,100.42818100029729,0.047565876813223,0.0,0.5239626652804309,310.0,-0.0885458823529409,0.0480613702422145,-0.85
-3.666625535117526,36.04035856540512,1,0.1625907501909554,14.701780231974244,42.7771756038551,12.492325408162449,1,10.436417506140469,0.3536750359918655,0.0617131062951494,0.0220522782462076,10.40027860036608,205.8843822226144,0.0357359737052225,0.3114714961959207,-0.1255488322325183,1926.0,-0.2378319999999999,2.0140915087890616,-2.647
-4.680741575472777,31.534873599817946,1,0.1967231338537056,14.702709362378442,0.0,15.641877898208298,1,7.916546411102221,0.2982739439176697,0.0246825396825396,0.0161381884423452,44.53376429615369,146.72021713830006,0.0364706259606417,0.0895923616220809,0.4544581535945085,816.0,-0.086527382716049,0.8168745061728395,-4.554
-2.834612394121515,28.300728478866205,1,0.1144672832331953,20.2734721655968,44.179309741689295,7.289847411347834,0,5.8708083282858325,0.2137135814081428,0.0,0.0023658807203751,17.9021791607844,100.9427888720376,0.0283489159251942,0.0,0.3804635531334198,374.0,3.2165147089023726e-16,-0.0069171666666663,-4.12
-0.9271230879570366,16.589111045234063,1,0.4753776050291752,15.585952923672677,0.0,4.242640687119286,0,2.0203334996376,0.4581460078048338,0.0,0.016524446580461,6.06636706846161,64.09653462615735,0.053666822480169,0.0,0.27227327298805,246.0,-0.0250879999999997,-0.1301439999999992,1.1
-3.180054046202029,36.156258791407794,1,0.1631443836307745,14.701780231974247,27.19203322199788,11.566439027493542,1,7.0458486396621165,0.3070203159882775,0.0659722222222221,0.0205080432050953,18.75954929201341,159.8234620925187,0.0371270867790735,0.3303941795727866,0.0508217020356759,704.0,-0.1826785882352942,2.1260821591695502,-2.39
-9.681369674321292,126.5522045937605,0,0.0876656738358466,20.31935185093775,46.40375956093006,18.965518945154383,0,1.418727272727274,0.2229051360093979,0.0,0.0140015614352381,0.0,460.4888436415611,0.0,0.0,1.1065220208326791,3828.0,0.6324587107438006,-0.5182647768595064,-6.8
-3.680441418886677,37.75036869483155,1,0.1666666666666666,20.461585577452723,69.60563934139509,5.808524858402426,0,0.3901500000000004,0.2704260414863776,0.0,0.0186269707100371,0.0,299.23603653767003,0.0,0.0,-0.1693815107526052,1806.0,-0.2989355625000008,-0.3985807500000001,-3.67
4.250913290197333,71.53879302536558,0,0.0957807369459192,14.70435806998643,0.0,17.30338063076517,0,8.2127103322132,0.2749632337987452,0.1978494623655911,0.0478913221353575,0.0,200.1440184032652,0.0821241670172055,0.8766246535522074,1.222806764051947,1158.0,-2.562051555555556,-3.219476444444445,0.358
-2.3035132719372453,32.20909781927399,1,0.3370008477690572,14.70271302789346,37.94808701785976,9.928004507313084,1,10.793551411245886,0.2742376705174494,0.0,0.0085737222284713,25.518234052289436,111.17779193608251,0.0237502991313377,0.1252301073612054,0.2548917783876056,786.0,0.052724828571429,0.7265822432653064,-3.4
-2.618453472714392,31.230509990945265,1,0.3225291937516031,14.701794120084896,0.0,12.39552147662646,1,11.07498253137846,0.4231023078386484,0.0696759259259258,0.025218782186529,25.12283840507545,231.993111077406,0.0364174499506505,0.3347294152888328,0.6083817542600489,1136.0,0.0510498994082837,1.0073715502958578,-3.81
-1.7432279718818,27.64912501682698,1,0.1428571428571428,20.400134440270847,44.94575136048208,4.949747468305834,0,4.696646662628668,0.2090686409165615,0.0,0.0014207633674969,0.0,34.11218982710561,0.0233217267845441,0.0,-0.0219297841034941,266.0,6.410519121708488e-16,-0.0553373333333326,-3.51
-3.1852445274802514,36.33576200808331,1,0.3602933237408885,14.65159729216398,23.20187978046503,8.134853562976977,0,4.053195156286928,0.5447784053454194,0.0,0.0177808654969382,6.06636706846161,233.59593542508009,0.0205582605125428,0.3099517293524917,0.8272754334436541,974.0,0.6049280000000002,0.4449068571428576,-3.2
-4.818253252565685,59.20768961173887,1,0.1364527386914936,13.302785176461748,18.19910120538483,18.641096113942183,1,14.16823615301422,0.4031860209199505,0.0282380952380952,0.0233853520642777,42.81902403369567,358.85107228183097,0.0207143065914186,0.288701379829499,1.139599594307915,1576.0,0.4383347160493803,6.063619999999999,-3.8
-2.915205051471932,37.50619562832948,1,0.2252577331530815,14.701775891331712,19.26246486877803,13.451607869427358,1,7.751688434622683,0.2916617004103195,0.0298474945533767,0.0152379280200939,32.10410811463005,102.84436417762784,0.0366048289863143,0.2108030962311157,0.2185852915770024,712.0,-0.0659141224489794,1.5426858775510202,-4.594
-3.4634431160051373,45.17887936822239,1,0.1449655142894338,13.30411861771026,18.572861836593773,25.271933707328905,1,14.373181822998207,0.2438811594895886,0.0354140483172741,0.01755511055622,64.52444435060507,215.31642222799823,0.0384538139354675,0.35761179578565,0.4431139329301999,1360.0,-0.388739446409991,0.4676896690946901,-4.31
-2.710286033840552,26.665529749280687,1,0.4010547388416763,14.70251025797543,0.0,9.411167754907478,1,5.8555860479800375,0.3181898332820658,0.0391941391941391,0.0216636182958585,31.18920547353706,125.21301739130088,0.0386448846543563,0.2816222508794088,0.583234983208477,550.0,-0.0871707692307692,0.2681544082840234,-2.35
-2.619390793417724,26.81972181875223,1,0.2662361020221473,20.274436714572413,30.33183534230805,5.6568542494923815,0,4.477603862102933,0.3293393139293539,0.0,0.0040368109790369,5.563451491696996,144.38185843813702,0.0291141502056794,0.0,0.5151102917182091,548.0,2.0815451535267167e-16,-0.1942687599999994,-2.39
0.1292029568463906,9.7520386326847,1,0.9045877396613669,14.708165908556165,0.0,1.4142135623730951,0,1.5215138905868886,0.3862534428571301,0.1638888888888888,0.0236709627265073,6.923737199690624,50.03829565273581,0.0504578477623094,0.5345177968644246,0.0718732743982621,142.0,-0.1382209382716047,-0.1842966913580245,1.1
-0.3986061027898508,14.100285995323071,1,0.7320747417140312,14.70816563120093,13.847474399381248,3.047206724228547,0,2.8968984481633338,0.2966396176163633,0.0922222222222222,0.0147809267630286,5.917906046161393,53.67165522621978,0.0425289084557281,0.3329115249114694,0.0648076272845493,218.0,-0.1033501511111099,-0.1361792888888884,0.1
-3.94901312411532,47.06903285589892,1,0.1978288237286641,14.69970967369636,18.19910120538483,16.591625366514133,1,8.530167115232842,0.3079975022396124,0.0479797979797979,0.0300541495674709,36.75265696523406,214.05416127323448,0.0533249893232147,0.3358609951079485,1.034986299631898,946.0,-0.3310051634349035,2.663821340720221,-4.805
-3.1118250589034897,30.22935372325505,1,0.2403257395970014,14.701775891562733,6.923737199690624,10.244243362718152,1,9.316991124834,0.3719130028712082,0.0380952380952379,0.0199558961957242,36.19823992025661,176.07984075146112,0.0274001533769809,0.2516284109202473,-0.135375303102746,1788.0,-0.1475081481481481,1.5212720905349784,-2.523
-2.287405162074553,38.70225468019829,1,0.2525093911738313,13.30279926632478,15.929943897949348,4.876566597576671,0,6.135566388492874,0.7185463540765221,0.0,0.038608388059344,0.0,240.23373132161743,0.0049171452987714,0.0,-0.1181688257888751,1830.0,-0.3615015625000006,0.53923825,-1.71
-0.742605195967224,21.632579989653912,1,0.3193697855459313,14.702709564550482,0.0,6.542300515641405,0,2.641004882728928,0.4751855473773556,0.1124579124579123,0.0362526418063539,0.0,100.1910082082438,0.0675916078675446,0.1893101358479838,0.4358940622437987,396.0,-0.3276799999999998,-0.0558178775510201,-0.667
-5.891670741745881,53.0579557652093,0,0.2095880067549556,13.30411979711301,61.31482245369272,22.390727089226647,0,12.784375170365491,0.3108208023552528,0.0,0.0185241827399517,41.67438489623849,373.1648773594118,0.0258196370828764,0.2018748026733783,1.1888441019095184,1710.0,-0.1114741222272518,1.1222035604345852,-7.337
-3.686602472508175,43.77484907559614,1,0.1649956569267448,13.302784201730784,0.0,16.235363694145803,1,7.117232677280398,0.4044595022077385,0.0636724386724385,0.0327901080540556,13.847474399381248,265.58399809725324,0.0268818650575601,0.3116989471061171,0.7569753286342326,1104.0,0.7535103999999986,4.874834481632651,-3.561
-4.634804247833502,54.69795310330747,1,0.1789487476912773,14.700473268151033,67.58740788430673,19.861450372951168,1,10.554766799162609,0.280248926443452,0.0203228869895535,0.0220681673497468,17.54772460632,250.4851375307788,0.0382630281685619,0.2819119043622123,1.2808402208396796,1094.0,-0.1520015425330816,2.2121071909262757,-5.071
-2.1558514394738117,24.935548104474385,1,0.3592695056104386,14.65159739221068,18.19910120538483,7.31835698204925,0,3.75789677361353,0.4056003685510744,0.0,0.0142259403784702,6.923737199690624,147.1414555489422,0.0275144769634389,0.3407063501213613,0.5056568787247782,436.0,0.7510588235294116,0.8937734948096879,-2.33
-4.392606467126006,32.167674455794135,1,0.259556193784894,14.702493769602166,25.12283840507545,13.560997669168536,1,10.34019690485078,0.2774691782815001,0.0,0.0114994037997958,31.395199005701247,163.50902249736163,0.0286832555016027,0.1894081296724442,1.066241760913026,1028.0,0.0173799999999993,-0.1955898631766818,-2.73
-0.9638384103087244,18.25,1,0.2556985977490313,20.32713568920567,12.152040213667762,4.242640687119286,0,3.7740910681837496,0.2386085007312412,0.0,0.0022715187726913,25.68328649170404,51.26277834128752,0.0280474878793808,0.0,0.0458111485905049,226.0,0.0,-0.0422441249999999,-2.59
0.4829130402062782,3.816483617504394,1,1.0,20.579526276115534,7.426652776455239,0.0,0,0.8051394278792001,0.3109175070825711,0.0,0.0015038066215792,0.0,41.6008076769619,0.0135363161052053,0.0,0.0140357884867784,40.0,-0.01517824,0.00569184,-0.9
-1.551677901786111,18.82721372121196,1,0.5153375282263765,14.70146967789978,13.847474399381248,6.094413448457095,0,4.769103566737997,0.2795745237229117,0.0,0.017884284531921,12.338727669087405,83.29258879752635,0.0304727103204114,0.4013645895154301,0.1612156403138332,394.0,0.0132040831758037,0.812761368620038,-1.92
-0.9450670385751992,23.14733817698749,1,0.5814815808134164,14.70816516215853,27.694948798762496,5.415816237971963,0,4.928582617861332,0.2398021753972368,0.0550925925925925,0.0095664541238857,11.835812092322788,75.9670141983289,0.0274773970663853,0.2129184308183638,0.1707560467540697,332.0,-0.0851666944444437,0.0428311944444447,-1.22
-1.4038562934674952,24.353911462169474,1,0.5486806574534626,14.708165167685634,30.33183534230805,5.6568542494923815,0,3.861248463396,0.3179455553999495,0.0550925925925925,0.0154953790044121,5.563451491696996,111.52559229986318,0.0475834842197422,0.2157784403311045,0.4826537366275848,324.0,-0.1214449999999995,-0.2435499374999994,-0.4
-4.285403530691854,46.02251473122027,1,0.2098045519239166,14.700629865297792,30.33183534230805,17.068022004399857,1,7.712201700537542,0.322570364605427,0.046590909090909,0.0272929039443719,18.19910120538483,223.4714726662997,0.0552153195688588,0.2445353439638815,0.937685586985913,928.0,-0.3168371983673471,1.5612764767346932,-3.88
-2.345269048869569,33.64379505098978,1,0.2266380397273616,14.701458445510172,0.0,12.624783420280034,1,7.000674283765544,0.3142322095964291,0.0,0.023267586603407,13.847474399381248,84.15385888171821,0.036014874505888,0.2199996449428338,0.6918864832507904,738.0,-0.0858930285714292,2.0918286693877537,-1.95
-2.231123257069624,24.1840392578253,1,0.4790641537852673,14.70272079114078,26.689117645233267,5.6568542494923815,0,5.405687815450239,0.2420092577908282,0.0,0.0058773893017053,12.84164324585202,68.42920264566851,0.0274137935704379,0.19022439947177,-0.1176207704923319,368.0,-0.0038738175999998,-0.0658154879999999,-2.13
-4.776047009387291,46.24929307983449,1,0.0949636829194482,20.21489774709668,60.160755107851486,12.008884736352844,1,6.709495232326667,0.2084331247347668,0.0,0.0026281868949629,28.46863405754981,171.57675534229094,0.0293099338196286,0.0,1.172528897184161,552.0,0.009369283950618,0.0114188148148156,-5.84
-4.481116462516357,72.0,1,0.2005178659172409,20.279573250954595,47.78983169384804,6.692130429902464,0,8.625993130910249,0.4184144184766947,0.0,0.0020688994775413,18.19910120538483,274.5117023539183,0.0093747154015902,0.0,0.3136790639950421,3894.0,-2.1890433909987904e-16,-0.0381603750000002,-5.6
-2.4967295404832406,25.12481390315176,1,0.1484587928900573,20.26596371042087,24.26546827384644,5.835193734454857,0,4.47299682155111,0.2376723944664291,0.0,0.0023728140611931,24.97437738277524,99.38364446165744,0.0279543592086067,0.0,0.446468364420056,298.0,1.528462301855531e-16,0.0193241481481482,-2.8
-3.8096264854141344,39.483157776222406,1,0.3867989180340545,15.589378074169783,24.26546827384644,12.008884736352844,1,5.721436925093999,0.2822775393589443,0.0533333333333332,0.0133121332574731,24.26546827384644,153.86983698351025,0.0460391037894614,0.0,1.3586716513915278,576.0,-0.1020354047999989,0.0421519168000008,-4.22
-2.321572355754054,25.41575848380837,1,0.590970704480355,15.589506946627768,18.19910120538483,7.030627697345596,0,3.767039880342937,0.3179455553999495,0.0444444444444445,0.0124839840959319,17.518958351388015,96.13343578975864,0.0467257563331318,0.0,0.3272523974805534,344.0,-0.0321616093749996,-0.0414639531249996,-1.52
-6.446629430587615,68.57368122728357,0,0.081843882724774,20.19208903209852,72.79640482153933,16.647041832318095,0,7.5481821363675,0.190886800584993,0.0,0.0027008723617227,43.089793715718365,215.13830523230664,0.0306762268239782,0.0,1.9278493609942235,732.0,0.0133402499999999,-0.0133402499999999,-7.8
-3.81512312411532,50.14670596661555,1,0.1960758046284923,14.699755354276588,24.26546827384644,16.482235566772957,1,8.53016711523284,0.3079975022396124,0.0479797979797979,0.0300544741898221,31.18920547353706,218.8749735482474,0.0500615571023179,0.3399772790960909,1.1961026712874696,946.0,-0.3310051634349035,2.747856709141274,-4.632
-2.2498179718818,18.817055263687443,1,0.2266355928227036,20.34124961989239,25.841400552376523,4.242640687119286,0,4.696646662628668,0.2090686409165615,0.0,0.0023702886961196,12.84164324585202,72.19311088063348,0.0256340087386796,0.0,-0.0196116668252565,266.0,-0.0105404444444438,-0.0474319999999995,-3.73
-1.070286102789851,15.285474895079512,1,0.8212871567665734,14.70682167571691,0.0,2.8284271247461903,0,2.8968984481633338,0.2966396176163633,0.0,0.0113194329972588,13.847474399381248,51.9543446542455,0.0286147864592946,0.3707106781186547,0.1396212938621968,218.0,0.0364818488888899,-0.2903331555555532,-0.09
-0.6226834675724673,32.554387511778884,1,0.1738654768849609,14.70161504489217,0.0,7.427746781790429,0,2.026060913415,0.5350950905814503,0.1311111111111109,0.0729032250647479,0.0,198.43534524452008,0.0690961560857814,0.698091764940914,0.0947300768521824,500.0,-0.7681706666666668,0.4556366666666663,-1.25
-1.11617707163951,17.067837509535288,1,0.7765138836412805,14.706464239686152,0.0,4.012289773726411,0,3.576219349173777,0.2721799490905406,0.0,0.0092788661360312,20.771211599071872,55.61183106933858,0.0264840969104379,0.2992491881391443,0.1962177747339091,256.0,0.0446906172839509,-0.0553753580246907,-0.24
-1.1956906928912894,25.69832886099526,1,0.4831333533423181,14.65157823748632,0.0,7.358797096569131,0,3.145515204163332,0.456101091120817,0.0609090909090908,0.0391150986859095,12.13273413692322,153.65796040366473,0.0539846033407472,0.5163431197320811,0.6551766229445626,462.0,0.384855466666666,0.5946619911111093,-0.74
-1.880634881883884,21.91978897812849,1,0.3467786913326984,14.702696496069493,0.0,6.692130429902464,0,5.874503121989735,0.5031101286959508,0.1097643097643097,0.0292198974456451,19.14161064273732,150.04562196900542,0.0423438979367568,0.1941428619138307,0.1948083286058509,604.0,-0.2683221333333329,0.7392158399999995,-2.436
-1.3646143688016217,16.28162645183529,1,0.637515098591351,14.702719808265414,13.847474399381248,4.680199886083999,0,4.063287563332421,0.2748250104532309,0.0,0.0066206489587502,12.841643245852016,80.98866372275795,0.0212010555320931,0.2395515727781802,-0.0167007593694421,292.0,-0.0024476454293624,0.1334944044321326,-0.74
-1.6152610027631449,37.20138756185203,1,0.2650707193421075,14.702705865361075,6.4208216229260096,12.853890887981988,1,8.287275036917052,0.2567832400897015,0.0292892156862744,0.0119447631157072,49.3549106763496,68.23414464846563,0.0323268146592746,0.1090033706818284,0.035297975945827,652.0,0.0091812520775631,0.8341558670360117,-3.171
-7.957817988947085,86.84286953496533,0,0.1222004562948548,20.2551716956546,81.73837347831831,13.808286839352307,0,5.545029812233093,0.3218731698397812,0.0,0.0042788868816616,12.13273413692322,373.479522121288,0.0137876617747235,0.0,2.244917663909093,2170.0,0.0291788512396698,-0.2334308099173548,-8.01
-6.978228192529344,75.07492637415743,0,0.0701387187828875,20.2008410349614,84.92913895846256,18.10169550921108,0,8.61051888148589,0.1864782882806364,0.0,0.0027867303240131,43.089793715718365,242.42333241395968,0.0304154777774683,0.0,2.181138388059101,806.0,0.0143467160493833,-0.0215200740740731,-7.87
-2.865086620019952,28.088138246456808,1,0.1280126518464554,20.266471921714132,24.26546827384644,7.737734478532144,0,5.489587008267275,0.2229051360093979,0.0,0.002155104542455,36.81018947509803,89.69805039717451,0.0294604668139819,0.0,0.4170652969050222,372.0,0.0070560000000011,-0.0227359999999987,-4.37
-3.816147577595526,43.8318475646478,1,0.2433184205789147,14.70178946260824,19.420578929450517,19.260741365880712,1,12.651079544653332,0.2141936321695983,0.0198333333333332,0.009125976677039,79.6054705445937,166.5639445585076,0.0323634950470266,0.2178296482649582,0.1761855093294115,978.0,-0.1042527407407459,-0.0294055802469154,-3.45
-2.749806625930476,25.236246306225823,1,0.5579439813767098,14.706462863739418,18.208754243757102,7.778174593052025,0,5.588022842437738,0.2672297156616445,0.0,0.0145860624958732,24.117007251546227,119.18858181632883,0.0408650607156768,0.1716613961020091,0.6539003951772773,436.0,0.0371095652173922,-0.2360897618147429,-2.92
-2.0970878138740474,25.92052554896016,1,0.547292113660097,14.708164993344944,26.689117645233267,5.974691494688163,0,5.603020215168073,0.2284067944444295,0.0485185185185185,0.0084663977071895,19.765380445542643,69.0713550001872,0.0287936065399281,0.1884658840036528,0.1132422780627871,370.0,-0.0819124828532229,0.1770558079561044,-1.6
-4.040681998606841,34.12147212725228,1,0.0994289203603781,20.2736567634102,56.5180374107767,8.485281374238573,1,7.246254850912801,0.1978749221194441,0.0,0.0021963067346002,18.40509473754901,101.1317760732958,0.028485504260998,0.0,0.2925929882732209,450.0,1.4893894606515802e-15,-0.0464833599999986,-5.21
2.2317318555873884,31.556155551824297,1,0.2070650037953527,14.705290885859688,0.0,7.387306667270548,0,3.5035430442449984,0.3470673197396387,0.2238095238095235,0.0496396348480669,0.0,121.81768090478344,0.0740141868313238,0.8945637730230349,0.4128230931036993,510.0,-1.2403279999999997,-1.2865439999999992,0.39
-3.045297049873022,33.945006451883025,1,0.2339239910554402,14.70057003873802,18.19910120538483,14.44644393531756,1,9.09596191435561,0.2768720259188832,0.0,0.0211577829018453,31.898114582465865,145.43898371710418,0.0366591243703934,0.3591868392144693,0.7916470275751037,866.0,-0.0559598048780492,0.2981992837596658,-1.601
-5.477811933053511,55.71272136531476,0,0.2254009771609063,14.701188937674162,67.38118952215433,21.614670622818807,0,12.65140400373762,0.2891711821698633,0.0,0.0170678911485649,41.67438489623849,373.0143709808448,0.0265348220813724,0.2091610527973436,1.2966164514264469,1630.0,-0.0632107632412856,1.2431742802172925,-8.017
-3.347866603759015,35.609004824812345,1,0.2658172876778317,14.70077137882764,0.0,14.77306950856324,1,11.285586208063725,0.3007825447989566,0.0,0.0211584954433421,38.9703128044567,194.2571172315605,0.0279503389209405,0.4936572909438937,0.7804224657352687,1062.0,0.3980706691015339,2.453243708546385,-3.42
-0.8594803492862518,14.29229296672175,1,0.6091465574798365,14.70816549007688,6.076020106833881,3.5355339059327378,0,3.3919464731837494,0.2995481027607745,0.0753968253968254,0.0151802595260891,12.84164324585202,82.51275307220132,0.0431203486984516,0.282360434560398,0.0407206702749571,254.0,-0.10552625,-0.1902707499999999,-0.15
-1.845265607248686,26.09705548780492,1,0.4430431639544589,14.708164694005518,23.2982492738063,7.399237211089012,0,6.517919588417309,0.2314252028779518,0.039141414141414,0.0088881913952216,33.61285484492389,95.5560036853982,0.0391724510416535,0.1547458782310046,0.0345175530737394,442.0,-0.0856009036860869,-0.1124707538644465,-2.46
-7.000855007875503,58.62193353304844,0,0.0788797370031133,20.205891809598608,54.09438803938988,17.503978527765707,1,9.139420532682808,0.1894223157421229,0.0,0.0021032133676322,69.27599578418702,197.4207551143501,0.02743242214985,0.0,1.5426113552730016,772.0,0.017739360116874,0.0379213469685907,-7.92
-2.87186176130878,29.461446373143847,1,0.3426482890674076,14.7027131751172,32.03018097169837,8.55423105945987,1,10.413181335640498,0.2746994469135728,0.0,0.0089209403952165,19.765380445542643,107.96468798079708,0.0245384170760038,0.1349788781186661,0.3318816799827698,750.0,0.0518716756055363,0.6951223762975777,-3.53
-4.776047009387291,46.24929307983449,1,0.0950866473945803,20.21413692477481,54.59730361615449,11.968444621832964,1,6.709495232326667,0.2084331247347668,0.0,0.0026352872716648,34.0320855492468,170.2302215333262,0.0294752550199145,0.0,1.1801113701930777,552.0,0.009369283950618,0.0114188148148156,-5.85
-2.0080132709123046,31.63388153815468,1,0.222902709274644,14.700865216047903,18.19910120538483,12.049324850872727,1,6.358232455330758,0.3316404331184587,0.0362745098039215,0.0304887042636788,6.06636706846161,137.5939212072494,0.0472991440456063,0.486157268959842,0.5351336570300635,714.0,-0.3232492604042806,0.8405124090368602,-1.57
-0.4696256793273014,9.509775004326938,1,0.4210224269884365,20.34287087380936,6.076020106833881,1.4142135623730951,0,2.012848569698,0.2896900821428475,0.0,0.0036755126545164,6.923737199690624,66.99596284603291,0.0267252269170194,0.0,0.0439708604837332,114.0,-0.0105404444444442,-0.0158106666666666,-1.08
-5.7082077162458695,57.07368122728358,1,0.2277287389867506,15.588530761649098,48.53093654769288,16.142135623730955,1,7.2996276513675,0.2495112497836532,0.0,0.0070512947174992,24.26546827384644,201.09493130187067,0.03568641080039,0.0,1.6661460541247075,758.0,0.0293111874999999,0.0462314999999998,-5.4
-2.657603371098125,29.41154681383001,1,0.233662638268046,14.702705936398711,17.521374209088158,11.670387468909716,1,7.457094379744554,0.3389813414121665,0.0318102240896358,0.0165418065002116,31.18920547353706,217.37100145373304,0.0306020913979099,0.1097406976641097,0.7464951881881818,896.0,-0.1018041379310343,0.8282065267538646,-3.9
-1.4107776514077517,26.75,1,0.4068467646253357,14.651596414734309,0.0,7.358797096569131,0,3.24986056918375,0.4528195311147832,0.1055555555555554,0.027457408001023,12.13273413692322,142.66682048150562,0.0476583818395399,0.3409071341154807,0.5895752773322844,448.0,0.4753279999999998,0.7482754999999994,-2.37
-0.6641040736941088,14.650110843168695,1,0.5793270812420603,14.701471776581917,6.923737199690624,3.5355339059327378,0,2.7518188600537146,0.3621368434811013,0.0,0.0299827581913313,6.4208216229260096,75.61064648031015,0.0580011157918744,0.5973879417178906,0.0993890036688089,280.0,-0.0396166530612242,0.304613795918368,-0.49
-3.279106178451973,26.09475791313096,1,0.2835488295393453,20.393860514963805,32.60702369139466,4.949747468305834,0,6.167051360081738,0.2478527920684812,0.0,0.0020248866493787,6.4208216229260096,104.33768779713692,0.019537891894614,0.0,0.1406954900052083,556.0,-0.0047250680529296,-0.1386648374291111,-4.0
-2.830792274602763,44.99698629931746,1,0.1494054422784135,13.30315461888754,19.92349450621513,23.17003422613385,1,13.353938039041893,0.2591224202095211,0.0570966748768472,0.0188391980098221,55.74715890452848,245.96850615422397,0.0363157379412832,0.3019394711680636,0.5701729039849938,1302.0,-0.5433359999999997,-0.4080800000000001,-5.613
-0.4975398025731922,32.582131268058525,1,0.2062481718454738,14.7017930250394,11.38172479611316,9.529646262985487,1,17.05359175994738,0.4392560211850984,0.0,0.0258170012061843,11.806856088638648,155.5262852204363,0.0415377824206041,0.509613160081097,0.7514056060465415,1270.0,-0.7334816523668632,0.4748145532544392,-1.995
-3.364429757905245,39.29022709499203,1,0.2735400320712856,20.279437756804672,11.600939890232516,5.875633848974738,0,17.825581312930662,0.4535095090581451,0.0,0.00293365057107,46.856338900914494,220.12259192805,0.0164255586532174,0.0,1.2815148556876113,3318.0,-5.551659440803127e-17,-0.0008760416666667,-4.03
-0.5475027501564685,14.12674833210577,1,0.5,14.651598639500728,0.0,3.0472067242285474,0,1.5026497701225,0.5301029995663982,0.0,0.0207410657105279,0.0,97.39964954654658,0.0336278421142622,0.6626105059170284,0.0265178367677341,254.0,0.6573852399999999,0.7178489999999988,-0.22
-1.290191016200543,19.3974613230514,1,0.2906716154645297,13.304122757881276,0.0,6.651690315382584,0,2.427285073735692,0.5685567312360539,0.1855820105820104,0.0492966558314026,0.0,136.36670179326637,0.0746707057232641,0.1942420145035193,0.3952199274988803,440.0,-0.7049452307692309,0.4253796449704136,-0.972
-3.1147727302582204,34.63015266316584,1,0.2929365374092338,14.702508997956867,12.13273413692322,13.451607869427358,1,6.049843769789999,0.33538173444042,0.0,0.0230102290926734,24.26546827384644,152.75199956613895,0.0445767374220085,0.2274304151176173,0.7546316896854212,704.0,-0.0939850754458159,0.4006593196159129,-3.672
-1.3278330856265723,19.981454170753217,1,0.3317698442706641,14.702696644848432,0.0,5.875633848974738,0,5.029151728930666,0.5815855815233052,0.1258333333333333,0.031209746147189,0.0,132.07962079053323,0.0516977998895794,0.2183640409959218,0.4172618397530837,566.0,-0.2827730833333331,0.4055391180555557,-2.273
-1.1270508345985493,12.993974703476994,1,0.7109991747003386,20.466487950515926,6.923737199690624,1.4142135623730951,0,2.7541774965918755,0.4329316468984661,0.0,0.0030848039024012,0.0,87.52474674690947,0.0173809548436421,0.0,0.0276016325952906,366.0,-2.626562499999582e-05,-0.1299831874999999,-1.06
-1.8403640277364672,25.0,1,0.5,20.47350993280114,0.0,2.121320343559643,0,3.4262697096980004,0.5,0.0,0.0052568152085275,0.0,132.98295330969813,0.0178381354841419,0.0,0.2317763619047881,654.0,-0.0110775624999998,-0.5345627500000001,-1.06
-3.371932386945561,43.7709762989226,1,0.6536304201744504,14.708164103372502,34.802819670697545,7.427746781790429,0,4.1290488268823085,0.4799048446968728,0.062034632034632,0.0312998509430056,6.06636706846161,230.75906988425788,0.0355213809859864,0.1745006319025485,1.2747917939179356,1150.0,-0.3237369230769234,-0.3183437218934918,-2.67
-3.931831649210435,40.257113992714,1,0.096085736465682,20.2549944844154,60.160755107851486,9.968444621832964,1,6.280087537457759,0.2150896787446934,0.0,0.0029065281177211,18.050640183084614,154.47341362842351,0.030782038920451,0.0,0.796893558884532,480.0,0.0054641664000004,-0.0067163711999994,-4.62
-2.2220947523518912,26.972976994990923,1,0.2548482812767597,14.696259853816985,25.92692432582241,9.716924266141326,1,9.652784555935874,0.3275751560066098,0.039047619047619,0.0163764364567252,6.255769183511404,129.58216549620997,0.035002091694569,0.263817276669501,0.2154528073837389,824.0,0.3261474521484377,1.6434497714843743,-1.62
-4.565661576512394,54.63709585713149,1,0.2209237077077351,20.27686378720863,46.40375956093006,7.427746781790429,0,3.053154568081667,0.40701901811629,0.0,0.0043028545825427,12.13273413692322,278.1609891630213,0.0103099771167776,0.0,1.2368727166075724,1374.0,2.3599887476343096e-18,-0.2834026666666667,-5.56
-3.1838593273748232,26.558890612510183,1,0.3405595115439199,14.708158306620463,13.344558822616634,10.922840573203286,1,7.078320077469559,0.2859074418537571,0.0331944444444444,0.0195598789092541,19.765380445542643,80.71806885881284,0.0461851627759444,0.1182154935727849,0.6814365337333682,626.0,-0.0863084705882348,0.9844516332179932,-2.24
-3.4393310954569456,31.47653169512922,1,0.1832368296563704,14.701780231974215,26.344316129141134,12.27354580868009,1,10.692704604908402,0.3199929579056392,0.0582043343653249,0.0174467286446661,30.977422735060102,202.3786433364255,0.0322349723013012,0.2082256825732911,0.4229304694200571,932.0,-0.1457151999999995,1.4412637085714282,-3.46
-1.259883257069624,31.016258969714027,1,0.554824727541465,14.708165032291982,32.10410811463005,6.473350830420108,0,5.405687815450239,0.2420092577908282,0.0485185185185185,0.0092419783572978,12.84164324585202,50.64692981934353,0.0366914733793144,0.195155200840796,-0.0292660673147549,368.0,-0.0833180799999996,-0.0553693375999997,-1.29
-2.1805408907343558,26.19594964293913,1,0.4330233959611612,15.589507974793635,12.13273413692322,7.030627697345596,0,5.514561358443214,0.4135200051928959,0.0,0.0090228762497849,12.13273413692322,132.71966055919393,0.0382329183047503,0.0,0.3159804289765175,562.0,0.0052877908163271,0.0031775459183684,-1.5
-3.20891824798965,38.22196517496658,1,0.2862813260651751,14.704680131416128,0.0,13.065180168918223,1,19.578310148222684,0.345268470032267,0.0,0.0183226877532652,38.112942673227685,157.75135926945185,0.0270982180030847,0.4229184962998887,0.9571159414059386,1406.0,-0.5708502857142859,2.3443174489795893,-2.3
-3.5013074144068974,47.89125606121635,1,0.3068568605175654,14.702558930521304,13.847474399381248,17.179861136840945,1,11.831153143820975,0.2052459260896786,0.0215007215007214,0.0070960614408591,80.45318763745044,109.08488454251088,0.0303299233096256,0.1686822762621526,-0.0300180288565682,842.0,-0.0808412733564055,0.0589831803152599,-4.16
-1.800219464761479,23.74937501201927,1,0.1500536600249671,20.356827218918674,39.53076089108528,5.835193734454857,0,5.367596185861333,0.2002842627197176,0.0,0.0013661567082827,11.835812092322788,43.13632868718479,0.0220073839730787,0.0,-0.04602693480269,304.0,7.243186390177354e-16,-0.0158106666666659,-4.3
-0.908933202819753,13.671143071538427,1,0.2636462680271478,20.389998062981626,20.771211599071872,2.449489742783178,0,2.8754979567114285,0.2266982160150637,0.0,0.0014407284332553,5.917906046161393,44.45923909599222,0.0192326049719966,0.0,-0.0235585860691253,154.0,-0.0120999999999994,-0.0043559999999997,-2.55
-1.030729148097026,20.39156160594377,1,0.2561978426901287,14.702710879327016,0.0,7.140017497086775,0,3.351410405613529,0.4255584121615642,0.1376923076923075,0.0270934782871951,12.13273413692322,112.25910428280903,0.0638879613723082,0.1738309019496279,0.5731260172341498,434.0,-0.1609637647058819,-0.0811355017301034,0.009
-2.292692588440671,27.717795843669904,1,0.396001521648965,13.303154698700956,6.06636706846161,5.875633848974738,0,3.2596539049306665,0.40701901811629,0.0,0.0115795583475789,12.13273413692322,141.64313669429075,0.0296241132531577,0.0,0.5017138904456472,382.0,-9.920672925131965e-16,-0.1491526666666676,-2.0
-2.013767125305438,26.103006240264392,1,0.2040751100193551,20.268746566999475,42.98679113274043,5.6568542494923815,0,4.025697139396,0.25,0.0,0.0038126902548391,5.563451491696996,126.85765884456865,0.0328784770805537,0.0,0.4605182461899544,296.0,0.0,-0.0237159999999999,-2.82
-4.417179810857412,56.40115189315608,1,0.3831973196513425,14.70600590191324,46.40375956093006,9.496696467011724,0,5.763803660949884,0.4581496421573112,0.0520669806384092,0.0427866537225584,0.0,252.75976246054256,0.0394899270798966,0.2793937609415037,1.6683151850582438,1540.0,-0.5795176470588229,-1.4022718754325256,-4.02
-1.2714853672858073,21.331172802194736,1,0.2215867289688878,20.332099300599445,18.57286183659377,4.949747468305834,0,4.449454733016631,0.2235094672362416,0.0,0.0021369478700599,25.68328649170404,46.34911110857425,0.0281660411651284,0.0,0.0286093604458262,264.0,6.937620546525857e-16,-0.050125506925207,-3.18
-3.322268061686397,35.71349822823692,1,0.4578952516927212,14.708164692997563,51.8694885601727,7.071067811865477,0,6.949992823922969,0.2110847813434559,0.039141414141414,0.0075090390484891,6.4208216229260096,68.1182479031446,0.0353686705074248,0.155154752341322,-0.0148790596092808,446.0,-0.0772421744719908,-0.1865398420569317,-3.63
-5.354963534134187,51.26808825981832,1,0.0885195773510694,20.22968245006077,60.6636706846161,13.939935051131547,1,7.079674279627446,0.2014106951529818,0.0,0.0026921067165924,39.44707601864358,186.29413364027343,0.0320391938436325,0.0,1.259175405438304,624.0,0.012182297265161,-0.0121540975029718,-6.68
-2.4258940537980678,32.85815003557704,1,0.25,20.368103304162027,46.40375956093006,3.932652990377571,0,0.3468000000000003,0.355245321275764,0.0,0.0093081814756414,0.0,253.4286289229207,0.0062846969902101,0.0,1.1501791656363811,1228.0,-0.2361960000000006,-0.354294,-2.54
-1.7992379289184517,35.75,1,0.2387683002308359,14.650457272167689,0.0,8.841960344163525,0,3.0399645125469994,0.4764097655573916,0.0,0.0286270457364259,6.06636706846161,201.53523854078543,0.0306716634643121,0.5690456157805112,0.5979040591099973,574.0,1.1889919999999996,1.1706859999999994,-2.29
-3.971765513393736,32.21603271523779,1,0.3902251466006955,14.702558928805663,24.639228905055383,16.35617461765403,1,9.75418109649,0.231964388617086,0.0226984126984126,0.0130423209112515,54.86082965818264,151.27777083193072,0.0389070230015937,0.1773254127100199,0.5281242995512881,796.0,-0.1081435200000007,0.1235955199999997,-5.282
-6.465636325971258,59.47094170142381,0,0.0815580882225204,20.206302193507177,54.59730361615449,16.68748194683798,1,8.288199992874116,0.1921228415867805,0.0,0.0023427434403759,62.3522585844964,197.4443785145074,0.0296858584656882,0.0,1.5631868468525691,734.0,0.0160842076124572,0.0003282491349487,-7.85
-1.3820743688016217,17.921842194693067,1,0.5764176047052474,14.702721096716164,13.847474399381248,4.242640687119286,0,4.063287563332421,0.2748250104532309,0.0,0.0072791663619396,12.84164324585202,80.68896070002592,0.0246656026453591,0.2427250602031102,-0.0321585643964443,292.0,-0.0024476454293624,-0.0461506481994461,-1.52
-2.0664670385751998,24.512731335023204,1,0.5616538317034973,14.708165167967149,32.60702369139466,4.949747468305834,0,4.928582617861332,0.2398021753972368,0.0550925925925925,0.0097921422897696,6.4208216229260096,68.21100797393073,0.0347619290238645,0.2129838422163134,0.1273217818380382,332.0,-0.0851666944444438,-0.1681488055555551,-1.81
0.3691264373472808,7.0,1,0.5,20.26952627611553,0.0,0.0,0,1.006424284849,0.5,0.0,0.0152631909562636,0.0,105.45485830207718,0.0370663866012847,0.0,-0.0353892508819571,74.0,-0.0059289999999999,-0.0118579999999999,0.29
-5.074115335638913,54.68850827847373,1,0.0982810847410374,20.230929970682134,60.6636706846161,13.19238815542512,1,6.193380214455384,0.2044992941858259,0.0,0.0027861547025299,33.02625439571757,189.05807145867465,0.0316194418553836,0.0,1.0260917213020124,586.0,0.0105248520710067,-0.0140331360946733,-6.0
-1.8172605002407087,15.57894792087341,1,0.2567226925848007,20.34126874813817,25.841400552376523,3.5355339059327378,0,4.025697139396,0.2202187890038466,0.0,0.0025283296574812,6.4208216229260096,69.33467946160317,0.0256409679688026,0.0,0.0368214954966159,228.0,-0.0105404444444439,-0.0395266666666663,-3.23
-2.83661969699095,39.66849836113588,1,0.2032868725798521,14.698012280264493,35.48754806905859,13.553507350622416,1,16.201357436528383,0.3734436303819114,0.0,0.0173818026837727,13.847474399381248,199.0520143170336,0.0267216111305276,0.3092750757111626,1.142700322535485,1218.0,-0.3652571764705874,2.2724759584775094,-4.862
-1.6018465057257236,26.45449910674735,1,0.3747631660054923,14.651597572982112,18.19910120538483,6.542300515641405,0,3.0344268141575,0.4536999331391317,0.0,0.0172477143899715,0.0,141.60014136854144,0.0316739851341065,0.3786202716959677,0.5267242734382738,398.0,0.7179519999999999,0.7447484285714279,-1.8
-0.98418594980076,15.0368602655289,1,0.4497395265476873,14.651598476637622,6.923737199690624,3.7543135054150953,0,2.182874859666,0.4510762136412372,0.0,0.016407676896182,0.0,103.02964316877808,0.031213484179672,0.5579283877415944,0.0853742059451451,292.0,0.723502177514793,0.8209201183431939,-0.8
-2.344433287716148,32.603589612462834,1,0.232330406476185,14.650457272157327,0.0,9.618016810571367,0,3.753446632116946,0.4404545781342904,0.0,0.0241366510921074,12.990104268152232,205.7031683736952,0.0272759376924532,0.5251731580122789,0.5277271659383805,612.0,1.2872218947368408,1.519869307479221,-2.82
-2.277339294370529,19.235135455005175,1,0.5756180261663633,15.58950922124097,6.06636706846161,5.875633848974738,0,3.962826158184,0.3066199320064434,0.0,0.0060180112229746,24.97437738277524,81.46824529462096,0.0294620409526718,0.0,0.4262709828133035,310.0,0.0247190588235295,-0.0154995986159168,0.38
-0.553266660919497,17.802797331369227,1,0.5282482815329421,15.588768822692687,0.0,4.352030486860464,0,4.6495391876376,0.55583362792012,0.1444444444444445,0.0301620169946223,0.0,89.21482157881692,0.0620978714303431,0.0,-0.0675541485590937,466.0,-0.2143344999999995,0.2328113400000001,-0.36
-3.850236358103065,44.482900233878325,1,0.166285189462724,14.701791915607092,12.13273413692322,17.105620283438107,1,21.041400427998973,0.3762136821350988,0.0,0.0179708444386198,49.16878942105628,282.40901879247264,0.0270812667174521,0.3244073346887678,1.4966863903300982,1852.0,-0.6462282974999998,1.303936129999998,-6.34
-1.638713851347129,25.237949406953987,1,0.3152639897368633,20.468249581067187,35.435270352154696,3.5355339059327378,0,9.50652759318375,0.3246987351738496,0.0,0.0020856356987027,0.0,107.41092991572432,0.0180480335385396,0.0,0.0986251122364688,666.0,0.0691257343750001,-0.0181760937499998,-2.42
-6.152507296609523,59.55660853747008,0,0.0796196994432102,20.2046911288473,66.73003775307771,15.42309829872594,1,8.112389689994968,0.1949443613783867,0.0,0.0025758396150584,44.8045339781764,209.0907147920441,0.028548375297924,0.0,1.70066968391535,698.0,0.0128053333333331,0.0153533333333331,-6.57
-2.428524214978162,30.53009755069738,1,0.1629628004805312,14.701780231974244,19.92349450621513,10.968722046048171,1,6.08811915842379,0.3379033356379087,0.0713725490196077,0.0245298732566292,12.338727669087405,176.0768102699092,0.0412033244353613,0.3524204582109724,-0.0131029943260823,664.0,-0.2284491034482758,1.9792324375743149,-1.708
-3.7902854759326834,45.0,1,0.2122767372541593,20.27774362940997,40.86918673915916,6.611250200862703,0,3.617132995910251,0.4184144184766947,0.0,0.0043942425383331,12.13273413692322,225.955149200731,0.0163157496256345,0.0,1.092395570939871,1086.0,-3.8934966362091925e-16,-0.1239843750000004,-4.0
-3.5041142274904544,45.08395232667354,1,0.2698115841571445,15.496599200372971,36.39820241076966,10.606601717798217,1,6.047182166716616,0.2796164966510751,0.057142857142857,0.0125012971251324,24.26546827384644,161.4107839832987,0.046429239793249,0.0,0.9812470087114378,542.0,0.1296754556213032,-0.0857760946745544,-2.92
-2.0425109188243216,19.39195404241258,1,0.3828614988203446,20.3811591022797,6.923737199690624,4.012289773726411,0,4.814210902354941,0.2852838314120776,0.0,0.0019101885752747,20.268296022307258,94.09189835249364,0.0161937269197695,0.0,0.147358017223222,480.0,-0.00322223183391,0.1694931314878891,-2.51
-3.5830040465119937,32.779420664801805,1,0.4138027691293163,14.701468956637,39.02784531432067,8.594671173979751,1,7.455267599394684,0.2304062605764648,0.0,0.0123006311485451,13.344558822616634,74.79412540903431,0.0307463843500983,0.2813322063378427,0.1304367691954653,546.0,0.0387648783673474,0.8348971559183677,-3.8
-1.6074065458668945,26.493974703476997,1,0.5924524675426542,20.46903197837104,29.51460782675868,1.4142135623730951,0,18.351397734091872,0.4329316468984661,0.0,0.0018996785596456,4.42755240229441,117.5780047652816,0.0135110072946712,0.0,0.248268952678496,2886.0,-0.0085100624999999,-0.0171127499999999,-1.6
-2.616770319564508,34.34047558187258,1,0.2294608289539389,14.70065932873888,18.19910120538483,12.308544564874966,1,7.138485491603879,0.3165263962287297,0.061300309597523,0.027402203823136,25.980208536304467,169.72732703325596,0.0437055493669866,0.3219288148273002,0.7492293488026535,738.0,-0.2325658181818187,1.7941752323232314,-1.83
-0.2965645233392958,14.949875002403854,1,0.5789501599289939,14.701398610386194,6.578935683598497,3.644923705673916,0,2.5334121692136664,0.40701901811629,0.0,0.0354875441477332,0.0,84.40660246890971,0.0502776002869425,0.5848052710186952,0.199159745561528,278.0,-0.073020111111111,0.2874864444444455,-0.22
-3.699361108020845,39.09106281944291,1,0.2595993956126101,15.588083479791669,24.35060757996992,14.78494120276069,1,10.492139422998967,0.2949125817251486,0.0,0.0112928830486905,31.18920547353706,151.87917220662555,0.0343144404956883,0.0,0.5957086421968434,958.0,0.0507273788927329,0.1358614679930784,-4.706
-4.1615239941358215,35.332271802697775,1,0.1157076698266079,20.24976943281154,6.06636706846161,8.163363133678393,0,6.560395338274962,0.2050772104486569,0.0,0.0013756297249886,62.43594345693809,103.68310329028152,0.0209100515131409,0.0,0.4886079631185947,412.0,4.024272244506213e-16,0.0949615967078191,-4.0
-2.7014202068811493,44.00871212937034,1,0.1656620864920048,14.701780231974231,32.10410811463005,12.225765565757555,1,6.767411270792,0.3199460293301641,0.0659722222222221,0.021658037003255,12.84164324585202,147.4254624078153,0.0422564894487814,0.3319597287623865,0.2583237533130547,702.0,-0.201414984375,2.005696484375,-2.982
-4.9613361034125205,51.02152948310336,1,0.3673987644860049,14.708164060433752,77.55277505187675,9.899494936611667,1,9.639879191601109,0.1886580469084408,0.0281944444444444,0.0058854988668914,6.4208216229260096,83.39593687134655,0.0330265930150409,0.1138054333064698,-0.0818346321102289,598.0,-0.0717365056790123,-0.2150222617283949,-5.84
-3.63659523271825,41.87846046381262,1,0.2223615195589315,14.70097711564279,12.13273413692322,16.18133657836807,1,19.337421324527657,0.3047867506482706,0.0243741765480894,0.0204574414639869,58.55827622401499,206.2394996949183,0.0291221811627558,0.3494929854543966,1.341916760529019,1350.0,-0.6638784782608693,2.805162351606805,-4.194
-2.790325882761411,39.5,1,0.3307537887563039,20.467351052291413,34.802819670697545,4.012289773726411,0,3.053107567273501,0.5,0.0,0.0107589200332524,0.0,225.89052285420297,0.0075297017123278,0.0,0.1206754668337081,1230.0,-0.106276,0.118195,-2.18
-3.947596935841852,46.69846003210928,1,0.1907501564581385,14.700321703740782,19.420578929450517,23.18862894814412,1,13.588065024722544,0.2314119557545199,0.0186206896551723,0.0170053374050118,55.43093078318349,181.45221763057276,0.0317894620996293,0.3702262683849651,0.1999543406724575,1242.0,-0.1647267084171216,0.9561416317150246,-4.21
-2.4081031337777588,28.242587833700192,1,0.5763834742526907,14.708163842810592,32.903945735995094,8.30271070376823,0,5.947582917549839,0.2547379046905644,0.039141414141414,0.0158869059934203,23.111176098016998,112.49582525582518,0.0455977221086936,0.1595023683992924,0.51240015305042,438.0,-0.0945046400000004,0.1344985151999997,-2.41
-5.34298108139914,51.85120150990596,0,0.2393350833543703,14.701190081483604,55.82843437859245,20.2408971749656,0,12.601036367344694,0.2206800750826898,0.0,0.0141750844350385,55.00929068048285,213.9907969718304,0.0320681233650667,0.2249045768289001,0.995882159582726,1046.0,0.0459133727810611,0.8969385325443735,-5.24
-3.364429757905245,39.29022709499203,1,0.2464940551704139,20.27943376366759,23.733674027155736,5.835193734454857,0,17.825581312930662,0.4535095090581451,0.0,0.0033317653723314,34.723604763991275,203.5894463309569,0.0189938008882206,0.0,0.6723660602481478,3318.0,-5.551659440803127e-17,-0.0008760416666667,-3.54
-2.194275933920694,27.8363992259387,1,0.5524072974149383,14.708163022500948,6.06636706846161,8.55423105945987,0,4.146671922742944,0.3580911800209697,0.0421717171717171,0.0257138961334723,24.26546827384644,126.51050720246349,0.0567089372697319,0.1607819507547368,0.9083159393079988,444.0,-0.1605361358024689,-0.0868783827160493,-2.16
-0.9751559239316672,22.826625372424548,1,0.6981279640439851,14.708164475920857,18.19910120538483,5.059137268047012,0,3.143192603973691,0.3551795426534944,0.0636904761904761,0.0299331695246735,12.13273413692322,112.09584102233605,0.0613880550857636,0.2493354663015892,0.512150790451844,286.0,-0.1387144615384609,0.0001789349112427,0.0
-0.55960157746339,10.804820237218406,1,0.4267847248931489,20.25217859368805,6.923737199690624,2.121320343559643,0,2.4154182836375995,0.2922852532386288,0.0,0.0049116809723931,0.0,86.1781637737405,0.0274819923176783,0.0,-0.0191974373849406,150.0,-0.0085377599999999,-0.0132809599999999,-1.24
-3.0159528807786007,36.22803936548186,1,0.2998675674365779,14.65159685843162,30.33183534230805,9.99695419253438,1,4.525719956662949,0.3652050173140734,0.0,0.0132478571375307,11.452591282926406,183.251756317492,0.0301935705486801,0.2637110773695775,0.7696900835392406,544.0,0.7639516899999999,0.7998485699999999,-3.54
-3.573861902147709,56.4784772805837,1,0.1656866695807364,14.7017784750556,36.39820241076966,18.539254708175783,1,9.708679208732567,0.2823822189050517,0.0,0.0138143119267671,37.61002709646307,242.66846071172904,0.0327719316096071,0.2206691775035883,1.0570433553761798,992.0,0.1653379773242627,0.8809911020408161,-3.27
-1.4541970847062164,25.668988490811223,1,0.5237075856027901,14.708164975671426,30.33183534230805,6.542300515641405,0,4.56442863770579,0.2910563814844882,0.0485185185185185,0.0129805358012807,12.48718869138762,113.78731777152854,0.0417330399371552,0.1893101358479838,0.4738253872955483,362.0,-0.1096290526315791,-0.0615936952908588,-0.92
-5.6148637945665705,61.13466627140437,0,0.0818734089965937,20.20616842699398,72.79640482153933,14.647041832318097,1,7.246254850912797,0.1978749221194441,0.0,0.0028852930865335,32.31734528678877,207.64968738245037,0.0312071689634942,0.0,1.7191678993806303,660.0,0.0113836800000017,-0.0227673599999976,-8.057
-2.587463257069624,22.68963107493977,1,0.5172145667691995,14.70271950151249,26.186202068468653,5.875633848974738,0,5.405687815450239,0.2420092577908282,0.0,0.0053855543368478,13.344558822616634,85.93403891738056,0.021703313394402,0.1876540777058854,0.0396802930777052,368.0,-0.0038738175999998,0.0881475519999999,-2.05
4.250913290197333,71.53879302536558,0,0.0957807369459192,14.70435806998643,0.0,17.30338063076517,0,8.2127103322132,0.2749632337987452,0.1978494623655911,0.0478913221353575,0.0,228.35575248754571,0.0754641496645619,0.8766246535522074,0.8095155953061373,1158.0,-2.562051555555556,-3.219476444444445,-0.244
-5.429948783740722,92.67619587443924,1,0.1898528617643706,20.27925546376095,0.0,7.427746781790429,0,8.601674688081665,0.40701901811629,0.0,0.0020424518337181,75.85250972872062,305.49943325262626,0.0071929832888436,0.0,-0.2859554659994209,5118.0,2.370335039358906e-16,-0.1045439999999997,-6.98
-1.9857423071425533,28.40152618994308,1,0.1735691151074379,14.701780231974269,6.076020106833881,9.556257063609255,1,4.723005950885653,0.3851116417001179,0.0851282051282049,0.0304698491310682,13.344558822616634,181.4443734817796,0.0469534999409744,0.4047706269525072,-0.0051027475238097,588.0,-0.3000431304347827,1.7967465028355367,-1.16
-3.5899060728967567,44.66767084607376,1,0.1787233330420137,20.28004573660598,15.929943897949348,5.875633848974738,0,19.381116372930663,0.4535095090581451,0.0,0.0025079473783377,46.856338900914494,228.5686290673064,0.0153785366828427,0.0,0.2391742526422214,4254.0,7.414855535126132e-17,-0.0005133749999999,-4.56
-1.6752070385751994,22.722525673381703,1,0.5917521287486586,14.708165201629498,20.771211599071872,5.108666090903724,0,4.928582617861332,0.2398021753972368,0.0550925925925925,0.009355463362201,19.26246486877803,69.11257426905684,0.0255669127165594,0.2128331303681194,0.0167246176903874,332.0,-0.0851666944444438,0.1826631944444446,-0.85
-2.568210920996437,43.12135922911648,1,0.2135310134984241,14.700233568009237,11.600939890232516,13.427805631411442,1,11.133306263818556,0.4969148951238302,0.1376550620248098,0.0262922650220362,12.13273413692322,261.92886271440887,0.0416723557039547,0.4039662491857265,1.16437383910631,1464.0,-0.0564155600000001,1.4412202000000005,-2.63
-3.2383756145748115,32.647545762407965,1,0.1533624573095857,14.701780231974258,26.344316129141134,12.27354580868009,1,7.445273225022684,0.3046475243956619,0.061300309597523,0.0205771483652356,18.75954929201341,186.88620069914344,0.0362685657840166,0.311565545343493,-0.0360019194113475,740.0,-0.1814016,2.0659788342857137,-2.356
-1.282733202819753,13.09255135541351,1,0.2683828014144161,20.4093130771774,26.689117645233267,2.121320343559643,0,2.8754979567114285,0.2266982160150637,0.0,0.0014918049891262,0.0,41.388197075546415,0.0199630450491056,0.0,-0.0258359165406132,154.0,-0.0120999999999994,-0.0280719999999997,-2.57
-2.3628395404832405,24.703223963163985,1,0.1399852345989522,20.273585504947697,37.255572541998674,5.6568542494923815,0,4.47299682155111,0.2376723944664291,0.0,0.0027018129420348,11.984273114623004,98.29696805442276,0.0299780183697751,0.0,0.404942738354846,298.0,1.5111150670957632e-16,-0.0149322962962961,-2.77
-3.374683142236925,33.47770282218621,1,0.1180193804938028,20.23191918877309,42.46456947923127,8.51379094493999,0,5.271746253970952,0.2272977056294367,0.0,0.0027336231000683,23.25963712031721,136.33064230763603,0.0302733113331043,0.0,0.7627603802578838,406.0,0.0053777777777784,0.005001333333334,-3.7
-2.602051261766336,28.79129015447095,1,0.4568383534531201,15.5895065330395,24.26546827384644,7.737734478532144,0,3.9789710634958815,0.3066199320064434,0.0,0.0069606047247467,12.13273413692322,115.49493242495544,0.0367398896029859,0.0,0.8100167515918225,380.0,0.0179757093425611,-0.0440274325259506,-1.3
-4.491594044541161,58.27211356256598,0,0.2054981183176429,14.705859279316998,39.34407343566564,25.043389449298868,0,16.730776118857495,0.190485879008029,0.0153763440860213,0.0081981160878178,92.28899972977322,125.95203551930524,0.0300550286250743,0.1970129166953994,0.4373211859991217,1206.0,0.0153360000000037,-0.164047999999994,-7.32
-6.793663546369009,59.44843841288693,0,0.1988842005846265,14.699769766457491,78.3526126732418,20.334008328110755,0,15.044944751141458,0.2042204495120279,0.0,0.0137890984571344,36.81018947509802,183.1509215177946,0.0333317527241679,0.2700371370332309,0.8266234430118675,1158.0,0.0610836363636348,1.607168859504131,-6.637
2.0392199685246624,37.8547536539384,1,0.1745401827746152,14.705164562894906,0.0,8.720489810460412,0,4.204251653093999,0.3271564379782973,0.2303921568627449,0.0503671072723884,0.0,126.61744844215364,0.0825499037413316,0.8898381700896766,0.4243925776567506,612.0,-1.5163599999999997,-1.421528,0.64
-1.70281139470886,25.347301752840416,1,0.4506280005233379,14.705859923241462,0.0,4.949747468305834,0,4.276936093049455,0.2782127046172332,0.0,0.0152476566558747,13.847474399381248,62.97795138780701,0.034006351905077,0.4794059455521791,0.2866047182384592,358.0,0.0278266115702492,-0.8039872396694177,-0.77
-2.753280793417724,24.74735136056257,1,0.2220241745620075,20.27222280814745,29.800041095617345,5.835193734454857,0,4.477603862102933,0.3293393139293539,0.0,0.0028219728055363,18.55355575984923,143.26081625210955,0.0242284264679142,0.0,0.6256120212044266,548.0,2.0641979187669487e-16,0.0571507733333332,-3.52
-0.8684923521091479,12.557093303195758,1,0.8239188779368746,14.702720111277577,6.923737199690624,3.0472067242285474,0,2.720424659843077,0.3347983891019821,0.0,0.0090029605278289,6.923737199690624,73.89885999832893,0.0214386588991559,0.3313052529585142,-0.0549435570679166,216.0,-0.0006211597633134,0.1322009704142005,0.52
-6.180733040673319,50.14964317395624,1,0.2125043491427473,15.4442052960702,41.40098098584986,18.429864908434613,1,8.844043512523541,0.3176076717311137,0.0,0.0093461038034768,31.18920547353706,279.6007260122527,0.02684073818626,0.0,1.8000079164210472,1398.0,0.1157897240816327,0.2163895771428573,-4.09
-3.0384736454102024,31.280480533076435,1,0.3985016610670948,14.702712924864574,15.929943897949348,8.10634399227556,0,7.59488173530063,0.4052827451790192,0.0426767676767676,0.0153194807330683,24.26546827384644,170.45075887939802,0.0332715716481134,0.1543445332833817,0.3452462750945079,1634.0,-0.0971452631578947,0.4563970027700828,-3.083
-6.120534370190316,69.09499412611619,0,0.1629540042558559,13.303450979072942,56.31204387861251,25.133925882155523,0,13.589982934006985,0.2735401891474176,0.0,0.0221349614246064,47.87955994862805,377.70772800611,0.0311175519089086,0.237821023825446,1.8492624128450903,1426.0,-0.1422489770408163,3.682871256377551,-6.876
-3.371932386945561,43.7709762989226,1,0.6380324795616162,14.708164089546065,34.802819670697545,7.427746781790429,0,4.1290488268823085,0.4799048446968728,0.062034632034632,0.031536019247858,12.13273413692322,249.64653558625503,0.0318067892711158,0.1742924114642025,1.123291386339287,1150.0,-0.3237369230769226,-0.3183437218934906,-2.34
-2.5532567634395,33.68158627393881,1,0.2648194967959956,14.651539012962637,0.0,12.427023072952975,1,14.996167212041236,0.40972699975937,0.0,0.0267524616706149,19.056471336613843,154.05870471575207,0.0305325742701292,0.5373194515626545,1.2993934190373198,1186.0,-0.1793218275862067,2.208019253269916,-4.04
-1.4107776514077517,26.75,1,0.3720639296407289,14.651596439269946,12.13273413692322,7.31835698204925,0,3.24986056918375,0.4528195311147832,0.1055555555555554,0.0289437862245145,6.06636706846161,141.983491385154,0.051121520841422,0.3407063501213613,0.568953861721764,448.0,0.4753279999999998,0.7482754999999994,-1.96
-5.699609749093064,54.29689241400548,1,0.2585564617989783,14.708161399159431,53.53371512277308,17.12299218558158,1,9.00965408282753,0.3264502426883574,0.0231978166760775,0.0129677299639923,23.762552697081823,263.64606315856565,0.0355069633553991,0.0822443150010781,1.6295787885762296,1364.0,-0.2113980138408304,-0.2129822179930798,-4.38
-2.452105607248686,28.78077910341604,1,0.5893270550668716,14.706820942113657,0.0,8.900427685213598,0,6.517919588417309,0.2314252028779518,0.0,0.0057866112348893,52.372404136937305,65.55565225053753,0.0219415180519117,0.1809614702482693,0.1654290776854102,442.0,0.0624938692033304,0.3759794007134377,-1.64
-1.6926670385751992,23.14733817698748,1,0.5738734604130239,14.708165134437792,26.186202068468653,5.16852706778819,0,4.928582617861332,0.2398021753972368,0.0550925925925925,0.0095796257842325,13.344558822616634,67.91802569792398,0.0323575119043396,0.2108411671311177,0.0357637759524407,332.0,-0.0851666944444438,-0.0046008055555552,-1.55
-1.40493139470886,21.32201134669469,1,0.4272214100751211,14.706306167996546,13.344558822616634,4.949747468305834,0,4.276936093049455,0.2782127046172332,0.0657407407407407,0.0176185058910465,6.4208216229260096,78.5716226300627,0.0398662699450498,0.4561191574003731,0.1277835644536877,358.0,-0.1120053884297506,-0.6090934214876011,-0.42
-6.625542602293048,51.521022049318994,0,0.1981319613627105,13.30095187692649,31.52443439644765,20.850961997786065,1,11.556291979046875,0.3424311958240901,0.0,0.0241904668602141,18.2566337152488,370.1056175405221,0.0223265213632708,0.1398144819003102,0.8034821900304434,1610.0,-0.1530250963712051,4.047037477096969,-7.321
-0.83575707163951,16.70416524501514,1,0.679319819632328,14.708165501240352,13.847474399381248,3.644923705673916,0,3.576219349173777,0.2721799490905406,0.0753968253968254,0.012310861116559,12.84164324585202,66.48907006704948,0.0328028977519894,0.2818406769428326,0.0631457863533525,256.0,-0.0951413827160489,0.0032557530864198,-0.24
-1.0630881978150533,24.3676687467548,1,0.2710165837248889,14.708154800405076,0.0,8.623180744681168,0,2.642334962918437,0.4557981027607744,0.1737373737373735,0.0600567874710789,0.0,122.59512626649637,0.1036179859656803,0.1603617028224694,0.5056233115363878,494.0,-0.9257581093749992,0.7919300156250002,-3.401
-4.6116889419087626,56.670220480621694,0,0.2564569930890318,14.704240819604356,46.40375956093006,13.80079652080619,0,14.372633429899247,0.4223983932476924,0.0,0.0267584593382768,12.13273413692322,282.85553571620915,0.0237710446204761,0.3915498144440243,1.371058013497265,2006.0,-1.1966656071428576,2.081211338010204,-4.522
-3.7902854759326834,45.0,1,0.2371604502617944,20.277765931440808,34.802819670697545,6.651690315382584,0,3.61713299591025,0.4184144184766947,0.0,0.00384581779242,18.19910120538483,238.58326391014225,0.0140421016301307,0.0,0.9666082349194572,1086.0,-3.8934966362091925e-16,-0.1239843750000004,-3.59
-1.9254779017861117,20.869714238882647,1,0.4996487622141521,14.701397805196748,19.765380445542643,5.76624404923356,0,4.769103566737997,0.2795745237229117,0.0,0.0182429454080841,6.4208216229260096,78.79510147047665,0.0353576874772217,0.3955990550637434,0.1979736815122657,394.0,0.0132040831758036,0.649213368620038,-1.87
-0.6466440736941089,14.5689222781422,1,0.6221075581394448,14.701470512946358,0.0,3.7543135054150953,0,2.7518188600537146,0.3621368434811013,0.0,0.0284270063320817,6.923737199690624,65.79682725464059,0.0380130701433938,0.5900647106914779,0.0736110114264066,280.0,-0.0396166530612242,0.6381337959183676,-0.04
-1.2162414722762662,30.35704376683069,1,0.2154836896613507,14.70178020608954,13.847474399381248,9.549067125350073,1,5.36248656734125,0.3361492970884461,0.0813675213675212,0.0252721287346165,5.917906046161393,112.52860573485094,0.05052259880893,0.2707306905027088,0.292121206968546,578.0,-0.219584,1.734603219387755,-2.15
-1.7399486071109085,29.073855014060367,1,0.2415842118301782,14.702152682586505,17.696185628620217,8.302710703768229,1,7.297053751202547,0.4194626985263177,0.0923076923076922,0.0134900424004958,19.056471336613843,178.541385281872,0.032853747067594,0.3067082549067169,0.6318280927699842,694.0,0.2564659499999997,1.5260575824999996,-1.74
-3.294698557793025,37.905703484191264,1,0.3518632214303663,14.707201505943171,12.990104268152232,16.35617461765403,1,10.51763726889818,0.2211237562942747,0.0433333333333333,0.0139138217861995,84.95327546575423,128.43297926144157,0.0476021685287688,0.1773254127100199,0.5396550623787363,800.0,-0.1965944132231411,0.0078508429752061,-5.03
-4.234823884899472,48.02901981273015,1,0.3078469167521729,14.707200776503026,38.112942673227685,14.946701660840215,1,10.15408671060857,0.2265621275326863,0.0433333333333332,0.0187428897790697,60.06982659541524,166.18446966447652,0.0538541028606099,0.1760704427611097,0.8581645329238203,798.0,-0.2102928163265305,0.1180790204081631,-4.43
-2.4967295404832406,25.12481390315176,1,0.1412891575820774,20.26706752264936,35.392371257240434,5.875633848974738,0,4.47299682155111,0.2376723944664291,0.0,0.002371651043848,13.847474399381248,102.47830988226048,0.0266657730383743,0.0,0.4308788126486974,298.0,1.5111150670957632e-16,0.0193241481481482,-2.77
-3.707752789825889,34.53095385841867,1,0.2254187872441338,15.57837047148519,0.0,11.740935543921726,1,6.518655504434207,0.3459407388295616,0.0658730158730157,0.0215352402013957,32.372151489304386,191.6140877116438,0.0385697668579252,0.0,0.8595879129851564,920.0,-0.2909991724137926,1.978064200951248,-3.15
-3.4455449896690578,41.95178683778053,1,0.4062962315471042,15.594515431541694,36.39820241076966,9.899494936611667,1,5.783798206391958,0.2632319075591099,0.0307692307692306,0.009382343456789,24.26546827384644,151.19770102555373,0.0407532530882253,0.0,1.048917835881642,492.0,-0.0197793263888889,0.0222592708333333,-3.504
-2.4805320252223555,39.41142368427517,1,0.1784225740116739,13.303154698637384,6.06636706846161,17.246211299218867,1,7.134080989651057,0.3719564398469631,0.0280538302277432,0.0221109742664582,6.06636706846161,190.8822482949276,0.0591665260271491,0.0816300881586344,0.947727501149942,1000.0,-0.2693784083044982,-1.0717719861591697,-1.8
-1.7762061124533477,18.781228806123387,1,0.1935592325455779,20.35831872218926,34.11577042168851,4.012289773726411,0,4.2269819963658,0.203911513537955,0.0,0.0013617241821594,5.41499046939678,49.42015312902004,0.0194927115334357,0.0,0.0758747624979217,230.0,-0.0116208399999996,0.0294078400000001,-3.55
-1.2642738290903737,26.15691823574533,1,0.2084594298463215,14.651573463284144,0.0,10.813450773462108,1,6.432737169565798,0.4935774433336773,0.0465079365079365,0.0380723416155773,11.336785877934735,204.4982650836776,0.0486618332030413,0.3699923332536156,0.1526494994309939,866.0,0.1443009724999996,1.0297279874999992,-3.22
-5.289736101795606,59.28634470865143,1,0.2800496245770903,14.701210193107832,56.12535606974514,16.784494918138442,1,15.52288835818021,0.2967561934328374,0.0222002635046112,0.0184409704396374,49.23984565662168,320.0566045828949,0.0223205749279793,0.2495950318132461,0.0244262547616478,3270.0,-0.1964588781163435,0.7299051329639885,-4.93
-0.61038594980076,16.60649692842837,1,0.5,14.651598265187744,0.0,3.932652990377571,0,2.182874859666,0.4510762136412372,0.0,0.0154893996912222,0.0,93.31251125053268,0.0209687894336382,0.5542259857458428,0.0868110778772822,292.0,0.723502177514793,0.9136281183431938,-0.62
-3.924463749587873,34.75488750216346,1,0.1131418384040378,20.230931797016,36.39820241076966,9.330287525867714,0,6.038545709094,0.2181042919855315,0.0,0.0023089618382149,35.74682581170483,133.75569169049305,0.0280887294876415,0.0,0.8261591169345835,444.0,0.0059289999999999,0.0355739999999999,-4.72
-3.0063613834418064,26.18488128074051,1,0.4736863074175835,14.70271934861075,32.60702369139466,6.582740630161286,0,6.076807390600713,0.2304353231482173,0.0,0.0049607559683793,13.344558822616634,87.01832496100305,0.0221755251095643,0.1689965380504982,-0.0466100882663038,406.0,-0.0044317551020404,0.0778972244897959,-2.58
-3.055402528591468,48.74351326689007,1,0.135459867244216,13.30411719287646,18.572861836593773,26.964787846068816,1,14.877237026043789,0.2497801542416642,0.0340647370059135,0.0245188156945482,50.67696995122383,243.70197193173772,0.036997978856404,0.4244452164291675,0.587425819308926,1524.0,-0.4789139199999997,1.2150248000000003,-4.13
-0.6492774860420542,15.598667959946235,1,0.3021860731402093,20.338665134769368,12.152040213667762,3.5355339059327378,0,3.0966901072276927,0.259762806028293,0.0,0.002470932413788,19.26246486877803,64.09028462668803,0.0269763415738693,0.0,-0.0683264853418085,188.0,5.453905547102561e-16,-0.0343811834319521,-2.1
-6.938906639557495,79.22653386948227,0,0.1355567395124513,14.701791935132633,78.87242492837322,31.56783344530025,0,14.89530530980898,0.2393979539387395,0.0238899312070043,0.0137604914777657,46.538580317378965,301.16102457480207,0.042071346462752,0.1384852940319954,1.8181993027014225,1552.0,-0.2179512597656245,0.6648159921875004,-3.931
-2.8381542175188037,37.80984672755695,1,0.2987771443210594,14.702692544359495,18.19910120538483,11.480117440128774,1,7.984969148081736,0.4043346616529444,0.0630065359477123,0.0216228377963156,28.06267803487257,192.7338169675959,0.0496004138071246,0.1180330729301156,0.3364245168377607,1804.0,-0.0784715141776936,0.1781794536862003,-3.127
-2.246537239218853,29.11645973688573,1,0.3491156738852882,14.706457726703334,0.0,9.111507926385356,0,3.42277382650711,0.4249662171674903,0.0,0.0343588946155023,0.0,87.84744067231074,0.0661654076354068,0.1585424247370261,0.8957638031033838,518.0,-0.2566648888888887,-0.4610751111111101,-1.11
-2.40144049378476,28.60044337267479,1,0.3464617189980013,14.65159743556832,23.733674027155736,7.31835698204925,0,3.7073678012828575,0.5214192468721506,0.0,0.0189283772300112,6.06636706846161,187.2844282956136,0.0265930041014595,0.3407063501213613,0.588027950627734,686.0,0.6614399999999998,0.6226736785714282,-2.55
-2.0447394647614794,31.59900001923083,1,0.125,20.380526276115557,51.36657298340809,5.6568542494923815,0,5.367596185861333,0.2002842627197176,0.0,0.0014207633674969,0.0,35.34060663528393,0.0234237151137163,0.0,-0.1086717848304813,304.0,7.312575329216426e-16,-0.0632426666666658,-4.15
-3.2793998807620843,42.566911748673,1,0.2000828046899021,14.702363844995636,25.22919919549441,15.146060397957989,1,22.926546186188,0.2924424227149149,0.0,0.0119618127154497,50.834701402959325,154.23658498580005,0.0255346881463015,0.2724244646517664,0.8061554532255595,1510.0,-0.4737888163265319,1.7610320599750051,-4.15
-0.1608764946738926,13.131114174444004,1,0.654639258318775,14.702721406190449,6.076020106833881,2.8284271247461903,0,2.4797785848609086,0.3821955428728739,0.0,0.0128242040800477,12.999757306524504,92.60944641347731,0.0397787748196684,0.3362436867076458,0.0384980459209397,214.0,-2.115702479333485e-06,-0.0693708099173555,0.32
-2.3439242259185447,22.92976312449921,1,0.4834624828688871,14.701469753559545,26.689117645233267,6.473350830420108,0,5.440849319686154,0.2635713530845122,0.0,0.0160698021567591,6.4208216229260096,85.92338405102866,0.0289166179865178,0.3678485756991375,0.0794366111066433,432.0,0.0220089940828411,0.8084290414201187,-1.28
-1.6854794709910492,27.13564284459141,1,0.4691458725880613,14.701397506130933,18.19910120538483,7.140017497086775,0,4.264357397551111,0.3338542595329682,0.0,0.0250103920365316,12.13273413692322,120.76544893906842,0.048105804887685,0.3589517956152108,0.4143836387290504,424.0,-0.0294595555555555,0.3943055308641978,-1.85
-2.4899673007504504,30.564775838330156,1,0.295980210084204,14.701176943346637,12.13273413692322,10.89433100250187,1,6.613365918367499,0.3110912619350605,0.0362499999999998,0.0287285031712766,25.98020853630447,133.70447389739869,0.0409606299209928,0.3813999642810011,0.6731672765408364,652.0,-0.146916799999999,1.371594355555557,-2.05
-2.150813030845848,31.0,1,0.2755036048943963,14.70179191560709,12.13273413692322,8.582740630161286,0,3.513107140418437,0.4123493675869248,0.0479797979797979,0.0265369950924211,12.13273413692322,167.39407329824445,0.0487444857722407,0.3221040840569875,0.4426067694160084,470.0,-0.1439371093750003,0.6863095468749992,-2.61
-2.67709946476148,22.27832709760706,1,0.2028608768489301,20.341239364214196,32.26222217530253,4.949747468305834,0,5.367596185861333,0.2002842627197176,0.0,0.0022516099066644,12.84164324585202,66.2400140410001,0.025765289000156,0.0,-0.0529643852280404,304.0,-0.0105404444444437,-0.0553373333333327,-4.44
3.675453290197333,69.17515424626305,0,0.0959736769558742,14.704233338027294,0.0,17.213261503245107,0,8.2127103322132,0.2749632337987452,0.1978494623655911,0.0480068149780078,0.0,189.9576121885844,0.0785016453159638,0.8765316985349175,0.8304621043250485,1158.0,-2.562051555555556,-3.055928444444445,0.79
-4.035810795883254,35.84718212033252,1,0.1942509321749662,14.702709272492775,11.600939890232516,15.601437783688416,1,7.946557586204241,0.3427526426494396,0.0,0.0170476063957535,31.18920547353706,182.81752184109007,0.0369736760526062,0.0891807773164147,0.9181793689373632,1066.0,-0.1124958218549126,0.6558128310376495,-4.114
-2.40144049378476,28.60044337267479,1,0.3830484688723394,14.65159743259443,11.600939890232516,7.358797096569131,0,3.7073678012828575,0.5214192468721506,0.0,0.017120551469321,12.13273413692322,192.28465673041612,0.0236604566367259,0.3409071341154807,0.7384378854318127,686.0,0.6614399999999998,0.6226736785714282,-2.92
-3.4184931543064154,34.87529253040008,1,0.206051120842761,14.701780231974254,37.255572541998674,12.054766209197734,1,6.702695017005867,0.3184922510992657,0.060648148148148,0.0211977829417977,11.984273114623004,151.00793653822586,0.0460188860383258,0.221614584229299,0.6848409243462534,672.0,-0.1708522488888885,0.8249844266666664,-2.64
-7.423169280408775,66.32073457304517,0,0.15754257987593,13.302782049446138,55.78024963192181,26.853895955762464,0,14.633897727188245,0.302717825432817,0.0167687074829931,0.0219671142636071,48.38247552539266,434.7422799477572,0.0248195819538525,0.1675842726505108,1.8702277014630404,1780.0,-0.279975925515543,4.725198599261314,-8.003
-3.989583884899472,36.45873215476361,1,0.3903464229040479,14.702558925569608,12.990104268152232,16.35617461765403,1,10.15408671060857,0.2265621275326863,0.0226984126984126,0.0122539120978381,73.11746337343143,146.08237304300258,0.0397603623715195,0.1773254127100199,0.5037507061362133,798.0,-0.1016441632653061,0.1210595918367345,-3.955
-2.598982416544808,26.69696854832631,1,0.4885526904674851,14.702719437072826,20.771211599071872,8.886598371317488,0,6.253874833386073,0.2427341114633689,0.0,0.0050569741282404,25.18037091493942,84.2287834082961,0.0191348519801244,0.159195896328814,-0.0361949237560381,440.0,0.0033211742112484,0.1525561152263373,-1.85
-2.76177108478012,36.97234973592109,1,0.2728722181997985,14.69976974157682,12.13273413692322,11.411167754907478,1,6.875578803139197,0.2913195781538649,0.0,0.0286089262318195,25.980208536304467,140.47509918285365,0.0425775086226005,0.4614039650071625,0.4533640204045083,702.0,-0.0893472,1.0628479999999998,-2.35
-1.0042389280331834,14.324267058235923,1,0.3025217022903986,20.33373779080179,19.92349450621513,3.047206724228547,0,3.3547476161633343,0.2350451878756692,0.0,0.0026606991141429,5.917906046161393,64.68086963061992,0.0250303170179484,0.0,0.0762074306613558,190.0,-0.0105404444444434,-0.0079053333333327,-2.73
-4.142474779053211,54.39780692884816,1,0.6105294649579905,14.708163983405866,46.40375956093006,8.163363133678393,0,3.75311512943677,0.4697142679211166,0.0599206349206348,0.0322764779542736,0.0,256.89711191256816,0.0323127507662242,0.1586610400158078,1.196687443199411,1438.0,-0.3854110769230767,-0.5536971834319526,-3.15
-1.7394295044080723,24.717032936754777,1,0.2507240276106242,14.702694365241562,0.0,7.806684163753442,0,2.416045593282857,0.482024340488935,0.106111111111111,0.0433946053344338,0.0,111.5421692404418,0.0805948084961016,0.1772662402370137,0.2227501656693304,444.0,-0.515953551020408,0.0886317551020414,-2.296
-2.4943473456807688,26.5008402165928,1,0.2603957388718579,15.584287324802268,0.0,8.55423105945987,0,3.286532898825529,0.3788573220538973,0.0,0.0188881204942345,6.923737199690624,102.83980198529152,0.0491227860605675,0.0,0.7263322772797107,454.0,-0.0888904083044981,0.0215403321799311,-0.854
-1.8828753672858076,18.1792790418243,1,0.2709339045445826,20.25235076677413,19.765380445542643,4.242640687119286,0,4.449454733016631,0.2235094672362416,0.0,0.00328327647924,6.4208216229260096,86.88686577845876,0.0269070699985259,0.0,-0.0484786227083385,264.0,-0.0094601218836558,-0.0405339944598333,-3.01
-1.4081277240561532,21.82207828024285,1,0.5,20.566678666228857,0.0,1.4142135623730951,0,2.3384460538188003,0.6554587535412855,0.0,0.0081120126462835,0.0,146.83737691202913,0.0171888028893805,0.0,0.0102019194611445,616.0,-0.0529,-0.370007,-0.63
-2.510171518037474,26.10845859334435,1,0.7118918915893074,14.706463201571278,11.600939890232516,6.473350830420108,0,4.654054778842937,0.3858911107998991,0.0,0.0193644680109196,24.26546827384644,146.38314219150448,0.0358092314166589,0.2091303794514985,0.734910491414648,612.0,-0.0317232500000001,-0.4359210273437502,-2.78
-2.5901974821511518,33.63247034911945,1,0.6762166038744564,14.708164222686396,23.20187978046503,6.651690315382584,0,4.152706305120308,0.4697142679211166,0.0637566137566136,0.030594901767335,18.19910120538483,205.0876003335366,0.0415425816152236,0.1939693448818757,0.8768622446939429,862.0,-0.2620627692307692,-0.1475798816568048,-1.55
-3.3485074654992024,43.09802746296081,1,0.3342924145324377,14.702719013704248,60.6636706846161,10.635111288499631,1,5.867186598285833,0.2609445436038968,0.0,0.0080774238241921,0.0,175.94267729211506,0.0345185688914416,0.1275409983811116,0.8880676909233989,542.0,0.0006934444444446,-0.0062409999999997,-3.12
-2.394962661802205,28.836842384497416,1,0.1678413462670262,14.701780231974244,12.999757306524504,10.104445222197914,1,5.4069018331781535,0.3592762901800849,0.0776785714285712,0.0271710298804523,12.84164324585202,168.75900976051378,0.043500179123526,0.3773309246951558,0.1351808713234075,626.0,-0.2601156923076922,1.8889595266272177,-1.614
1.559613395475682,28.982458350160314,1,0.2518076604656639,14.70714665103865,0.0,5.128086953268309,0,2.946832928217778,0.3442557129411542,0.2611111111111108,0.0468267326370885,0.0,100.22920682840235,0.0834192984234212,0.8498367554365509,0.3578980810873595,410.0,-0.994954716049382,-1.285943506172839,0.7
-7.957817988947085,86.84286953496533,0,0.1308166850911426,20.25512365504476,69.60563934139509,13.84872695387219,0,5.545029812233093,0.3218731698397812,0.0,0.004012112258521,24.26546827384644,382.9269340526036,0.0125272061889025,0.0,1.6113804012042998,2170.0,0.0291788512396698,-0.2334308099173548,-7.68
-7.936616906958246,73.84965312545532,0,0.0596255663164496,20.38253257625789,129.42226361204948,13.435028842544408,0,13.635425794728384,0.1523573829755268,0.0,0.0014367488539415,0.0,86.53251477609963,0.0224099406688394,0.0,-0.2845987755282489,762.0,-0.0108832008324726,-0.1491072549427735,-8.172
-0.9906026262905652,32.781286295037624,1,0.2010764335131534,14.699752148874644,20.268296022307258,10.495972758174272,1,6.205906554097878,0.3176465263775456,0.1384795321637425,0.0370180132036789,6.4208216229260096,143.02200407966427,0.06599522815225,0.4843015231074414,0.0823887964608224,696.0,-0.4707888631772272,2.797838398530761,-1.807
-2.101944921835316,23.440863290101856,1,0.4146506723038849,15.444205262109143,18.19910120538483,7.030627697345596,0,3.2713626414563994,0.3658851619665568,0.0488888888888889,0.0126247313486589,6.06636706846161,105.17609726380093,0.051189813673813,0.0,0.2978030223297684,356.0,0.1342242844444454,-0.1354926222222212,-2.16
-3.0327592683441584,34.29909340452751,1,0.2368814726321446,14.696785881266967,23.20187978046503,10.963280687723168,1,7.088042515494,0.4164452714015595,0.0404365079365078,0.0192212333130532,18.19910120538483,212.19849771399163,0.0373179883772079,0.2393391637675652,1.05992512176741,1138.0,0.0537519999999999,-0.0527119999999994,-3.592
-6.6887972457926645,59.5879106899841,0,0.0775342804729811,20.20362743028024,60.6636706846161,16.158714650613906,0,8.945993643102222,0.1917002779656824,0.0,0.0023092663375631,57.29172266956402,197.58611891545107,0.0279505606546656,0.0,1.621034061255418,736.0,0.0140539259259269,0.0509454814814825,-7.02
-4.106559572810953,68.98552021774863,0,0.1766295180157243,14.704287734441428,11.761884949391115,20.11682711841911,0,30.23367034847788,0.3384682849492893,0.0,0.0243084900895333,48.53093654769288,199.8999682764957,0.032209329624348,0.4241910446012496,2.472256916748058,2198.0,-1.5838846165685814,3.6592116953372527,-6.237
-2.292692588440671,27.717795843669904,1,0.407750220234806,13.303153984356312,0.0,5.875633848974738,0,3.2596539049306665,0.40701901811629,0.0,0.0112714161623809,24.26546827384644,158.96917332533482,0.0284824321927283,0.0,0.6087859204815248,382.0,-9.643117168975676e-16,-0.1491526666666676,-1.97
-3.451211643814359,62.18512619808328,1,0.6072504073309932,14.708163211527356,0.0,8.025463763235798,0,30.57654318028693,0.5045984773991835,0.0384920634920634,0.0308101610367332,57.31447539105933,272.2036263453824,0.0318823458787787,0.1587963114004308,2.2807909809681,5986.0,-0.2019651428571427,-0.0173417551020412,-3.61
-4.495779524692885,42.24449762214918,1,0.2132087415004134,14.7026946858108,30.33183534230805,14.93477111702175,1,7.684208406116181,0.2833150232629264,0.0,0.0107697919336353,37.61002709646307,183.9406785795437,0.0329716025477016,0.0946800458467675,1.3415274798073449,752.0,0.014563555555555,0.7676897777777769,-2.925
-2.246537239218853,27.669843069257524,1,0.3492987205030023,14.706457723549072,0.0,9.15194804090524,0,3.42277382650711,0.4249662171674903,0.0,0.0337049073302628,0.0,97.11039317976132,0.0659355231974932,0.1580863911490468,0.8550497982140872,518.0,-0.2566648888888887,-0.4610751111111101,-1.139
-2.753280793417724,24.74735136056257,1,0.22350667499071,20.272382694539207,29.29712551885273,5.875633848974738,0,4.477603862102933,0.3293393139293539,0.0,0.0027812954332006,19.056471336613843,150.25870159692974,0.0228883046946258,0.0,0.5474904558162703,548.0,2.0641979187669487e-16,0.0571507733333332,-3.08
-2.510171518037474,26.10845859334435,1,0.7071250279363731,14.70646320187616,17.667306958694127,6.473350830420108,0,4.654054778842937,0.3858911107998991,0.0,0.0195020315571497,18.19910120538483,145.30322979549484,0.0360506704003594,0.2090777958500927,0.7530638179247796,612.0,-0.0317232500000001,-0.4359210273437502,-2.78
-4.494356795774824,40.430070226126695,1,0.2765759726918145,14.70146094683384,47.60879026660536,14.37471126423564,1,9.946841913710792,0.2419440442933694,0.0250877192982454,0.0134929356613222,34.08961805911077,135.00174812352554,0.0332142911843513,0.1967927221505458,0.7550653942221038,778.0,-0.0039659999999993,1.9147311632231396,-4.24
-2.5901974821511518,33.63247034911945,1,0.6451615189124892,14.708164223030163,29.268246848926644,6.611250200862703,0,4.152706305120308,0.4697142679211166,0.0637566137566136,0.0311891364591064,12.13273413692322,191.6677403619552,0.0437776282624173,0.1939445567344535,1.0336327158400984,862.0,-0.2620627692307692,-0.1475798816568048,-1.3
-0.7666246439405469,27.29321672243455,1,0.2249096708246246,14.701543105171114,0.0,9.570086377505367,1,11.708325772514426,0.3717655015172633,0.0458730158730158,0.0352632803716153,6.923737199690624,107.81408646949474,0.0446870982843288,0.6503759889476852,0.3668950929943548,860.0,-1.188510475765305,3.553387766581632,0.651
3.286359968524663,48.0,0,0.1666666666666666,14.707132790380408,0.0,8.898979485566356,0,4.204251653093999,0.3271564379782973,0.2611111111111108,0.0528010696433309,0.0,142.58872732196176,0.0844723515392071,0.8710715506416001,0.6568872894180093,612.0,-1.6561919999999994,-1.7911919999999992,0.35
-2.3080481464785216,20.849003659115475,1,0.4941476090653092,14.702719655613794,19.420578929450517,7.607684656543615,0,5.576925372952499,0.2563343946931946,0.0,0.0058890124843285,24.83556939884729,103.67480240603064,0.021667027042835,0.1746259915014997,0.1097114306092994,402.0,-4.4075476601790336e-16,0.1486599999999998,-1.06
-2.1558514394738117,24.935548104474385,1,0.3615512502318669,14.651597388194295,12.13273413692322,7.358797096569131,0,3.75789677361353,0.4056003685510744,0.0,0.0141350785392552,12.48718869138762,144.59070846956698,0.0276777643835429,0.3408625154501209,0.5138449214444045,436.0,0.7510588235294116,0.8937734948096879,-2.44
-3.208412394121515,28.300728478866205,1,0.1186478263392033,20.27365524003013,43.67639416492468,7.071067811865477,0,5.8708083282858325,0.2137135814081428,0.0,0.0023899950934172,18.40509473754901,99.21828066055647,0.0290567169182969,0.0,0.4051757522512162,374.0,3.2165147089023726e-16,-0.0306331666666663,-4.06
-1.266695888550464,17.714154012166684,1,0.612262873064004,14.708165326812097,13.847474399381248,4.461420286601642,0,4.253148427962,0.2539707371322467,0.0636904761904761,0.0109558917312957,18.75954929201341,61.93515796602995,0.0374218796354254,0.2423527845756067,0.1268008555210645,294.0,-0.0894026122448974,-0.1397416326530609,-1.14
-3.625963994135821,31.084517899881952,1,0.1081997373565279,20.27365680947756,50.09721578785069,7.778174593052025,0,6.560395338274962,0.2050772104486569,0.0,0.0022824666416443,18.40509473754901,100.54119106936392,0.0286555679315843,0.0,0.3020282864436458,412.0,3.9548833054671413e-16,-0.0385506995884769,-4.64
-5.317801426583079,46.81562146720627,1,0.0921124717084104,20.21235957399305,48.53093654769288,12.704060973720928,1,7.514634660205868,0.2031411975791201,0.0,0.0023094688052066,46.51927424063442,170.86805333757263,0.0274798116852941,0.0,1.194786195944971,590.0,0.0103296355555569,0.0449022933333347,-6.57
-2.4419179210919566,27.879371310293465,1,0.3213250880670033,15.444206043507505,23.46952001485796,10.554231059459868,1,6.718232944062952,0.3875916511409809,0.0,0.0111285512856592,18.55355575984923,180.28366831976908,0.0330246540357507,0.0,0.2617899544498399,734.0,0.1540700950000006,0.4581979100000007,-2.07
-5.706395213239922,56.5774442355805,0,0.1377874836788724,20.256246361393732,59.06828794454399,11.520557554648654,1,6.454042902233864,0.3127342457783236,0.0,0.0034603562162478,23.762552697081823,271.19050671656254,0.0206965465261313,0.0,1.6268318872092058,1306.0,0.0025410764462811,-0.0203286115702477,-6.29
-0.772406102789851,14.10028599532307,1,0.7262254181798475,14.708165643425993,13.344558822616634,2.8284271247461903,0,2.8968984481633338,0.2966396176163633,0.0922222222222222,0.0148130534345588,6.4208216229260096,55.01602876004834,0.0404433737743233,0.3362436867076458,0.0227823619376599,218.0,-0.1033501511111099,-0.1598952888888884,0.0
-6.243206422190781,56.54164248190455,0,0.1217990324587056,20.264980070864933,53.53371512277308,13.710827583429596,0,8.823457745457858,0.2977854365848634,0.0,0.0042042621738972,29.32600418877882,313.8170087508734,0.0202224984709618,0.0,1.3784509720846148,1670.0,0.0024150204081628,0.2310745510204081,-6.51
-2.54101396380358,30.49298150774548,1,0.511673941267176,15.5925150455563,18.19910120538483,7.737734478532144,0,6.039525665387885,0.2486575283861464,0.0,0.0073894767230043,25.980208536304467,95.22277952490292,0.0310529468490492,0.0,0.5044189931079354,424.0,0.0641673846153854,-0.0399268816568036,-3.03
-2.829451991582596,44.34670306234246,1,0.2996631538351806,14.702537374700174,60.6636706846161,12.118274536094026,1,6.807639080107429,0.2695528851729821,0.0291666666666665,0.014706686633192,5.563451491696996,190.7015216632727,0.0385039535268752,0.2214652037719757,0.8855039492207608,644.0,-0.1387929795918363,-0.1388073469387754,-2.85
-1.836829470991049,24.69857696480659,1,0.534580349460461,14.702502635917382,0.0,7.071067811865477,0,4.264357397551111,0.3338542595329682,0.0,0.0236516790616545,24.26546827384644,121.9372777481187,0.0490320466303437,0.3616462054075091,0.6383826292669814,424.0,-0.0294595555555555,-0.5699904691358021,-1.49
-2.435892186403924,25.61850652335357,1,0.5555512673139011,15.594517363055331,18.19910120538483,6.363961030678929,0,4.661444421002549,0.2821057356505198,0.0444444444444445,0.0109183238651686,19.056471336613843,98.57265632993143,0.0376666779917211,0.0,0.5013462486710324,348.0,-0.0131711999999989,-0.0345288299999988,-1.7
-6.596815517496136,58.348859895457736,1,0.1390017682990228,13.303153325846512,29.268246848926644,18.26970712595396,1,8.605106531541868,0.4374390984842983,0.0569291819291818,0.0290335092337311,18.19910120538483,378.944637930578,0.034152172793571,0.1473309352849703,1.258740344857488,1638.0,-0.5556556400000009,0.0173972799999984,-7.28
-2.433770918824321,19.39195404241258,1,0.3723855481168159,20.403478709812408,19.765380445542643,3.5355339059327378,0,4.814210902354941,0.2852838314120776,0.0,0.0022380386371847,6.4208216229260096,97.43101434231004,0.0182492679709226,0.0,0.222286343319968,480.0,-0.00322223183391,-0.1261868685121107,-2.73
2.565914580946247,43.934443330077706,0,0.1683392417421014,14.707140000567602,0.0,8.094413448457095,0,4.353788549485845,0.3100275721012118,0.2611111111111108,0.0486645730034699,0.0,140.22028307863064,0.076175929863077,0.8572273262670826,0.4529704503951554,614.0,-1.544824071005917,-1.8823416331360945,0.06
-3.2939719776430554,34.88872240037061,1,0.2882386517268026,14.702706255116102,23.20187978046503,10.3655637062778,1,6.927585898285834,0.4024977853189183,0.040657596371882,0.0187332176863871,18.19910120538483,198.6435318050133,0.0309551476340796,0.124182769704088,0.7441715856785751,1074.0,-0.197568,0.5054284374999997,-3.8
-4.5576234559812105,45.01792869998832,1,0.1857073778550854,14.701789448086556,18.524677089923134,18.435306266759618,1,10.349074334009565,0.2967141478518122,0.0,0.0354451929290528,0.0,177.2154527494274,0.0434976205128049,0.473676917444999,1.1976886416704795,1302.0,-0.3002051433670436,-1.7406972040452118,-3.246
-2.664600442853576,45.889846853906185,1,0.2777515649885069,13.30235121686326,23.20187978046503,5.808524858402426,0,4.087546875000001,0.5204260414863776,0.0,0.0466157218091478,11.600939890232516,266.99814669890327,0.0001354913705613,0.0,-0.0303541839743732,1182.0,-0.5529781406249994,-0.8751166875000002,-3.04
-4.164538930317368,45.20721697448938,1,0.2775596247720834,14.702502557901662,11.600939890232516,15.246361489362336,1,8.848796474134286,0.3248473382128224,0.026235827664399,0.0201099446262956,48.53093654769288,208.18743537021987,0.0386924473454638,0.1902533850715559,1.3912115831845726,1070.0,-0.1551963583673466,0.5854467004081639,-4.89
-3.790573749587873,34.785986860738824,1,0.1079271715879756,20.23224111491845,49.38830667892189,9.111507926385356,0,6.038545709094,0.2181042919855315,0.0,0.0025628299687414,22.7567215435526,129.52710306234076,0.0297999957756191,0.0,0.8339788127010279,444.0,0.0059289999999999,-1.3122836151069532e-19,-4.17
-4.243078687237859,34.44423828272131,1,0.1891952721883962,14.701670167502597,13.344558822616634,15.352759263478411,1,12.137919587108795,0.3084718163122939,0.0272005772005771,0.0164986683043447,26.689117645233267,143.4737884562475,0.0317181782417593,0.2592059791207906,0.5840626134186334,1136.0,0.5034089111111107,4.425185706666667,-4.16
-3.704205408096312,29.55962668173545,1,0.4224430735161537,15.589505270782642,18.19910120538483,9.370727640387596,0,5.539808253046431,0.2684920466644632,0.0,0.0048538057769353,31.54366002800146,124.4732072279655,0.027811517019777,0.0,0.8766579663994926,456.0,0.0272047258979213,0.1231702533081291,-1.94
-1.189303420893227,22.905337744983687,1,0.6044660775237294,15.596100318830992,18.19910120538483,5.059137268047012,0,3.252349864114356,0.3403508251315998,0.1015873015873016,0.0173510032053082,12.13273413692322,95.37627017066986,0.0567564505301187,0.0,0.4958044336973774,272.0,-0.0976639999999993,0.0095410000000002,-0.41
-4.572544270369208,42.55021847786789,1,0.2312501413580994,13.304122404563236,36.39820241076966,14.756431632059275,1,8.060856308297998,0.2953295604247785,0.0,0.0117487358033039,23.25963712031721,180.9545320779461,0.0363081591488063,0.094742815803275,0.5921349895990119,784.0,-0.011948246097337,-0.0827765950413224,-4.799
-3.79132859758148,38.37418704210924,1,0.3267502506809017,15.588624801678831,12.13273413692322,11.19238815542512,1,4.882592010140362,0.2964905527401483,0.0,0.008893629402461,24.26546827384644,123.27701755569376,0.0388488466479458,0.0,1.218023879740813,538.0,0.0141508760330585,-0.1120148099173541,-2.68
-2.165038744979885,19.96900689692852,1,0.567521049410725,14.702719970241755,13.847474399381248,5.059137268047012,0,4.734521862504,0.2563824720059591,0.0,0.0059808176294437,12.84164324585202,82.79323682419562,0.020575939818271,0.2156952323151775,0.001357529704618,330.0,-0.0032179834710737,0.0987660826446279,-1.3
-1.249235888550464,18.434146109043,1,0.6215543622312222,14.708165327525574,20.771211599071872,4.719396554912959,0,4.253148427962,0.2539707371322467,0.0636904761904761,0.0109036633620009,11.83581209232279,72.99071258281771,0.0350332308178115,0.2409400122699872,0.1106563319489973,294.0,-0.0894026122448974,-0.0923096326530609,-0.5
-1.009127486042054,12.190368174651136,1,0.3569680113351256,20.252333455068836,6.923737199690624,2.8284271247461903,0,3.0966901072276927,0.259762806028293,0.0,0.0041341905910179,6.4208216229260096,87.64281458349157,0.0269459884059029,0.0,-0.021635480463822,188.0,-0.0089812071005912,-0.0228740118343193,-1.64
-3.740186348236066,38.888797081509,1,0.4555538903202333,15.589503844699037,36.39820241076966,10.485281374238571,1,5.1946198866969535,0.270709393031058,0.0307692307692306,0.0096710932328095,12.13273413692322,135.74318537620158,0.042172575878228,0.0,0.5027763895371143,490.0,-0.0271540991735528,0.0291128842975216,-5.27
-1.266695888550464,17.714154012166684,1,0.6125421874137876,14.708165327015962,20.268296022307258,4.352030486860464,0,4.253148427962,0.2539707371322467,0.0636904761904761,0.0109645685208833,12.338727669087405,51.01887669041501,0.0381700873340436,0.2420659502982933,0.0659975562296169,294.0,-0.0894026122448974,-0.1397416326530609,-0.71
-2.207932278361068,21.217420313642563,1,0.1682514435602178,20.357602006030383,34.11577042168851,4.719396554912958,0,4.900848691438608,0.1959829226247291,0.0,0.0013710176993153,11.83581209232279,58.42066858894194,0.0193557996365771,0.0,0.0035949556669481,268.0,-0.0114769300567095,0.0221468884688099,-4.36
-2.90678416866862,31.939795439776287,1,0.4879423510560931,14.708164851268666,45.448666937246685,6.363961030678929,0,6.27676019766,0.2190038024377395,0.0433333333333332,0.008117866616555,6.4208216229260096,72.22220527344321,0.0307962695185666,0.1706297770322537,0.043641263171003,408.0,-0.0793345599999997,-0.1799503999999998,-3.01
-4.711616177250495,45.75210061906784,1,0.2896461774388609,14.70069637548271,19.420578929450517,20.243471895254096,1,13.333397369950877,0.2093763562907708,0.0,0.0095897702573422,81.11421727488755,132.86890120532172,0.0251278082831509,0.2171241497321468,0.2007403469316679,1016.0,0.0395946666666658,1.2299831111111097,-5.284
-3.002181541955481,34.61102917892632,1,0.2482468887881385,20.278681494891025,29.268246848926644,5.875633848974738,0,3.7994788529306662,0.40701901811629,0.0,0.0034973120748883,18.19910120538483,199.20950864977615,0.0185668431488753,0.0,0.8209357404719981,798.0,-3.8183505739968693e-16,-0.029540166666667,-3.04
-1.6731963307055766,31.298270378913223,1,0.2741935727951679,14.70269232352597,18.19910120538483,11.50862701083019,1,6.098255883912678,0.3245888471413928,0.0624836601307188,0.019788266645504,19.056471336613843,129.98586457697465,0.0515705766465183,0.1177777342673268,0.5039733202250672,620.0,0.0387997193877547,0.3374322448979586,-0.624
-5.457260390387368,49.49320554549863,1,0.2323935661968577,15.586208419631255,35.392371257240434,16.72952473695673,1,10.472796122524311,0.2331775331655262,0.0,0.0074940120009597,50.954585919079705,167.8702413994042,0.0318441716973586,0.0,1.0880924688398916,854.0,0.0899150241975301,0.3272989965432091,-5.47
-3.686602472508175,43.77484907559614,1,0.1649956569267448,13.302784201730784,0.0,16.235363694145803,1,7.117232677280398,0.4044595022077385,0.0636724386724385,0.0327901080540556,13.847474399381248,268.9944021832779,0.0267481268043152,0.3116989471061171,0.976569424138605,1104.0,0.7535103999999986,4.874834481632651,-5.47
-1.7145835541739165,27.99190837660329,1,0.6030679280770066,20.57105291357523,15.929943897949348,1.4142135623730951,0,4.1746381258188,0.8277293767706428,0.0,0.0061930586568225,0.0,154.9223258321927,0.014594733885686,0.0,0.222411577237851,1552.0,-0.0319694399999998,-0.2894079600000001,-0.89
-3.4999542531547405,37.89401273914872,1,0.2210347321343202,14.702710193803462,12.13273413692322,14.78494120276069,1,7.686853641234264,0.2949125817251486,0.0,0.0146064641671908,31.18920547353706,133.9780714651203,0.0396165260366737,0.0938704563438924,0.4719328587388197,766.0,0.0038269965397914,0.366596806228372,-3.324
-3.251928084160729,44.92189804342697,1,0.3121272815663258,14.702712836187455,46.56470462008866,11.319959657648118,1,12.694542807792,0.3626614471810181,0.0,0.010094225519284,27.694948798762496,246.3208306080826,0.0162551031046336,0.1096952588652216,0.8272170274356369,1612.0,-0.04625103515625,1.2805033085937496,-4.88
-5.138696587390364,38.6675079204477,1,0.2188593720443141,14.69772555125708,11.600939890232516,16.588783531032497,1,18.1529323396539,0.3535663211158441,0.0,0.0255496082972499,44.5337642961537,233.92943638004544,0.0275007550536422,0.4414190080381419,1.568212457507952,1610.0,-0.8880114162049861,2.808908245844872,-5.382
-0.9174243688016216,16.945574433746085,1,0.5595373513910119,14.708165338639358,19.420578929450517,4.352030486860464,0,4.063287563332421,0.2748250104532309,0.0636904761904761,0.0126850546457787,6.4208216229260096,86.28266228994089,0.0382645631061047,0.2440432800127439,0.142045609012557,292.0,-0.097357540166204,-0.0230800443213291,-0.59
-2.143449294370529,19.963772975671542,1,0.5470506226079815,15.589508612452342,12.990104268152232,5.6568542494923815,0,3.962826158184,0.3066199320064434,0.0,0.0061400858803495,18.55355575984923,84.56962162910847,0.031862377662872,0.0,0.37471511118927,310.0,0.0247190588235295,0.0145575778546714,0.51
-2.367485352206909,32.522655268766044,1,0.1740515881565773,14.701780231974247,20.771211599071872,10.261615264861623,1,5.698408700228712,0.3418776106000334,0.0776785714285713,0.0245872876461307,12.338727669087405,151.81630126801136,0.0385668797381067,0.3768571053921281,0.1371404699976409,628.0,-0.2316800000000001,2.0542590204081623,-2.21
-3.0258022005496863,27.601553861865277,1,0.1431069391578873,20.390313050849898,52.372404136937305,4.949747468305834,0,5.574042193009846,0.1894485821789581,0.0,0.0014588826047279,0.0,55.16063936723796,0.0211481608941193,0.0,-0.0902046382733441,306.0,-0.0113668402366852,-0.0564132071005907,-5.24
-4.511439083399154,44.5,1,0.1894708636301721,14.651573071349508,30.33183534230805,16.42986490843461,1,6.943129620128717,0.3364569891033439,0.0257575757575756,0.019904096270265,6.06636706846161,232.03968727797408,0.0395580854548459,0.2478524872296678,0.978114870811332,890.0,0.5894035703125,0.9241156835937504,-3.796
-1.7819470490320946,31.10075208489584,1,0.3925450909383461,20.37092761930777,34.802819670697545,3.0472067242285474,0,1.740472474040834,0.5644754678724236,0.0,0.0065096437209856,0.0,203.01121063767744,0.0113685552162518,0.0,0.7685195062458382,940.0,-0.1148080277777776,-0.2696731666666668,-1.96
-1.9646670113954408,26.412860408596742,1,0.3210731082111859,14.702501337280422,0.0,9.411167754907478,1,5.33606609873776,0.3492574107873087,0.1086538461538459,0.0304702914544147,31.18920547353706,139.29631708039182,0.0605852381624722,0.2816222508794088,0.6289422256504207,562.0,-0.3002879999999997,0.742748064,-2.17
-2.433985882761411,41.0,1,0.25,20.467529916646416,0.0,3.932652990377571,0,3.053107567273501,0.5,0.0,0.0110903432276414,0.0,225.37829944637025,0.0104388953566382,0.0,0.5278817646294699,1230.0,-0.106276,-0.661494,-1.74
-5.769617717852332,55.41101572582777,0,0.2470651619896648,14.70119016903591,67.38118952215433,20.2408971749656,0,12.721088882640863,0.2701932244262433,0.0,0.0160666405032177,47.23783638793549,324.698976361752,0.030057543046327,0.2249045768289001,1.1750129167360626,1546.0,-0.0423572136105862,1.1634964555765597,-6.291
-1.984866375713312,40.85784284662087,1,0.5,20.57545726536706,31.859887795898697,1.4142135623730951,0,5.708070197818799,0.6554587535412855,0.0,0.0043016251944364,0.0,162.51396727212094,0.0122377560188773,0.0,-0.3538756045341221,2488.0,-0.0162817599999999,-0.1904588399999999,-1.17
-3.180054046202029,36.156258791407794,1,0.1632026179246184,14.701780231974263,20.771211599071872,11.737438384053366,1,7.0458486396621165,0.3070203159882775,0.0659722222222221,0.020468831851853,25.180370914939424,176.16096267180973,0.0367897926924475,0.3305440704017299,0.0883602669809916,704.0,-0.1826785882352943,2.12608215916955,-2.468
-5.366556079663663,54.882429645053605,0,0.3501006598600222,14.708163902422786,83.97359667480276,10.606601717798217,1,10.311875137056,0.1845537648868848,0.0263480392156861,0.0056064528981793,6.4208216229260096,82.42351020858948,0.0314381612491882,0.1066933837744873,0.1558074243484621,636.0,-0.0708010625000007,-0.2224423125000004,-6.35
-0.2094711017819966,13.554687570786292,1,0.6499985235987261,14.701398560831642,0.0,3.0472067242285474,0,2.07777748377,0.4149153817759055,0.0,0.0363485917887327,0.0,59.04342861472385,0.0473350165447137,0.6899812122026584,0.0853659774189215,242.0,-0.0802062809917355,0.3618459504132232,0.46
-3.361384423339641,37.57789796163672,1,0.4377285869972321,14.708164500811652,51.8694885601727,7.996954192534382,1,7.622844933014222,0.2043036956747014,0.0356837606837605,0.0068600082599641,13.344558822616634,89.34053911976417,0.0318009427333558,0.140897865947416,0.049334633776496,484.0,-0.0755100864197521,-0.0298584320987648,-2.94
-3.697763040015616,36.061780459070654,1,0.2412195152145416,15.58183772294487,0.0,11.601437783688418,1,7.762965775191528,0.306903037397116,0.0334033613445378,0.0162704082621638,39.29588868899501,162.8397661628436,0.0324726539253963,0.0,0.6901743316325802,912.0,-0.0871623529411771,2.0211399550173,-3.785
-1.7992379289184517,35.75,1,0.2259655446655843,14.650454774144473,12.13273413692322,8.801520229643643,0,3.0399645125469994,0.4764097655573916,0.0,0.0337282820700741,0.0,198.7953007203463,0.0300016173412666,0.5694443365871288,0.4136466179856066,574.0,1.1889919999999996,1.1706859999999994,-3.1
-0.756072200558386,19.47819583597757,1,0.6056472518104772,14.708161233399348,6.06636706846161,5.059137268047012,0,2.63923144247625,0.4602621146850025,0.0708333333333333,0.0374512355864057,6.06636706846161,87.71463734042135,0.067607267846144,0.2493354663015892,0.497347886124741,298.0,-0.2060499999999997,0.2698241388888889,1.02
-1.306670349286252,13.737949406953986,1,0.7145114903739487,14.70271996055699,6.923737199690624,3.7543135054150953,0,3.3919464731837494,0.2995481027607745,0.0,0.0076105110003312,13.344558822616634,69.39363815866167,0.0226931992155569,0.2789641938707972,-0.0569168849662406,254.0,-0.00156025,0.1210967499999999,-0.19
-2.376006625930476,27.90085192564329,1,0.5797335930294769,14.70646286366734,24.284774350590983,7.778174593052025,0,5.588022842437738,0.2672297156616445,0.0,0.0141878827804153,24.61992282831084,118.7313960144422,0.0382155235492494,0.1716613961020091,0.5379818727161694,436.0,0.0371095652173922,-0.2186676748582212,-3.13
0.5615148105114922,45.88530687005064,1,0.1575474206887472,14.70481063083419,18.19910120538483,14.97521123154163,0,8.062322741937896,0.2838483660537346,0.1336666666666665,0.0397518167361819,6.06636706846161,192.0190151600524,0.0682941639503975,0.6435642317588304,0.8432475244641862,934.0,-1.2897356897506909,-1.5760495290858696,-0.85
-1.306670349286252,16.737949406953987,1,0.7194839362989621,14.702720271490024,13.847474399381248,3.644923705673916,0,3.3919464731837494,0.2995481027607745,0.0,0.0076319856146622,0.0,63.15754724276336,0.0227847526865771,0.2818406769428326,0.0022658875046831,254.0,-0.00156025,0.1210967499999999,-0.28
-4.209226444577379,45.26676764395914,1,0.0828176856262502,20.271332830948708,60.6636706846161,10.606601717798217,1,7.044969993943001,0.2080145976765094,0.0,0.0030625212919432,23.96854622924601,160.02491266538323,0.0343395114601599,0.0,0.7135557466198434,518.0,0.0059289999999999,-0.0474319999999999,-4.62
-1.426045239754056,107.91860626998594,0,0.079727722339007,14.70029943149254,13.847474399381248,44.57558145328717,0,25.963885842659487,0.1992980356559104,0.0585394932935919,0.0219463448812146,106.79750376659156,316.06377650502816,0.0470118580512484,0.4860115291508484,1.0593235598231785,2436.0,-1.118255999999992,0.7576520000000136,-4.081
-4.942565986107159,47.95997422324707,1,0.1418978330903694,20.256576384591952,53.53371512277308,10.74450108824081,1,6.340720824685819,0.2964905527401483,0.0,0.0032575568173245,23.762552697081823,232.4109807567707,0.0243779002533227,0.0,1.2951393249149956,1018.0,0.0001055289256197,-0.0008442314049587,-5.28
-2.6920952763742725,28.67635973880881,1,0.3453518741969799,14.700697044854332,19.92349450621513,14.434363201355623,1,8.517383535640999,0.256292153262286,0.0,0.0151916427083669,31.41450508244579,155.50100547823678,0.0261684592061692,0.3093153086141907,0.1272202325212152,750.0,0.0012142222222225,0.9458564444444444,-3.09
-0.83575707163951,15.257548577386933,1,0.6670009807654028,14.708165485504342,13.847474399381248,3.7543135054150953,0,3.576219349173777,0.2721799490905406,0.0753968253968254,0.0125528826695555,12.338727669087405,61.167230794266,0.0395170052526991,0.2809720338119912,0.1017986118030157,256.0,-0.0951413827160489,-0.13657624691358,-0.51
-3.1483955502267587,36.3469242826194,1,0.1679838039428869,14.70178023197424,26.689117645233267,10.81155200338446,1,6.372396777669678,0.3229970667749929,0.0713725490196077,0.0223339713560923,12.84164324585202,153.62159462504178,0.0372202241523445,0.3525191096379719,-0.0663415492457957,666.0,-0.2048082580645159,2.0716208366285103,-1.661
-0.1028902682622905,13.20211779024265,1,0.5,14.651579120326083,0.0,2.449489742783178,0,0.8144741951697144,0.6562657890890309,0.0,0.030311702219681,0.0,105.93024075925253,0.0553122374206741,0.8110042339640731,0.0466738048015464,216.0,0.5166425306122446,0.360892653061224,0.26
-5.770296886922822,58.75234798874001,0,0.3343581926601623,14.708163744463764,90.39441829772878,11.313708498984765,1,10.983747974014156,0.1808541188598061,0.0247276688453158,0.0053602358669626,6.4208216229260096,79.68445931039557,0.0324668913043545,0.1004176741640689,-0.0116828017732126,674.0,-0.0699783129565602,-0.2299326628219951,-7.0
-5.723003545569791,57.22117236544022,1,0.2131515965580048,13.3027901733181,42.46456947923127,18.856941763228097,1,9.561838242559578,0.3041439551191467,0.0,0.0156881914345244,23.25963712031721,258.2281258113463,0.0291651218548306,0.0750054315337546,1.5981021026360251,1054.0,-0.0576892576177282,3.951149656509695,-4.445
-3.61880722455085,35.51933401648575,1,0.1745936931028455,20.23512074596709,41.93277523254056,8.55423105945987,0,4.948848217409611,0.2956072966275083,0.0,0.0031514451239019,22.90518256585281,185.97900952740548,0.0266821596442491,0.0,1.0485947071077422,656.0,0.0003759290123458,-0.0022555740740738,-4.14
-3.374683142236925,33.47770282218621,1,0.117830752423832,20.23329402189093,48.02802097092827,8.55423105945987,0,5.271746253970952,0.2272977056294367,0.0,0.0027248990352864,17.696185628620217,137.91341011817352,0.0300901391867509,0.0,0.7935604513630716,406.0,0.0053777777777784,0.005001333333334,-3.77
-1.459196529827769,19.743974703476997,1,0.6263110616947762,20.46854037154941,22.85368109763997,1.4142135623730951,0,5.283927609091874,0.4329316468984661,0.0,0.0020512887349399,0.0,97.32087423366836,0.0149485338240221,0.0,-0.1916225754039947,1302.0,-0.0013782656249999,-0.0673591874999999,-1.09
-1.4769429626224055,17.369149879404056,1,0.5526618349264156,20.467023826512527,13.847474399381248,2.8284271247461903,0,6.412047096163331,0.2966396176163633,0.0,0.0028031943770486,11.505707213493578,77.09500328642133,0.0206988593834024,0.0,0.0523000358294779,410.0,0.0108446400000006,-0.0411633999999994,-1.34
-3.2623301699014693,33.91278334391029,1,0.2423643179993447,20.279276109623904,23.733674027155736,5.835193734454857,0,5.814663912930666,0.4535095090581451,0.0,0.0034066139490363,28.06267803487257,194.598324183905,0.0198819397710023,0.0,8.913611245295459e-05,1734.0,-1.64798502005286e-16,-0.0143081666666668,-3.19
-7.05050941665679,68.14145276145452,0,0.2423772805144149,14.705885464546837,56.31204387861252,21.46943112397356,0,13.616774959885996,0.2144898473797485,0.0,0.0138211843968374,54.44884259385427,233.0342712643168,0.0355223745341027,0.2157464544311169,2.048695862301734,1120.0,0.0788531122448994,-0.3986240867346908,-8.6
-1.7522492943705288,21.81498609888591,1,0.5847634892412079,15.596100134598288,17.696185628620217,5.875633848974738,0,3.962826158184,0.3066199320064434,0.09,0.0141791844198544,19.056471336613843,93.82022310515944,0.0523671396850779,0.0,0.5247452963031933,310.0,-0.0885458823529408,0.0480613702422145,-1.21
-7.957817988947085,86.84286953496533,0,0.1374338004904095,20.255187308282384,69.60563934139509,13.889167068392071,0,5.545029812233093,0.3218731698397812,0.0,0.0036805412649941,24.26546827384644,394.59148566782665,0.0113224854609683,0.0,1.981591182816384,2170.0,0.0291788512396698,-0.2334308099173548,-8.56
-1.466564027736467,23.5,1,0.4294994501695388,20.4633780822814,0.0,2.449489742783178,0,3.4262697096980004,0.5,0.0,0.0050753264093496,6.923737199690624,148.1361169689066,0.0122964091143669,0.0,0.0849262752544433,654.0,-0.0110775624999998,0.24512625,-1.29
-1.5377462934674953,22.108458593344352,1,0.6778551708034818,14.708164300281087,18.19910120538483,5.835193734454857,0,3.861248463396,0.3179455553999495,0.0550925925925925,0.0242598389469735,18.55355575984923,106.0356153815732,0.0544665114488314,0.2180712310044977,0.5257000910151954,324.0,-0.1214449999999995,0.0620405624999999,-0.62
-3.5028087403255728,50.120804183253256,1,0.2061848984211949,20.279889360511056,37.92625486436031,5.875633848974738,0,7.703698972930665,0.40701901811629,0.0,0.0026084876859497,18.19910120538483,217.0218043349088,0.0161321669485197,0.0,-0.0615653590919147,2670.0,-4.682754184415215e-17,-0.0045375,-3.54
-2.6493403286934045,37.25,1,0.3263023907853922,14.702712952211236,34.963764729856145,10.434513391499095,1,11.976279859140469,0.3455865671866913,0.0,0.0097349098655061,27.694948798762496,218.74190374637087,0.0169276111578247,0.1169741000537644,0.802535263474371,1324.0,-0.0142414228515624,0.673614131835937,-4.286
-5.963136094890169,68.83381368820419,0,0.1863700092184801,14.70432124133635,48.02802097092827,20.24563778052488,0,17.14282489786285,0.2627244811170108,0.0,0.0222850791746628,62.22994992477391,253.0174308260769,0.0299823001260186,0.3055621010076935,1.974484221528448,1258.0,-0.8461832815753728,5.133546404708008,-6.01
-3.101213890502141,36.63960454996182,1,0.1512879286401203,14.701753093598525,0.0,16.72952473695673,0,14.673853655690785,0.350129808019944,0.0951154052603326,0.0277343859634908,19.25552649003591,271.2088511102851,0.0459320645218128,0.3810546740342412,0.5380322321515546,1466.0,-0.4955538095238095,1.0479400521541944,-1.981
-2.7745091785504234,35.43937242337589,1,0.2759223196672139,14.701029017532877,18.19910120538483,13.82915590136414,1,9.827285305505356,0.3545695332631522,0.0319688109161793,0.0249153136460163,19.056471336613843,196.6559228292457,0.036750375613919,0.40190416660912,0.7603638630515385,1006.0,0.139691219562955,0.5984819146722169,-2.281
-1.503585402288426,17.936322181636243,1,0.5422808548414564,14.701470319697297,6.923737199690624,5.059137268047012,0,4.0971189448752,0.2997416467365091,0.0,0.0204539160153683,13.344558822616634,80.98146608325114,0.032623618396105,0.4535970764746482,0.1863726329007135,356.0,0.0014502400000002,0.7596302400000001,-1.36
-0.756072200558386,17.440602087780462,1,0.6544865329079852,14.708163645078676,0.0,5.059137268047012,0,2.63923144247625,0.4602621146850025,0.0708333333333333,0.0377433872267582,12.13273413692322,88.03401022382337,0.0657620317852616,0.2493354663015892,0.4973362623297647,298.0,-0.2060499999999997,-0.2059518611111108,1.02
-1.3780389280331835,12.798754581749108,1,0.29601341433356,20.341366069496942,19.420578929450517,2.8284271247461903,0,3.3547476161633343,0.2350451878756692,0.0,0.0027477952540678,6.4208216229260096,71.1300578735561,0.0249478837785563,0.0,0.0447712355383133,190.0,-0.0105404444444434,-0.0316213333333327,-2.68
-2.5901974821511518,33.63247034911945,1,0.6282209746796626,14.708164209544142,29.268246848926644,6.611250200862703,0,4.152706305120308,0.4697142679211166,0.0637566137566136,0.0315134369480994,12.13273413692322,197.29377724902616,0.0413816456591445,0.1935975226705434,0.9121041063698692,862.0,-0.2620627692307691,-0.1475798816568048,-1.79
-2.9786926611454154,30.367289936709632,1,0.3538509225839564,14.701462365056123,17.667306958694127,10.337054135576382,1,6.80767220487046,0.3598075953522049,0.0391383219954648,0.0226658636561628,32.04657560476608,195.1858629737396,0.0349196138116598,0.2632635955266414,0.6938718739897608,838.0,-0.1484373846153843,1.51109575591716,-3.38
-1.4198661124533474,20.174385663055805,1,0.1840489559532773,20.36712429959888,27.694948798762496,3.932652990377571,0,4.2269819963658,0.203911513537955,0.0,0.0013988144239756,11.835812092322788,53.08178015339773,0.0194724660531264,0.0,-0.0127069082499648,230.0,-0.0116208399999996,0.0056918400000002,-3.65
-0.8824210444257117,21.0583575536178,1,0.2522558600316172,14.65157478475604,0.0,8.692130429902464,1,3.815076609509142,0.4194530622086846,0.0532051282051281,0.0364532464606253,4.923311048817671,127.49979644982608,0.0569341010603997,0.4277530799275338,0.1686915100890826,564.0,0.2716914285714286,0.3451668571428569,-1.26
-4.520572515736027,40.010405591472,1,0.2461640783427474,14.681755643898777,30.49767650543161,20.581969162697227,1,12.391275073174524,0.229177351403771,0.0183589743589742,0.0088163056180844,74.19048007519692,171.19759190349396,0.0360782380375245,0.1522804930585943,0.0437188228776881,996.0,0.3547204082840197,0.2119454585798785,-5.507
-0.8836993393282091,30.21828247811676,1,0.1989879304165551,14.701063103346016,11.336785877934735,9.826314065882505,0,8.872200052748525,0.5259030199476817,0.1389423076923075,0.0332098862422214,0.0,227.4358545813902,0.0407115181049299,0.3902102838903002,0.1397492074641549,1050.0,-0.2747494736842109,1.4033861301939052,-2.36
-5.013471306846216,56.87268177134416,0,0.3776151269901387,14.706290429596605,34.802819670697545,13.08460103128281,1,7.155014871209626,0.3690795185138668,0.0339558045440397,0.0283789552825406,30.33183534230805,291.38903425413525,0.0351449503205635,0.2250382566613518,1.6774616972516965,1434.0,-0.3463034843750002,-0.3886289062500004,-4.46
-4.942565986107159,47.95997422324707,1,0.1327286375611698,20.25671821200521,59.60008219123469,10.74450108824081,1,6.340720824685819,0.2964905527401483,0.0,0.0034641154477937,23.25963712031721,246.6080665718929,0.023457982538644,0.0,1.2404865459689105,1018.0,0.0001055289256197,-0.0008442314049587,-6.39
-2.381169462546185,37.871821065823326,1,0.2154411992504179,14.70178128433235,13.847474399381248,15.38426085980493,1,9.387180258291629,0.2686506917074359,0.052121212121212,0.0167865664060567,31.09827696110081,178.9279909520921,0.0340114521430891,0.3533055666761225,-0.0789860000348617,868.0,-0.2312384359113031,0.9504202963764186,-1.13
-2.575956396700409,28.82503223407587,1,0.2803568936942773,14.70146062009065,0.0,10.963280687723168,1,6.703206249669677,0.309456383127429,0.0347222222222222,0.0232425130410422,30.68628989677245,102.4486840244025,0.0444289066410502,0.2487079087559091,0.8070941327114182,638.0,-0.090592,1.2690559999999995,-2.36
-2.008384664913265,25.05128201091113,1,0.6185091841045617,15.596100185514686,17.667306958694127,5.875633848974738,0,3.98374690233943,0.4180521152260062,0.1071428571428572,0.0172508126241154,18.19910120538483,149.07996521717791,0.043827104292173,0.0,0.6876378926881308,560.0,-0.1541759999999995,0.0214299642857141,-1.37
-1.9482367538510732,35.37794584078528,1,0.283866826654544,14.699679170282868,12.13273413692322,9.996954192534382,1,5.4796094082858335,0.3235262567029445,0.0,0.0359119583200615,12.13273413692322,120.97270555863764,0.0591617511742162,0.5142271574096708,0.6652921101633444,626.0,-0.1582946666666665,0.4819097222222213,-1.66
-3.0506187072376463,36.571353838361546,1,0.1540021293700291,14.701780231974258,12.999757306524504,14.952143019165222,1,8.179350841361027,0.2990056316921209,0.0536340852130324,0.019311710105725,49.51302473702209,158.1287198568778,0.0367011274131797,0.2792312629083047,0.2841531857198455,812.0,-0.1780041490138787,2.029965276844411,-2.696
-3.966789237195541,38.82271085934124,1,0.1080145499231536,20.25733644948805,48.53093654769288,10.485281374238571,1,5.688485088276955,0.2183439772662538,0.0,0.0028176312712156,28.67462758971399,152.37093101442602,0.0326600384067682,0.0,0.8245298399670501,478.0,0.008966351606806,-0.0148393119092618,-5.0
-2.3952937516760926,43.0,1,0.5,20.477560293517524,31.859887795898697,2.121320343559643,0,7.638299889697999,0.5,0.0,0.0029339374742279,0.0,161.34554922974272,0.0122763879495539,0.0,-0.6123357354546536,2526.0,-0.0017015624999999,-0.2643547499999998,-1.68
-4.232376159766473,47.17835350637027,1,0.0981326272997523,20.218808455321994,48.53093654769288,11.232828269945,1,5.8708083282858325,0.2137135814081428,0.0,0.0030018047038475,33.677630994782405,175.21475896651123,0.032570924751589,0.0,1.2137746797217812,514.0,0.0082347222222219,-0.0247041666666669,-6.35
-4.922352877608152,45.7676867525198,1,0.1911606531518169,14.701781907372055,35.866408164078955,15.262940516245283,1,8.077500308851429,0.393670943025205,0.0303741496598639,0.0221501620744944,0.0,313.5328905350776,0.0292429451014634,0.2662439215337274,0.6125539692613108,1584.0,-0.1793313456632671,0.2847444795918347,-5.03
-4.695777234766082,43.90965385391519,1,0.1721274719566007,13.302784649573844,13.344558822616634,16.913960904630937,1,8.325478300523896,0.3711974984483528,0.0,0.0236647067228108,13.344558822616634,281.9733951814788,0.0163927006484316,0.2985025772684978,0.5590731675594148,1130.0,1.1947126153846157,5.40396690335306,-5.53
-4.965355578539975,49.22179249330415,1,0.2521985541968899,14.697804254608831,42.46456947923127,17.872588041509122,1,9.343158622985436,0.2591562890417406,0.0222222222222221,0.023844027604568,24.61992282831084,221.98849835761283,0.0411062238986998,0.3192173491249729,1.189627368485815,956.0,-0.1924250203813277,0.8790323839579216,-3.893
-4.776047009387291,46.24929307983449,1,0.0947855190380227,20.21792136004626,48.02802097092827,12.049324850872727,1,6.709495232326667,0.2084331247347668,0.0,0.0026003080540062,40.60136819447303,169.73413013002343,0.0300610675539575,0.0,1.256590556343726,552.0,0.009369283950618,0.0114188148148156,-6.96
-1.3014070385751992,21.85485692662691,1,0.5958648705065811,14.708165101636432,13.847474399381248,5.645282935581863,0,4.928582617861332,0.2398021753972368,0.0550925925925925,0.0093073142684302,26.18620206846865,75.61905749237863,0.0275072060864687,0.208267425767417,0.0410766605479124,332.0,-0.0851666944444438,0.2063791944444446,-0.92
-7.212896087369261,76.64336371180667,0,0.1340632193703934,20.255452493217863,70.1374335880858,13.072670487464343,0,6.0561973960075015,0.3248341470173868,0.0,0.0037374331179134,18.19910120538483,345.7303664146408,0.0152375734641395,0.0,1.7724021081986716,1882.0,0.0170777376033061,-0.1366219008264459,-7.21
-0.5121391296823207,19.00718877653504,1,0.2918753408849965,14.701785854573789,0.0,5.16852706778819,0,1.8681677563429084,0.5597046685646697,0.1629629629629629,0.0508619192427471,0.0,121.41568634698125,0.0717785849927011,0.4961206058487133,0.0672289304886305,338.0,-0.4794414545454545,0.7934239008264459,-0.4
-2.598982416544808,23.527043546884,1,0.4940155589560087,14.702719481340797,20.771211599071872,8.85347358264538,0,6.253874833386073,0.2427341114633689,0.0,0.0050428280906434,24.17453976141019,89.78801695787338,0.019041297992428,0.1600752776488599,0.1152872490990762,440.0,0.0033211742112484,0.1525561152263373,-1.96
-3.247709911668068,50.50924843264944,1,0.338521607204402,14.708163194718065,13.847474399381248,17.737138003766436,1,15.123302656762156,0.2121593156735564,0.0204184704184704,0.0054749541901757,85.86817810684722,132.81541153434753,0.0256101472470148,0.0843473213164484,-0.091103697317333,1034.0,-0.04416626643599,-0.0256649238754366,-5.41
-4.695777234766082,43.90965385391519,1,0.1719393854502534,13.302784649608698,13.847474399381248,16.913960904630937,1,8.325478300523896,0.3711974984483528,0.0,0.0236686878144304,12.84164324585202,292.03815563461086,0.0182531816678162,0.2985597054883933,0.6099764427501868,1130.0,1.1947126153846148,5.403966903353056,-5.68
-2.53298416866862,30.22636247953144,1,0.4966396010485495,14.708164817520457,39.02784531432067,6.582740630161286,0,6.27676019766,0.2190038024377395,0.0433333333333332,0.0079478572358057,13.344558822616634,74.3863633984278,0.0297005820659032,0.1689965380504982,0.0750883876068937,408.0,-0.0793345599999997,-0.0164023999999998,-2.74
-0.8213004573143579,14.474982196366264,1,0.5410630549966187,14.70271391386832,0.0,4.352030486860464,0,2.617201895358308,0.4251933749127961,0.0849206349206349,0.0221767412302396,6.4208216229260096,69.97017252465193,0.0442532660958596,0.2884361454727342,0.0063064319702035,264.0,-0.0881526153846149,0.3300518579881656,1.07
-7.212896087369261,76.64336371180667,0,0.134988081264276,20.255493225912367,70.1374335880858,13.072670487464343,0,6.0561973960075015,0.3248341470173868,0.0,0.0037643489419978,18.19910120538483,345.2235203416514,0.0153531238893662,0.0,1.721004547551352,1882.0,0.0170777376033061,-0.1366219008264459,-7.8
-1.96234389273102,30.49478850348412,1,0.2482520391758023,14.701784627416314,29.777418297330595,8.203653058054806,1,8.69078531857776,0.3819171149335837,0.1199999999999998,0.0245099386901801,12.84164324585202,165.12093976461762,0.043016836207115,0.2852057092924902,-0.480116524416417,1716.0,-0.2940126224,1.6246782608,-2.68
-5.682024390478128,55.22550230793857,1,0.231938394077842,14.699769834064773,52.372404136937305,15.06802200439986,1,12.011864235625929,0.2127212878423539,0.0,0.015038057034583,25.68328649170404,123.27693053505214,0.0315828397453775,0.3387323410737723,-0.1466730841127446,938.0,0.0511950153061241,1.5634289795918377,-3.896
-3.7902854759326834,45.0,1,0.2577553808202132,20.27777933060097,34.802819670697545,6.692130429902464,0,3.61713299591025,0.4184144184766947,0.0,0.0034695871744736,18.19910120538483,250.08456578504848,0.0121554919404801,0.0,1.027157300974474,1086.0,-3.8934966362091925e-16,-0.1239843750000004,-4.48
-4.177803530691854,45.03510793215274,1,0.1844404557285637,14.651572929173838,30.33183534230805,17.165481260322576,1,7.712201700537543,0.322570364605427,0.0,0.0174106885782625,6.06636706846161,211.93225363630435,0.0361306906699488,0.2361685398503563,1.1968827889045126,928.0,0.6883127444897958,0.7836862497959182,-3.796
-4.888809122322039,51.23763994633727,1,0.2719414446693831,14.701210092586717,47.46734805431147,16.784494918138446,1,10.698938732917052,0.2967561934328374,0.0246470920383963,0.0187206866883694,43.67639416492469,299.049521066782,0.0236699502104181,0.2495830985847074,1.457908929732218,1398.0,-0.219890324099723,0.6820139861495842,-4.53
-2.732145036268621,30.28235989433133,1,0.2621789920998784,14.702706026793518,25.980208536304467,11.072670487464348,1,7.317850221006969,0.2786580016778978,0.0315277777777777,0.0137008907318227,23.61409167478161,99.50594017398672,0.0372112266187017,0.1159726042308635,0.6253095651863445,612.0,-0.0164266666666669,0.9235733333333328,-3.536
-3.546178978944944,29.634936835262536,1,0.2224300143909903,20.393990971118,48.53696758934401,4.949747468305834,1,8.878281912255655,0.2478527920684812,0.0,0.001659200991543,6.4208216229260096,110.90453827196988,0.0182819540313469,0.0,-0.1988388702536022,1492.0,-0.0063791474480146,-0.1044769810964078,-4.43
-2.4896433852189808,49.6795317653133,1,0.3333333333333333,20.57342586938094,47.78983169384804,2.449489742783178,0,4.7517302198792,0.5904362833084089,0.0,0.0064179960246867,0.0,222.49276011420423,0.0057696920605031,0.0,-1.1681006812430512,3712.0,-0.0640090000000001,-0.1234199999999997,-1.91
-1.4669184103087245,18.6838343733774,1,0.2276370422692884,20.33333420447496,12.152040213667762,3.5355339059327378,0,3.7740910681837496,0.2386085007312412,0.0,0.0038644708433766,12.84164324585202,93.9266390253268,0.0305091820462975,0.0,0.0927769179572386,226.0,-0.0092640624999999,-0.0385384999999999,-2.68
-2.607817413815333,34.26966780542538,1,0.2914308724272629,14.702692495592428,29.800041095617345,11.480117440128774,1,5.609970824603479,0.4043346616529444,0.0678618113912231,0.0221556322384929,12.13273413692322,189.3889165633248,0.0506232273769027,0.1180330729301155,1.1691351451729717,868.0,-0.1018347807183363,0.1391271134215499,-2.878
-4.058866222910306,44.17312656394004,1,0.3043028080512783,14.702484549829377,36.39820241076966,14.906261546320335,1,9.641942128599512,0.2546398600973611,0.0,0.0149237170288826,32.223802881998274,162.8398303221301,0.0303942404550647,0.1892883560926398,0.8893482780032843,810.0,0.0432397263533605,0.3238546579417005,-3.57
-4.942565986107159,47.95997422324707,1,0.1345189862416265,20.256353736576244,59.60008219123469,10.70406097372093,1,6.340720824685819,0.2964905527401483,0.0,0.0034408161131857,17.696185628620217,216.2485681665454,0.0275677591640229,0.0,1.1577766704522954,1018.0,0.0001055289256197,-0.0008442314049587,-5.21
-0.9125627810523284,12.61654166907052,1,0.3678224039639666,20.319034261586022,5.573104530069267,2.449489742783178,0,2.683798092930667,0.2561521449303204,0.0,0.002614541008446,13.847474399381248,67.63379465027934,0.0235071806950489,0.0,0.0548368467498311,152.0,-0.0105404444444441,0.0079053333333334,-2.33
-6.152507296609523,59.55660853747008,0,0.0796228653742804,20.204273982599897,66.73003775307771,15.42309829872594,1,8.112389689994968,0.1949443613783867,0.0,0.0025779235034206,44.8045339781764,200.5390439351105,0.029270004264034,0.0,1.5285636009609973,698.0,0.0128053333333331,0.0153533333333331,-6.59
-2.0114592943705287,24.308255323722967,1,0.5983792236418701,15.594096855654414,18.19910120538483,5.6568542494923815,0,3.962826158184,0.3066199320064434,0.05,0.0127980654705334,12.13273413692322,85.14197900430295,0.043050296836658,0.0,0.5250928640773583,310.0,-0.0195538823529409,-0.1084734532871969,-1.28
-3.759429270624602,56.24754921843116,1,0.1831751279970627,20.31625805889213,69.60563934139509,6.898979485566357,0,0.6242400000000006,0.2922852532386288,0.0,0.0080807592800267,0.0,339.3358118937125,0.002676716689715,0.0,1.654156932763896,1878.0,-0.1913187599999994,-0.4676680799999997,-4.92
-1.5709338577222325,32.2639768353633,1,0.1898925573216661,14.701780231974253,6.4208216229260096,9.397338441011366,0,4.035226160875199,0.4168531862411701,0.0940476190476189,0.0338009026155554,12.84164324585202,171.03964968485036,0.043835542216428,0.4398636234852091,0.0613433405777954,550.0,-0.3376924400000001,1.7525797199999984,-1.655
-4.637315591628564,32.042268070162315,1,0.2676887579813284,14.7024925358408,0.0,16.23959487965367,1,8.530990335344553,0.2967561934328374,0.024098124098124,0.0208756518273825,37.61002709646307,141.00006791900427,0.0429235317362734,0.175765367735481,0.7601870291890872,868.0,-0.1134855457063703,0.1443483933518018,-5.153
-2.602051261766336,28.19508248050913,1,0.4839437809122481,15.589508929651656,24.26546827384644,7.737734478532144,0,3.9789710634958815,0.3066199320064434,0.0,0.007094382528624,16.838815497391202,113.49185368648966,0.0374973748760642,0.0,0.8318050379208637,380.0,0.0179757093425611,-0.1130194325259505,-1.45
-2.559453133777758,25.00769304528861,1,0.5875973435588597,14.708163825884087,25.98020853630447,8.134853562976977,0,5.947582917549839,0.2547379046905644,0.039141414141414,0.0157620597364473,30.034913297707615,112.2245361933156,0.0401148418181023,0.1593399715349351,0.5001477447847846,438.0,-0.0945046400000003,0.1268108351999998,-2.08
-3.605254184823772,53.41239102745583,1,0.2489665469670556,14.7017784750556,37.96448165092748,18.42986490843461,1,10.156113827443638,0.2760482130108203,0.0211666666666665,0.0187804482067393,42.81902403369567,219.6894100572617,0.0416060068108427,0.2234411422134008,1.0544809629041616,994.0,0.028036876033058,0.9275329669421484,-3.73
-4.481116462516357,72.0,1,0.184711206084072,20.27957163029052,15.929943897949348,6.651690315382584,0,8.625993130910249,0.4184144184766947,0.0,0.0022937803144526,50.05898900128353,259.53588012507885,0.0115239043003459,0.0,-0.8885724053896457,3894.0,-2.1196544519597174e-16,-0.0381603750000002,-4.5
-2.8624901699408927,29.004959277849068,1,0.2378615018499578,14.701775891407973,11.600939890232516,10.590439988471886,1,6.707784371500665,0.3719130028712082,0.0410430839002267,0.0202037506638548,27.694948798762496,158.18156596841797,0.0312632493628205,0.2511187270391212,0.4716361981919928,852.0,-0.1644989629629631,1.619959399176955,-2.484
-0.3995942816101366,17.42623334166669,1,0.4858392237694094,14.70271201299677,0.0,3.047206724228547,0,2.651700992108889,0.6494834702380792,0.2201360544217687,0.0383174151809951,0.0,127.71788615598771,0.0540751006310902,0.3313052529585142,0.1926165247140631,478.0,-0.3108726049382716,0.0011184814814812,-0.02
-5.20291202638909,54.11122629719264,0,0.2321392473019979,14.70118920776981,58.026784141070536,20.24522047518827,1,11.672829377789837,0.2479510041901509,0.0,0.0160070232255164,35.09544921264,259.9287844673304,0.0283037405009896,0.2248515257358673,0.8643890817368765,1056.0,0.0138266888796339,0.9832155785089548,-6.025
-4.0840259369873415,43.042834549779215,1,0.3019000569844376,14.702558744639768,19.420578929450517,18.062290574809992,1,12.213238209237304,0.205036765658875,0.0204216073781291,0.0070072582611396,86.52920774428434,132.16550991794995,0.0279009654553529,0.1594548015054318,0.2198153998043223,878.0,-0.0821467514792949,0.2511835857988123,-3.999
-1.0776001894938751,15.563339137283135,1,0.5808044376297201,14.7014702221386,6.923737199690624,4.461420286601642,0,3.424768994084117,0.3260752345279584,0.0,0.0237019436687443,6.4208216229260096,71.78987984309357,0.0338061466910599,0.5122327665309507,0.1808220631084248,318.0,-0.01500523183391,0.7137239031141865,-0.72
-5.263405283488841,43.596164429195056,1,0.1884909602602856,14.651572936981973,29.800041095617345,17.205921374842454,1,7.576913815836875,0.3666724069541979,0.0256634669678148,0.0199413802111063,12.13273413692322,258.8308651898606,0.0357487245929989,0.2365847299304339,1.1023165632064824,1178.0,0.537304845703125,0.8271038193359377,-3.499
-3.248600618292964,34.70395970688796,1,0.2313876335090657,14.68172487927945,5.156663257125445,15.262940516245283,1,10.450715366134284,0.3526310464258353,0.0534848484848483,0.0195267781949426,38.11294267322769,201.47798731654163,0.0398684493028033,0.2755688523462044,0.7930301261526022,1078.0,0.3572428661224492,1.29983287265306,-3.59
-2.185487069585608,28.50616915991173,1,0.2762125756015278,14.651575335890536,0.0,9.589507239869953,1,4.365047118871238,0.4063781497623218,0.0456043956043955,0.0235826758297498,12.13273413692322,160.81490792770205,0.0359312135922349,0.3933912032418335,0.4953237994490614,586.0,0.5407999999999996,1.1366655510204071,-2.692
-2.3315733875055167,44.51604909517049,1,0.16203992452332,14.700233567942618,11.600939890232516,13.427805631411442,1,10.367044106373829,0.5202304555012631,0.1084033613445377,0.0267765931316798,12.13273413692322,283.8426457602169,0.0383119723948451,0.4039662491857265,1.0754673602890432,1462.0,0.0064881342154994,1.3373507599243857,-3.05
-3.204080153784406,33.69041762669366,1,0.1960087977161982,14.70061915350595,25.47729295953985,15.613368327506883,1,8.180052925767228,0.3154027243171242,0.0509316770186334,0.0271927255672975,18.55355575984923,176.77797343554292,0.0476744312860665,0.2558723443541372,0.6983722600283945,910.0,-0.3168236896778432,2.6308400762656152,-4.883
-5.213198562803626,46.9870700655705,1,0.2814857024053778,14.698088773914352,36.39820241076966,17.613368327506883,1,9.204621983443364,0.2505035766138825,0.0219367588932806,0.0215936572785618,42.52210198909524,192.68296692274956,0.0443156010893271,0.2564921980058432,1.1472899638595937,892.0,-0.1521168199445983,0.8892747700831021,-2.84
-2.8651742572797545,59.66152047917754,1,0.2158941988912762,14.70424382386975,39.13182367841438,9.16873610755267,1,17.09902672926295,0.5412755188904106,0.0,0.0317897094145871,15.929943897949348,266.02922986868987,0.0186323101512215,0.5664703481006512,0.3870458643584973,3660.0,-1.374880172500001,2.248265092500004,-2.28
-0.5786733952133488,26.490360470993423,1,0.4573053902252318,14.707202083477537,6.06636706846161,5.875633848974738,0,3.249409532053713,0.3805307530778357,0.1183333333333334,0.052690244948586,12.13273413692322,112.65965906688888,0.0786850029251927,0.4367280819918436,0.6037919391647011,350.0,-0.3953691428571421,-0.0521000816326533,0.81
-0.1468039322419945,11.290089185705485,1,0.9112041475112818,14.706878227503408,0.0,2.9378169244873686,0,2.0485594724376,0.3899728733539151,0.0,0.0165175452399158,6.923737199690624,54.57371512995688,0.0358562043582603,0.4540740616194669,0.0646229754449139,178.0,0.0014528000000002,-0.3232150399999995,-0.59
-3.314748001122421,33.34037047566416,1,0.3071464120011249,14.706040492705114,12.13273413692322,14.823332357059458,1,8.023918284859885,0.2947866563924141,0.0261403508771929,0.0193414548469847,36.45573492063363,149.90174857905902,0.0455741785423693,0.1934798991170667,0.9218384627682632,782.0,-0.1589480424489791,-0.4074263804081623,-2.596
-1.1039128316278224,21.818045838862197,1,0.2840785024079419,14.701775891942852,0.0,5.875633848974738,0,2.227682538264,0.5350950905814502,0.1383333333333332,0.0457834969344375,0.0,111.62354706047373,0.0669760795701071,0.4367280819918436,0.0798288236462201,374.0,-0.4509866666666667,0.8560106666666665,-1.488
-3.3756475227400173,31.49891768458829,1,0.201444637573408,14.701063329468797,18.524677089923134,13.94763440944215,1,9.967573796512802,0.4174952936686205,0.1177008177008176,0.024182612302129,18.55355575984923,240.1445752328261,0.0391049841280632,0.2870174912975712,1.1620424760974055,1256.0,-0.136980888888889,1.6258239999999995,-3.29
-4.615206880703292,35.29606239998544,1,0.2133764466481988,14.702709071907318,0.0,17.125041145802694,1,9.352856283179998,0.2761949775393016,0.0220685111989459,0.0159432137100774,43.67639416492468,126.84092187450511,0.0377918905919383,0.0814863255669619,0.676118373874852,892.0,-0.0404549478458044,0.3355064580498873,-4.871
-1.7424817077133952,29.772658690144254,1,0.2884591745096102,14.702706488575672,18.19910120538483,8.773010658942226,1,5.2593273864273336,0.3316114452947508,0.0408119658119657,0.018611246880154,12.13273413692322,104.101245339338,0.0441960733463161,0.1448405942878172,0.6123854820780592,498.0,-0.0657066666666666,0.7474624166666668,-1.6
-0.1608764946738926,13.131114174444004,1,0.654639258318775,14.702721406190449,6.076020106833881,2.8284271247461903,0,2.4797785848609086,0.3821955428728739,0.0,0.0128242040800477,12.999757306524504,99.85154216037292,0.036269763716756,0.3362436867076458,0.0417762295946948,214.0,-2.115702479333485e-06,-0.0693708099173555,0.32
-3.694890954037871,34.8959298684114,1,0.1730661528183887,14.702549721831632,0.0,17.65380844202677,1,8.939660833405071,0.3009443285037478,0.0442898550724636,0.0222651163196004,31.18920547353706,140.4530116724381,0.050310616873772,0.1522817473495468,0.869940884874582,968.0,-0.3282324580498881,0.2004656802721062,-3.36
-2.797006649775729,35.44539400239502,1,0.2120461701306468,13.302792345689737,6.06636706846161,12.016584094663449,1,6.250235181311999,0.3922205682083669,0.041579131652661,0.0257883172797776,18.19910120538483,192.8339870672513,0.0336403918548157,0.1087371605014025,0.6368916354332166,776.0,-0.3259780740740743,4.354110469135804,-3.32
-2.186005832702637,59.89360741299888,1,0.5,20.57749922628289,45.181741254136114,1.4142135623730951,0,23.3654719578188,0.6554587535412855,0.0,0.0037273055137177,0.0,183.4138398828832,0.0103348550845529,0.0,0.4315706079786346,5656.0,-0.0023814399999999,-0.0164049599999999,-2.34
-4.509956177250495,47.127563519085584,1,0.2848003356617337,14.700696636159224,26.344316129141134,20.00828826158714,1,13.333397369950877,0.2093763562907708,0.0,0.0097630140306041,74.1904800751969,157.1286897058058,0.0249232718111187,0.2206826568535506,0.2331452044162341,1016.0,0.0395946666666658,1.04271911111111,-5.37
-5.423480725510853,57.78552693436693,1,0.1715526645141765,14.700473197492547,80.42905113015875,21.27566393532426,1,11.989661818971694,0.2640696075363272,0.0185550082101806,0.0196883086705776,17.54772460632,247.54724741643065,0.0352749007450467,0.2625912744451051,1.2583940082592378,1170.0,-0.1116800000000016,2.3529279999999964,-5.886
-3.013618781063062,57.572487736302335,0,0.1984893103088566,14.705540256310044,22.76344959222632,13.04575930655364,1,32.08555441002151,0.3415411872385919,0.0,0.014760370709428,51.30866097603979,252.4339392335389,0.0193279393755918,0.4068822475110961,0.962543023885398,2076.0,-1.074924925639499,2.272152865556214,-5.54
-1.467969386338661,28.988942845232437,1,0.3724718834002518,15.59384870576332,18.19910120538483,7.289847411347834,0,6.71550338155111,0.3917891616940473,0.1169230769230768,0.0220265417986467,24.350607579969918,160.89530959245795,0.0518669127770968,0.0,0.6009883864873278,614.0,-0.194531555555555,0.4192641944444444,-1.77
-3.064718546210376,27.8165430686165,1,0.286356733707183,14.702706217969023,17.667306958694127,10.3655637062778,1,6.917113244685851,0.3509602468742832,0.0373922902494331,0.0164488350205843,24.61992282831084,147.050003983453,0.0349598138485978,0.124182769704088,0.5826443102943765,824.0,-0.1042346666666661,0.7670556666666668,-3.46
-3.653310779054452,33.17511575739411,1,0.2095975871339898,20.394022312486616,55.19789431846272,4.949747468305834,1,23.019902912255635,0.2478527920684812,0.0,0.0016052912969602,10.84837402522042,124.14118709883311,0.0180285331498368,0.0,0.0690904422864704,3076.0,-0.0098096105860112,-0.061271485822306,-4.81
-1.700154208137768,24.87507010618228,1,0.3705010201182052,14.705690305290766,22.945938190054484,5.76624404923356,0,10.094267816653154,0.3714698979969298,0.0,0.0070868673210239,0.0,162.2814621296219,0.0292240769388828,0.1926879230819473,0.3944858337338954,802.0,0.2429831551246537,0.1601064986149585,-0.83
-1.921360053268767,29.88134994132747,1,0.1862058117751947,14.701780231974269,6.923737199690624,8.849150282422707,1,4.347946455539999,0.3922416168642852,0.0940476190476189,0.030815948239337,13.344558822616634,163.54928699738412,0.0426535237506026,0.4376425627256501,0.109301338090683,552.0,-0.3074094545454544,1.8962123305785104,-1.228
-0.9328703492862518,15.237949406953986,1,0.7191697734620711,14.702719936784536,13.847474399381248,3.932652990377571,0,3.3919464731837494,0.2995481027607745,0.0,0.0075825261036389,6.923737199690624,79.68350257498025,0.02040643881701,0.2771129928729214,0.0125673467498361,254.0,-0.00156025,0.1448127499999999,-0.12
-3.924463749587873,34.75488750216346,1,0.1076411695831272,20.231360721375214,47.52510539416365,9.370727640387596,0,6.038545709094,0.2181042919855315,0.0,0.0023078012793351,24.61992282831084,136.94485071172522,0.0268626633665022,0.0,0.80382754492442,444.0,0.0059289999999999,0.0355739999999999,-4.89
-2.985694227490454,41.778363376776525,1,0.3329585069533674,15.595142726567676,24.26546827384644,10.784941202760692,1,6.047182166716616,0.2796164966510751,0.1015873015873014,0.0179855440538628,35.392371257240434,156.0495811445362,0.059036075321141,0.0,1.0455287429144615,542.0,-0.2090125443786965,0.0340251360946751,-2.7
-2.6879742825195967,33.98069698485958,1,0.188215027767127,14.651569761754386,35.31581386325526,14.389424793914728,1,6.399206491405545,0.3567265761093988,0.0302631578947368,0.0312327797429334,10.486762540514666,214.88356533260028,0.0495784856619852,0.2730197401503325,0.4264787696017422,832.0,0.482084778355879,1.0602157003121744,-2.81
-1.6434595164302317,42.163751152300456,1,0.181098644592179,14.702236729962047,0.0,17.929456992768486,1,7.849364525180469,0.2916304670312492,0.0937062937062934,0.0518600320627332,35.43098341072952,221.33103430331272,0.0806546390198349,0.4977706767984168,1.0128906197179166,972.0,-1.0064006643598613,-0.6840631418685119,-2.7
-2.790525080617646,33.713896993510986,1,0.2772720519016263,14.70146456115268,30.33183534230805,13.49204798394724,1,7.722873629779764,0.298720306958755,0.0,0.0200614808977378,19.410925891078243,151.42448443795848,0.0421738998836102,0.2049041050482922,0.5253214081380585,746.0,-0.016373148788927,0.6024352802768173,-4.735
-1.7936661124533475,17.71551634031143,1,0.1889076125201962,20.378992647957805,33.61285484492389,3.644923705673916,0,4.2269819963658,0.203911513537955,0.0,0.0014349432835889,5.917906046161393,44.955330499295,0.0205388529412671,0.0,-0.0025465760863569,230.0,-0.0116208399999996,-0.0180241599999997,-3.68
-5.706395213239922,56.5774442355805,0,0.1458825473945683,20.256254477862804,46.93555380762077,11.560997669168536,1,6.454042902233864,0.3127342457783236,0.0,0.0031612473350699,35.89528683400505,285.1240539601591,0.0190042910832742,0.0,1.3866887847486546,1306.0,0.0025410764462806,-0.0203286115702484,-6.27
-5.406354497849829,59.60967246432623,1,0.3793257988525434,15.596098143728945,60.6636706846161,15.42309829872594,1,7.6184740818032175,0.2302227102387761,0.0401002506265663,0.0089518929799278,32.99748814078559,193.57052191129745,0.0439720802429504,0.0,1.818985552014705,710.0,-0.0873970507812509,0.0072077851562491,-6.2
-2.237562852128702,47.17807953218112,1,0.3407065936964396,15.591630798941576,24.43574688609339,10.744501088240812,1,19.46396304310222,0.3033541599279123,0.0,0.009487405217933,49.28274475153594,188.99115897664757,0.0210750358061728,0.0,0.3748792180595905,1502.0,0.1255455061728396,0.3819890617283948,-4.86
-1.324130349286252,15.452254680198294,1,0.6435496829976065,14.702721268488348,13.344558822616634,3.5355339059327378,0,3.3919464731837494,0.2995481027607745,0.0,0.0083499890667551,6.4208216229260096,63.06279700498792,0.0336773926261334,0.282360434560398,-0.0590208684660365,254.0,-0.00156025,-0.0600842499999999,-0.85
-0.5968874307521161,13.76173889818379,1,0.8188499373753023,20.5742483499224,0.0,1.4142135623730951,0,5.002908049698,0.3862534428571301,0.0,0.0040332969204156,12.511538367022808,85.6634883012193,0.0203425616466102,0.0,-0.0031269294536468,334.0,0.0104397283950619,-0.0903865802469132,-0.45
-1.99573941173124,26.60242730625909,1,0.3790169038454361,14.702713001067726,18.19910120538483,7.289847411347834,0,4.370078297284736,0.3491646673058536,0.0469696969696969,0.0157262278537499,12.13273413692322,112.2514127888702,0.0416115505946838,0.1697417642144424,0.4472813193901011,410.0,-0.0675772631578944,0.4785973185595567,-1.33
-0.7441859732246245,28.417367328675745,1,0.3432746971607411,14.69670026920302,4.9839785209472085,11.520557554648656,1,5.735398377034169,0.3292267781561705,0.1230409356725144,0.0466792096391465,19.26246486877803,96.7058243842229,0.0882549509006804,0.1168007391591254,0.7995721137908924,648.0,0.0189690711111124,0.8075386444444449,-1.989
-6.237354793758184,68.52175224409598,0,0.1167493478482942,20.256310881471,70.6692278347765,13.751267697949478,0,7.713791288394463,0.3020050003179303,0.0,0.003541112299316,35.392371257240434,340.71210848284414,0.0175908630113438,0.0,1.9437778554668723,1668.0,0.0041950532544364,0.4894904674556197,-6.9
-3.645592006919298,34.84009356452433,1,0.2264456807487578,14.701791971271492,37.255572541998674,12.11637576601638,1,7.213113551734195,0.2921668533410785,0.0306372549019606,0.0139818573265243,18.40509473754901,169.05483643155927,0.0353715520413257,0.2207482696524251,0.3792726640332235,660.0,-0.0676602497398543,0.9551258938605616,-2.337
-2.797006649775729,35.44539400239502,1,0.2120461701306468,13.302792345689737,6.06636706846161,12.016584094663449,1,6.250235181311999,0.3922205682083669,0.041579131652661,0.0257883172797776,18.19910120538483,196.2873358398949,0.0333662183584881,0.1087371605014025,0.7576409684494068,776.0,-0.3259780740740743,4.354110469135804,-3.43
-3.6994544470478647,34.58164546158863,1,0.121868859438476,20.23118551126103,36.39820241076966,9.778174593052023,0,5.489587008267272,0.2229051360093979,0.0,0.0023872586274616,34.7409946581756,123.78661682412286,0.0315642811655147,0.0,0.7462135545304437,442.0,0.0098000000000005,-0.0054879999999992,-4.63
-1.465511439473811,20.39156160594377,1,0.4378329850975683,14.701396064723614,0.0,7.140017497086775,0,3.75789677361353,0.4056003685510744,0.0,0.0303728584495709,12.13273413692322,99.47258545705496,0.0515157224833776,0.3589517956152108,0.5016710686675895,436.0,-0.0946009411764705,0.0788781453287202,-0.46
-4.769325456429041,45.948326013860125,1,0.2409378635492575,14.700462571688398,25.4965990362844,22.431993344100857,1,14.126708569478405,0.2154950349455259,0.0,0.0113352804351131,80.76941575879539,182.1166797177103,0.0229184300218455,0.256005797842434,0.4010426228513091,1152.0,0.0210124799999976,1.2834126399999986,-5.35
-3.917048035952665,37.7148004602324,1,0.1856235944340001,14.697877166921923,32.372151489304386,17.77089760007854,1,9.86593615702412,0.3285470646789563,0.0249741200828157,0.0226543815814184,18.19910120538483,215.7165156060209,0.0331543913957634,0.2404712143855121,0.7829058150826834,1236.0,-0.0885259540816328,2.676097683673468,-4.328
-0.875435888550464,20.896593835661,1,0.6368388769860478,14.708165269657728,20.771211599071872,4.87656659757667,0,4.253148427962,0.2539707371322467,0.0636904761904761,0.0106696719867095,12.338727669087405,66.14409369516274,0.0335309500920131,0.2376678763706875,0.1387987319763527,294.0,-0.0894026122448974,0.0712383673469389,-0.62
-3.055349557103468,27.57483227619536,1,0.1405276501011813,20.259793383974056,18.19910120538483,6.611250200862703,0,5.175896322080572,0.2243071347541534,0.0,0.0019448195979085,37.46156607416286,99.5017614624438,0.0255093924633928,0.0,0.4801050719862408,336.0,2.334923088209706e-16,0.0450120000000001,-3.2
-1.640495888550464,20.89659383566099,1,0.6075433972263484,14.7081653263946,26.186202068468653,4.242640687119286,0,4.253148427962,0.2539707371322467,0.0636904761904761,0.010988048714547,6.4208216229260096,48.68997816643978,0.041102622241264,0.2429478134677811,0.0404604599658622,294.0,-0.0894026122448974,-0.1634576326530609,-1.24
-1.8822977813788524,23.705272758600728,1,0.3999931788268275,15.3847982169652,17.34611923257809,7.030627697345596,0,2.775425222728928,0.4020163673160595,0.0533333333333333,0.0121771612956911,12.13273413692322,139.54057935070273,0.0440706840734012,0.0,0.2964759840478006,368.0,0.2606250000000005,0.0682030000000003,-0.78
-7.957817988947085,86.84286953496533,0,0.1238327826368212,20.255315133015724,75.6720064098567,13.848726953872188,0,5.545029812233093,0.3218731698397812,0.0,0.0041800216709287,23.762552697081823,389.1116496041328,0.0118081831605972,0.0,1.9740815726301968,2170.0,0.0291788512396699,-0.2334308099173548,-7.82
-2.8116145183974157,42.19205029628549,1,0.232981955010094,14.702450558560272,12.844171518546268,18.610478733398647,1,11.632081242524528,0.2243229310424858,0.0399999999999999,0.0120369541758776,74.34859413586939,177.25827698374582,0.0361278342305232,0.2321363211590249,0.3649371849158592,938.0,-0.2301784856309872,0.2352919933361096,-4.57
-2.317186033840552,26.436080987799308,1,0.3401437917103443,14.701467403676402,6.923737199690624,9.370727640387596,1,5.855586047980037,0.3181898332820658,0.073162393162393,0.0249987947887942,30.686289896772447,133.28062265512006,0.0499820229564185,0.2866547779224276,0.5162424820334364,550.0,-0.1561627692307685,0.6695954852071008,-2.452
-3.8393701223921672,42.42716629360329,1,0.1848753537049823,14.651514136509856,18.19910120538483,18.677154078618383,1,9.433900625256978,0.3054655601478695,0.0236923076923076,0.0288756596975216,13.847474399381248,168.38711156200452,0.0452471423741806,0.4258388803572041,0.5584582734115094,1112.0,0.4517608653326123,1.4754960346133046,-4.76
-0.4393439322419945,11.46920585619588,1,0.8378654207582207,14.70272157199118,6.923737199690624,2.121320343559643,0,2.0485594724376,0.3899728733539151,0.0,0.0124555577315601,0.0,62.92653742953756,0.03355763898707,0.4138325214724776,-0.0322477711233729,178.0,-2.5599999999958343e-06,-0.0462128000000002,0.58
-0.7191823521091479,13.224319732202895,1,0.8410201585650621,14.70682066551548,6.578935683598497,2.8284271247461903,0,2.720424659843077,0.3347983891019821,0.0,0.0230080289633034,6.923737199690624,65.01380765544627,0.0410887783617513,0.3707106781186547,0.1709392882862434,216.0,0.0220089940828409,-0.2565644260355014,-0.85
0.92779646835637,35.7156223728281,1,0.167479974418245,14.706064255522971,0.0,14.894331002501868,0,5.913520283405546,0.375905599715081,0.1192982456140349,0.0490693187480893,0.0,162.8265933517694,0.0910742831255858,0.4788729103174654,0.77229398726569,888.0,-1.498177748178979,-1.4577146264308003,-1.23
-7.541263546369009,68.04904055244099,0,0.1980253638939073,14.69976976645749,90.18842476556458,19.896449129146045,0,15.04494475114145,0.2042204495120279,0.0,0.0138102995643167,24.97437738277524,138.27225866194033,0.033388688090705,0.270102959854478,0.5853254706469901,1158.0,0.0610836363636348,1.5597368595041303,-5.115
-1.411905657590987,27.846005502196423,1,0.1912845091438626,14.651504811752352,0.0,13.08460103128281,1,4.159594477156434,0.4317731483261449,0.0399782135076252,0.0460448527916646,6.06636706846161,251.8363660296103,0.0542435173193052,0.5274594671620337,0.1157585379872142,810.0,0.0496988431001893,0.8294692551984878,-3.38
-6.573830575316284,66.5139390157895,0,0.3067700291647967,14.708163428701493,103.2360615435808,12.72792206135786,0,12.32720207517505,0.1744338137510067,0.022017543859649,0.0049455545512294,6.4208216229260096,82.00388979191027,0.0300285393678641,0.0898476421624844,-0.0113116675564603,750.0,-0.0685982271468149,-0.2450723988919669,-8.4
-1.7998005002407091,13.755371706288194,1,0.2668774054228114,20.31894268549412,18.9176633526859,3.7543135054150953,0,4.025697139396,0.2202187890038466,0.0,0.0021975906836604,13.344558822616634,74.24834669431644,0.022204868540423,0.0,0.0419680228449498,228.0,-0.0105404444444439,-0.007905333333333,-3.03
-2.246537239218853,27.669843069257524,1,0.3495004759228752,14.706457744012804,0.0,9.15194804090524,0,3.42277382650711,0.4249662171674903,0.0,0.0337854320070003,0.0,95.8130572525581,0.0667146195661268,0.1580863911490468,0.8922984216583452,518.0,-0.2566648888888887,-0.4610751111111102,-0.91
-1.6521918223658218,23.96522220877565,1,0.4135684620220493,15.579305598080122,18.19910120538483,5.6568542494923815,0,2.95673011492,0.350157791839107,0.0,0.0065033775905355,12.13273413692322,137.80575280184806,0.0332659202988835,0.0,0.4134178167698231,306.0,1.8397308290526304e-16,-0.0153912189349113,-1.0
-2.834210206881149,31.032087862077297,1,0.1580289276363547,14.70178023197424,26.344316129141134,11.566439027493542,1,6.767411270792,0.3199460293301641,0.0659722222222221,0.0223716556195855,12.338727669087405,181.59594328208527,0.0370427517349491,0.3308236544759031,0.0641934154922612,702.0,-0.20272,2.0286086406249995,-2.016
-5.490766757733785,61.0,1,0.3046726967591241,15.588355152610946,46.40375956093006,10.801520229643645,0,3.626539073485751,0.4375,0.0,0.0140400537888802,0.0,254.69832522611887,0.0241424740305498,0.0,1.4323636875376908,1544.0,-0.1482630000000005,-0.8181980000000004,-5.43
-3.871231533997496,39.68925901792807,1,0.1342382826883872,20.235311339270392,46.2617792402574,8.55423105945987,0,7.180634954076278,0.2956072966275083,0.0,0.0028623359270457,22.90518256585281,195.05556357477428,0.0253761564237373,0.0,0.2625750183846623,1592.0,0.0011297067901237,-0.0067782407407404,-4.4
-1.9054168773097655,25.71838335229898,1,0.3541149051999236,14.701467693381508,0.0,8.663620859201048,1,5.1637337424377385,0.3408131113968053,0.0801587301587301,0.0280438573830212,31.18920547353706,127.38795427643215,0.0534434230176233,0.3067725842853143,0.660007931640644,512.0,-0.1826918260869559,0.6094271833648399,-2.1
-1.1956814735042705,15.50409492803254,1,0.5577131786249433,20.4215164431983,0.0,2.449489742783178,0,3.449434359615636,0.3586342117568435,0.0,0.0024220559528253,13.847474399381248,97.84549316650546,0.0156427015576704,0.0,0.1784724941404675,404.0,-0.0010066198347106,0.0149307024793388,-1.41
-2.968502394121514,26.78820794614243,1,0.1156098442198474,20.266450188782805,43.67639416492468,7.358797096569131,0,5.8708083282858325,0.2137135814081428,0.0,0.0020836797053878,18.40509473754901,100.32858046794844,0.0253789959234703,0.0,0.4017296460943808,374.0,3.1471257698633004e-16,0.0266805000000002,-3.77
-6.462741224544595,66.38470055548584,0,0.1294195281667907,20.25572458872465,70.6692278347765,12.25617390653662,0,6.359201759341093,0.3218731698397812,0.0,0.0037943249626766,12.13273413692322,294.41088330924003,0.0198750651127529,0.0,1.5771491368259374,1594.0,0.0081984793388422,-0.0655878347107447,-7.28
-3.4110931160051376,44.71231774543362,1,0.164335907013846,13.304118617410062,25.4965990362844,24.734077702768005,1,14.373181822998207,0.2438811594895886,0.0354140483172741,0.0192968816838958,56.594875997385216,223.4666921848964,0.0344098211355912,0.3457016224561135,-0.0005281890930351,1360.0,-0.3614705848074926,0.7448329864724265,-4.9
-3.5213427384099227,34.86189424044917,1,0.2537212850294739,14.706454742275142,0.0,11.790464366778435,1,6.674848594459885,0.300712378797753,0.0636574074074073,0.0243329073097297,27.694948798762496,96.49480154078468,0.0520719621630352,0.1185433463462078,0.6679242241342175,688.0,-0.1636345142857145,2.005338370612244,-3.239
-4.497400174312772,39.61869147999193,1,0.2359563829729487,14.701029682909946,29.800041095617345,17.730457485558663,1,12.082066504023818,0.362120532632364,0.0902998236331568,0.0245550175029418,31.040744451236847,275.9171012021323,0.0413181894618138,0.3014211469821404,1.4232285397122486,1454.0,-0.1391873573407203,1.8292701828254845,-3.79
-2.165532170392344,35.42600365995918,1,0.1082102677624382,20.350551487980084,51.36657298340809,7.737734478532144,0,6.469870402600713,0.1955932053937423,0.0,0.0013449823496135,11.835812092322788,34.84451523198115,0.0241547055867667,0.0,-0.0987479414129666,378.0,0.0098010000000007,-0.045495999999999,-5.19
-0.3636547323807397,7.899750004807707,1,0.5,20.369526276115533,0.0,0.0,0,1.341899046465333,0.355245321275764,0.0,0.0056510222926177,0.0,69.50004326270408,0.0303281116532248,0.0,0.0289745060964042,76.0,-0.0105404444444444,-0.0158106666666666,-0.4
-1.503585402288426,17.936322181636243,1,0.5297382427028848,14.701398081662514,13.344558822616634,5.059137268047012,0,4.0971189448752,0.2997416467365091,0.0,0.0207657419122661,6.4208216229260096,73.00231435174406,0.0388554861410929,0.4441282249920413,0.1186030920447486,356.0,0.0014502400000002,0.6197982400000002,-1.34
-1.4950939586251497,32.59402173933318,1,0.236901982916827,14.704327372856405,0.0,7.229986434463368,1,11.404080364618654,0.3281059542190397,0.0,0.0216887463047439,20.771211599071872,117.8442485971478,0.0247394634164056,0.6829459364195171,0.2635751414466658,712.0,-0.9259766553254428,3.991368874260355,0.43
-4.169437723114048,41.67016081934134,1,0.1388069252611859,20.257010659245417,54.06550936946378,9.968444621832964,1,6.019235526696955,0.270709393031058,0.0,0.0032810691519363,23.25963712031721,207.52566453162467,0.0274362020880507,0.0,1.095821306666607,730.0,0.0008918367768597,-0.0071346942148757,-4.88
-9.43474148549886,105.82608121832914,0,0.117737990710881,20.25415595459684,92.80751912186012,15.360399772167998,0,3.8982049833618193,0.2964905527401483,0.0,0.0044981518313111,12.13273413692322,452.5842904779576,0.0064917502720555,0.0,2.667550324081895,2746.0,0.0630466446280998,-0.5043731570247927,-9.15
-3.515284581127636,49.017689953162176,1,0.2701774236550225,14.702711946878091,60.6636706846161,13.60143778368842,1,8.416872300565544,0.2564437348663574,0.0,0.0100293286017866,11.126902983393991,149.11350749554896,0.0363605627550221,0.0976594046120027,0.8676920613952549,706.0,0.0336073175510208,0.1801788244897965,-2.98
-4.417911739103234,40.46816768235161,1,0.2378835900641126,14.701791935001376,23.20187978046503,14.558258265203763,1,8.18765420538283,0.3600330996647255,0.0,0.0131397102808989,38.46739722769209,285.9970460197568,0.0138425541625506,0.1966943803812101,1.0108249633303128,1234.0,-0.0528775077288945,0.9208572223543388,-4.8
-3.7979416492104354,42.209631074939765,1,0.0892976826484835,20.26753774786909,60.6636706846161,9.899494936611667,1,6.280087537457759,0.2150896787446934,0.0,0.003292893450695,17.54772460632,153.05600961898702,0.0347308274747965,0.0,0.8536206001739084,480.0,0.0054641664000004,-0.0427646911999994,-4.08
-3.2623301699014693,33.91278334391029,1,0.2673490652135278,20.27928239423864,33.59725085664348,5.875633848974738,0,5.814663912930666,0.4535095090581451,0.0,0.0030499022767081,18.19910120538483,208.57511749069275,0.0173398644038848,0.0,0.0592993298417193,1734.0,-1.64798502005286e-16,-0.0143081666666668,-3.21
-4.692648572504532,37.25022278237536,1,0.2241549454460248,14.701665951188437,0.0,14.784941202760692,1,7.190832768566836,0.2972255552874823,0.0,0.0405935286206977,12.990104268152232,108.36793475088234,0.0556937985688539,0.5110969070492549,0.8382776788726644,836.0,-0.3003162705515085,-1.4863037627471374,-3.021
-2.817152394121514,30.31952535296476,1,0.1180546347760053,20.27044641390596,51.10304694137992,7.486214122840505,0,5.8708083282858325,0.2137135814081428,0.0,0.00226866044788,10.978441961093775,100.89554207172304,0.0270086525508855,0.0,0.4416553760355886,374.0,3.2165147089023726e-16,0.0405148333333335,-3.66
-1.5074370716395102,16.37610834407055,1,0.7356015505660841,14.706821559000154,6.923737199690624,3.5355339059327378,0,3.576219349173777,0.2721799490905406,0.0,0.0096953737209337,13.344558822616634,57.22461657644217,0.0274789017723347,0.3150275071574925,0.0994195734740035,256.0,0.0446906172839509,-0.2663553580246905,-0.66
-0.8195102617780268,22.97404105754296,1,0.288880565203834,14.651527260972884,5.15571272675054,7.956514078014501,0,2.7300159374237336,0.4947449939222924,0.0626262626262627,0.0554928316409444,6.06636706846161,188.03597444615303,0.0662321381618288,0.6496062232368466,-0.1769869344074889,538.0,0.2563919999999994,0.0873062399999987,-2.19
-3.94919781613385,38.87607811580676,0,0.2697415598022379,14.70117463619507,31.917420659210403,15.714028648819175,1,12.409998413625928,0.2053203888840095,0.0,0.0110223464306668,58.95133982053579,158.2357554918401,0.0282782379529222,0.2500595018808513,0.3764657184518288,910.0,0.0794484081632638,0.9068662040816304,-5.19
-3.725323300180301,37.16033980727912,1,0.2449485000023873,14.7073646856562,13.847474399381248,13.881676749845951,1,17.712415829468775,0.332886968514289,0.0,0.0175405680107379,20.771211599071872,131.01595986806984,0.024281659902552,0.3107863216823469,1.1890874311255686,1224.0,-0.7047670500000003,3.419312497499995,-3.64
-1.1956906928912894,25.69832886099526,1,0.4386406477933505,14.651578646904207,12.13273413692322,7.31835698204925,0,3.145515204163332,0.456101091120817,0.0609090909090908,0.0422480973822418,6.06636706846161,155.69626701524538,0.0554349151058197,0.5166037126713335,0.5179013786782167,462.0,0.384855466666666,0.5946619911111093,-1.74
-3.974945920457551,33.23518709920857,1,0.3552220228805697,14.702712929020986,30.12561698015565,9.480117440128774,1,6.599832539060591,0.3980210211386797,0.0425170068027209,0.0139654132166878,18.19910120538483,205.7102143416318,0.0289469003955832,0.1332620833394057,0.9853579462326294,1024.0,-0.1271505454545456,0.4597639338842966,-3.0
-3.5013074144068974,47.89125606121635,1,0.3068568605175654,14.7025589305213,13.847474399381248,17.179861136840945,1,11.831153143820975,0.2052459260896786,0.0215007215007214,0.0070960614408591,80.45318763745044,104.80722217221292,0.0276459585593454,0.1686822762621526,0.1146310598140764,842.0,-0.0808412733564054,0.0589831803152599,-4.402
-6.462741224544595,66.38470055548584,0,0.1393815702054961,20.25573242352773,58.53649369785329,12.2966140210565,0,6.359201759341093,0.3218731698397812,0.0,0.0034952070411225,24.26546827384644,303.3831416427511,0.018463431125204,0.0,1.5175687893992589,1594.0,0.0081984793388422,-0.0655878347107447,-6.47
-1.249235888550464,19.801184636345152,1,0.6434114744563189,14.708165259672295,13.344558822616634,4.719396554912958,0,4.253148427962,0.2539707371322467,0.0636904761904761,0.010456256456246,20.268296022307258,68.60269427302126,0.0303806087181772,0.2376903602103539,0.1174826308580964,294.0,-0.0894026122448974,0.1873543673469387,-0.49
2.614679968524663,39.00588178128216,1,0.1740853063647024,14.705184288184448,0.0,8.761080115123761,0,4.204251653093999,0.3271564379782973,0.2303921568627449,0.0502046934379548,0.0,135.96546731406232,0.0723769558026255,0.8925978928212664,0.4790721713669458,612.0,-1.5163599999999997,-1.5850760000000002,0.74
-1.851592278361068,21.217420313642563,1,0.1658870858858955,20.364996040234985,34.11577042168851,4.53036997182294,0,4.900848691438608,0.1959829226247291,0.0,0.0014030616476126,11.835812092322788,51.239154941130245,0.0202168427856024,0.0,-0.0079555057078009,268.0,-0.0114769300567095,-0.00156911153119,-4.28
-2.1691856072486857,24.522887389359,1,0.4585389720677588,14.702719498137366,20.771211599071872,8.134853562976977,0,6.517919588417309,0.2314252028779518,0.0,0.0048585258656674,24.6774553381748,73.39264371879642,0.020802829184513,0.159904825553121,0.0346704540328248,442.0,7.13173932216482e-16,0.1022879239001191,-2.35
-4.037247295298641,56.60584697979096,1,0.1611507642746444,14.701778475055605,56.1635828563123,17.61336832750688,1,10.046761063966043,0.2664910806026478,0.0,0.0112295718494945,30.686289896772447,212.25268404174048,0.0313463719837271,0.1564924446995204,1.0137146986385028,930.0,0.216186669551109,0.9727709031909147,-3.81
-1.4944029626224056,16.183960979647612,1,0.5058508861873903,20.413233291938877,13.344558822616634,2.8284271247461903,0,6.412047096163331,0.2966396176163633,0.0755555555555554,0.0039597224201636,12.1736752296728,79.35449178679193,0.0266532488425304,0.0,0.0095658956936114,410.0,-0.0216493599999992,-0.0524023999999995,-2.18
-1.2927504297527828,16.8728500092949,1,0.612223623051183,15.5793062209085,0.0,2.8284271247461903,0,2.7675940374422225,0.5529201095237967,0.0,0.0078360087496049,0.0,118.38885425395154,0.0229591168626411,0.0,-0.0107037342131795,450.0,-0.0038854444444445,-0.1756455555555558,-0.29
-2.8471156145748115,32.841665067373015,1,0.1574576478228724,14.701780231974254,25.496599036284397,12.601715207903624,1,7.445273225022684,0.3046475243956619,0.061300309597523,0.0202576826387402,26.18620206846865,165.5023809809989,0.0338053455611593,0.3113164149329461,-0.0407814394018043,740.0,-0.1814016,2.1445892342857134,-2.593
-4.408791812410365,32.19109833111247,1,0.3250004149111132,14.698061400629951,11.64912463690315,13.641877898208298,1,8.127158621779763,0.2637133882991921,0.0,0.0207730840935122,38.46739722769209,140.4375337976462,0.0410949887827568,0.3180351791990723,0.8177479882335551,748.0,-0.0138285813148784,0.6198381730103812,-4.314
-2.442088161868185,25.46752709362732,1,0.351578230667701,13.304123125337089,0.0,8.10634399227556,0,4.48082137656379,0.4052827451790192,0.0506132756132755,0.0180704461093389,24.26546827384644,147.2958264797868,0.036260236806277,0.1543445332833817,0.4157049062637331,490.0,-0.1339755789473686,0.4043750470914118,-1.78
-3.677096465247049,37.57248937164359,1,0.2832077917028072,14.700673511193088,29.78081546406353,13.848576763728724,1,7.5314711237606655,0.3900719309523717,0.0,0.0263464079031289,31.19885851190933,305.3830502733248,0.0201851950831324,0.3076132358293151,1.314416688595762,1260.0,-0.2023116817558304,1.5371147873799715,-4.925
-2.414367207728932,33.462398519457444,1,0.5754118225932188,14.708163836694498,36.39820241076966,8.51379094493999,0,4.6418121184585255,0.2910563814844882,0.039141414141414,0.0214134000672027,11.452591282926406,141.45698700508265,0.0506584396610791,0.1614855095383929,0.9079636919148992,432.0,-0.1240574182825477,0.000590559556787,-2.22
-3.6100823941215143,30.8621562566106,1,0.1210579098880812,20.255363351657497,12.13273413692322,7.427746781790429,0,5.8708083282858325,0.2137135814081428,0.0,0.0016232603082371,49.94875476555048,100.35220386810568,0.0223560496702802,0.0,0.4712852662032979,374.0,3.181820239382836e-16,0.0701598333333335,-4.59
-8.09941073737798,82.41805003750011,0,0.0711182980800968,20.17993177640104,72.79640482153933,20.727922061357862,0,8.051394278792001,0.177622660637882,0.0,0.0023315637287258,64.63469057357754,237.06082057825816,0.0300960038785995,0.0,2.707147352720148,876.0,0.015810666666667,5.498053432282133e-16,-9.332
-0.4619570716395099,17.395894410479876,1,0.6852853914600048,14.70816543935434,13.847474399381248,3.932652990377571,0,3.576219349173777,0.2721799490905406,0.0753968253968254,0.0122693785103074,12.841643245852016,60.55096535986969,0.033488408124294,0.2771129928729214,0.1063043422295473,256.0,-0.0951413827160489,0.0269717530864198,-0.18
-5.86725808884044,59.22508048093477,0,0.3084919631735633,14.705532984839934,59.06828794454399,15.89061526803932,1,10.919964512984304,0.3049638781553208,0.0,0.01876951106167,35.392371257240434,257.58235865870773,0.0360956870361168,0.180182903706223,0.6715370228324149,1586.0,-0.0831908325617284,0.5671497422839498,-6.89
0.0407749529607467,33.64274107437285,1,0.222946505426562,14.70227102231584,6.076020106833881,14.975211231541632,1,7.614500155449514,0.2898472707501628,0.0573099415204677,0.0398388520883193,18.228060320501644,155.1045718835808,0.0654315822954137,0.4918655646981314,0.7496608265450179,838.0,-0.5316105491276397,-1.0576530211202932,-2.943
-4.398510300153091,41.99260266796572,1,0.3726663111439842,14.701396148251655,58.29031018309871,10.008884736352847,1,8.797830263100243,0.2155265521933986,0.0,0.0108576126920076,6.4208216229260096,81.61861450505806,0.0328108605215775,0.2378428068144477,-0.0272147638102132,622.0,0.0456082807852458,0.699028221296846,-4.69
-0.2903040736941089,16.199272204932356,1,0.5985418618003885,14.701472030388391,0.0,3.7543135054150953,0,2.7518188600537146,0.3621368434811013,0.0,0.0294238987547319,13.847474399381248,88.54491480187617,0.0528588774408277,0.592072550632672,0.0863206946979787,280.0,-0.0396166530612242,0.4681617959183678,-0.63
-1.9254779017861117,20.869714238882647,1,0.5125690082547011,14.701469677067545,19.765380445542643,5.875633848974738,0,4.769103566737997,0.2795745237229117,0.0,0.0179038511283557,6.4208216229260096,75.25347836904567,0.0329674314663367,0.4021733546547217,0.0717488438957382,394.0,0.0132040831758037,0.7890453686200379,-1.89
-8.69824082833265,96.63674319642392,0,0.1216409600729963,20.254669923768976,87.27294630008922,14.584343305760154,0,4.825699008017865,0.3127342457783236,0.0,0.0044831179353418,12.13273413692322,409.75285974915016,0.0106491519184971,0.0,2.2317339957124096,2458.0,0.0445018202479367,-0.3560145619834679,-7.92
-4.105209077670576,49.62496165823392,1,0.1832676804159956,14.701785853925925,60.6636706846161,14.883193333943924,1,7.058196418631354,0.3122616873469425,0.0497911445279866,0.020838743675924,11.126902983393991,218.3881237862444,0.0454396434706238,0.1867206324314761,0.9652199178105416,778.0,-0.1863751925078043,1.352410705515089,-4.097
-5.120276962299644,64.6997556029916,1,0.363818265873222,14.706876253663763,46.40375956093006,16.398922337269262,1,9.104990785224002,0.3571579420634728,0.0,0.0106658586149438,30.09244580757158,310.12173890732697,0.0112197878460389,0.1062921146026187,1.4895437171522397,2238.0,-0.0462000000000004,-0.0245070000000009,-6.18
-6.243206422190781,56.54164248190455,0,0.1223139752162714,20.26511858546602,47.46734805431147,13.751267697949478,0,8.823457745457857,0.2977854365848634,0.0,0.0041494866848033,35.392371257240434,336.8747440102621,0.0184073006644444,0.0,1.725709789536486,1670.0,0.0024150204081622,0.2310745510204077,-7.2
1.0636659840797258,14.25,1,0.3691681004264193,14.702703654035552,0.0,2.449489742783178,0,0.8976249136979999,0.5833333333333334,0.3958333333333335,0.0636240060909053,0.0,85.60593102980387,0.0990308944876368,0.4055021169820365,0.045343492301874,202.0,-0.5641322499999998,0.9073382499999996,0.96
-3.154599702156546,27.34430282021261,1,0.4248407348947754,15.58664764413075,11.600939890232516,9.589507239869953,1,6.804372056903116,0.3181898332820658,0.0,0.0099685205449212,30.68628989677245,137.7314411070765,0.0296342224072707,0.0,0.7588510373879765,760.0,0.0194879999999999,-0.1078092499999999,-2.86
-2.008384664913265,25.05128201091113,1,0.6216305901388537,15.596100184880685,11.600939890232516,5.875633848974738,0,3.98374690233943,0.4180521152260062,0.1071428571428572,0.0171660450357894,24.26546827384644,143.83588380406508,0.047910864421106,0.0,0.6967639823063918,560.0,-0.1541759999999995,0.0214299642857141,-1.66
-4.942565986107159,47.95997422324707,1,0.1386650634207943,20.25637060374472,59.60008219123469,10.704060973720928,1,6.340720824685819,0.2964905527401483,0.0,0.0033878931671149,12.13273413692322,216.6895464968486,0.0274313824046992,0.0,0.9945207780073338,1018.0,0.0001055289256197,-0.0008442314049587,-5.27
-3.0163491151679143,34.17045587164786,1,0.1240652007740252,20.379184537677563,58.29031018309871,7.071067811865477,0,6.709495232326669,0.1871441427441503,0.0,0.0014008918005837,5.917906046161393,57.38123898202184,0.0219957866378885,0.0,-0.0206888336738116,380.0,8.977909866154161e-16,-0.0553373333333323,-6.08
-2.650014956985831,26.30219365132458,1,0.6402818433616244,14.708163966499736,17.696185628620217,7.427746781790429,0,5.258818634449091,0.270709393031058,0.0433333333333332,0.0175198552829905,31.898114582465865,103.23759595347993,0.0427001392416727,0.1742924114642025,0.5187182386133936,400.0,-0.1010356363636358,0.1480246611570246,-2.05
-1.266956235511559,24.712370055513823,1,0.3894515243908382,15.487562663406823,18.19910120538483,5.6568542494923815,0,3.450616159396,0.3514097655573916,0.1363636363636364,0.017373860400061,12.13273413692322,102.37467173963503,0.0628099382702664,0.0,0.6101904640644054,322.0,0.0313600000000008,-0.1679719999999994,0.07
-6.237354793758184,68.52175224409598,0,0.1167493478482942,20.256310881471,70.6692278347765,13.751267697949478,0,7.713791288394463,0.3020050003179303,0.0,0.003541112299316,35.392371257240434,339.7422093518292,0.0179976432142672,0.0,1.8135885088354635,1668.0,0.0041950532544364,0.4894904674556197,-6.9
-1.070286102789851,12.234449942105885,1,0.8008520846608767,14.706464394302175,6.923737199690624,2.8284271247461903,0,2.8968984481633338,0.2966396176163633,0.0,0.0116329573610794,6.4208216229260096,41.75401317034401,0.0331664825577904,0.3633883476483184,0.1217754952740818,218.0,0.0364818488888899,-0.4301651555555532,-0.39
-1.564575888550464,18.11666994879548,1,0.6858131742440329,14.70682142415836,6.923737199690624,4.461420286601642,0,4.253148427962,0.2539707371322467,0.0,0.0082683021291837,20.268296022307258,59.48331156655564,0.0250709886241728,0.271887821896538,0.1074895327900702,294.0,0.0504293877551024,-0.0885622040816318,-1.34
-2.7594167316037828,26.036524662195525,1,0.4570772266756362,14.7014695015784,26.186202068468653,7.180457611606656,0,6.112430335451792,0.2505189583559407,0.0,0.0145516374290665,13.344558822616634,85.14878922988004,0.0287145286834767,0.3322324133207223,0.0885033548818789,470.0,0.0288459643281809,0.8212893032104636,-2.74
-1.545198197815053,24.0,1,0.2197689902075492,14.702693383539623,0.0,8.623180744681168,0,2.642334962918437,0.4557981027607744,0.1737373737373735,0.0497891119252069,0.0,119.70175974718764,0.0938936284364192,0.1610333675572051,0.2187595274068139,494.0,-0.7865506093749993,0.63082765625,-3.583
-3.342302394121514,28.080689196503,1,0.1202902161907178,20.266903349374523,38.112942673227685,7.030627697345596,0,5.8708083282858325,0.2137135814081428,0.0,0.0021173350953736,23.96854622924601,100.3522038681057,0.0253605530595599,0.0,0.4899283593474953,374.0,3.181820239382836e-16,0.0029645000000002,-3.28
-4.142474779053211,54.39780692884816,1,0.5949507097660268,14.708163970265277,46.40375956093006,8.163363133678393,0,3.75311512943677,0.4697142679211166,0.0599206349206348,0.0326917281891108,6.06636706846161,277.4066549104571,0.0268661193893474,0.1583725961185319,1.4149886686221476,1438.0,-0.3854110769230767,-0.5536971834319526,-3.37
-4.169437723114048,41.67016081934134,1,0.1365224289244537,20.25684749266916,60.13187643792539,9.928004507313084,1,6.019235526696955,0.270709393031058,0.0,0.0033856366637302,11.629818560158606,183.97835212600057,0.0301606348788175,0.0,1.1631956207113203,730.0,0.0008918367768597,-0.0071346942148757,-4.54
-4.6139509323679135,60.72036920460308,1,0.2300445327929292,14.70106886306328,42.46456947923127,19.154343591764626,1,9.028853999928002,0.2591484902820405,0.0405982905982905,0.0315382391032277,30.33183534230805,258.9764657183034,0.0578530973140589,0.3081950942887287,1.547878742226398,990.0,-0.3809437673130189,0.6916076454293627,-2.9
-0.83575707163951,16.70416524501514,1,0.6795633565479863,14.70816545158382,13.344558822616634,3.7543135054150953,0,3.576219349173777,0.2721799490905406,0.0753968253968254,0.012297474005627,13.344558822616634,64.69081456586198,0.0306264465260094,0.2789641938707972,0.090752857908351,256.0,-0.0951413827160489,0.0032557530864198,-0.29
-3.907731740663015,38.682290637039294,1,0.22000436844014,14.697874740877824,11.600939890232516,15.812727064624656,1,19.992777672428744,0.400255060052768,0.0,0.0231226891103095,49.16878942105628,264.5708339748285,0.0270197052359475,0.3665935474635911,1.121884474687321,1778.0,-0.745872922839506,2.0050337160493807,-5.233
-1.6926670385751992,23.14733817698748,1,0.573350025094841,14.708165186607882,26.689117645233267,5.059137268047012,0,4.928582617861332,0.2398021753972368,0.0550925925925925,0.0096064668774608,12.84164324585202,70.77534698922162,0.029046349236386,0.2156952323151775,0.0729030021799346,332.0,-0.0851666944444437,-0.0046008055555552,-1.4
-3.025339379823798,29.4356200752928,1,0.1646485242713003,20.27289074801274,33.626129526569564,5.875633848974738,0,6.82688794610293,0.3293393139293539,0.0,0.0024430591994833,19.056471336613843,156.99717816338398,0.0218646356477963,0.0,0.0598224268341386,1484.0,2.8457120610565013e-16,0.0427533333333334,-3.19
-4.565661576512394,54.63709585713149,1,0.2024991002226271,20.27684177858177,46.40375956093006,7.387306667270548,0,3.053154568081667,0.40701901811629,0.0,0.0048513780837856,12.13273413692322,266.45072712886747,0.0122512399929687,0.0,1.069645626977444,1374.0,2.3599887476343096e-18,-0.2834026666666667,-4.57
-2.1332126670894587,26.0,1,0.5788949494141292,20.475511764049525,15.929943897949348,2.121320343559643,0,5.626897299698,0.5833333333333334,0.0,0.0040791875908303,0.0,140.98066649488968,0.0156713058134146,0.0,0.1264215595916545,1590.0,-0.0053655624999999,-0.3871707499999999,-1.32
-0.7212601894938752,17.14593368577766,1,0.5466641115632882,14.701471498798,13.847474399381248,4.461420286601642,0,3.424768994084117,0.3260752345279584,0.0,0.0249396997012973,5.917906046161393,83.593665468126,0.0563869392548029,0.5133084843056582,0.12904282001039,318.0,-0.01500523183391,0.4078436678200692,-1.01
-0.57706157746339,13.79833099445768,1,0.2928630855461279,20.314244410028092,25.30991158086476,2.121320343559643,0,2.4154182836375995,0.2922852532386288,0.0,0.0048620327205318,0.0,97.0921746464017,0.0308175283544389,0.0,0.1023890177868353,150.0,-0.0085377599999999,-0.0208700799999999,-1.87
-5.716045100547367,56.79700043937414,0,0.185215406333254,13.302784384086843,61.85626973875569,24.04174747761229,0,13.11962566356122,0.3115971909382745,0.0,0.0213154191047208,35.59836478940461,406.8864207103476,0.022913035811088,0.1889730286120897,1.3379933579195646,1620.0,-0.1540965047999977,4.8150140012,-8.176
-1.834132278361068,22.546073191249,1,0.1627950229959715,20.34769128188847,34.61868599845312,4.87656659757667,0,4.900848691438608,0.1959829226247291,0.0,0.0013389460802607,11.332896515558172,55.68035417069801,0.0191849662245678,0.0,0.0187198438239329,268.0,-0.0114769300567095,0.0458628884688099,-4.36
-2.1558514394738117,24.935548104474385,1,0.3627901870639528,14.65159738829842,17.696185628620217,7.358797096569131,0,3.75789677361353,0.4056003685510744,0.0,0.0141018400794501,6.923737199690624,143.42517071209656,0.027675692855829,0.3409071341154807,0.5322263302892286,436.0,0.7510588235294116,0.8937734948096879,-2.49
-3.13482094024062,41.82163849619912,1,0.5122592254432358,14.706819288630347,36.39820241076966,9.899494936611667,1,5.651948326537827,0.2672297156616445,0.0,0.01326913453793,24.26546827384644,163.79376190287852,0.0364373222363233,0.1580062787536304,0.9905086605015928,506.0,0.0257053156899821,0.0431050283553891,-3.96
-8.41397212010419,113.30059462771833,1,0.2145543194868476,14.702718310520556,23.20187978046503,18.11621429585745,0,2.50157523809524,0.2797102899843799,0.0,0.0189817028238037,0.0,445.1749924345419,0.0003083738437754,0.0845927503948918,0.8936365255568279,3314.0,0.6095891519274411,-0.6380659750566843,-5.259
-2.9827367203242647,35.68385737223213,1,0.1872862190609975,14.701778474917806,19.410925891078243,17.15355071650411,1,9.128906496513334,0.2915910804261086,0.0,0.0156907979663283,31.040744451236847,150.2143245112191,0.0316487402302219,0.1633956634801311,1.0568663061363444,920.0,0.1615960816326521,1.2757617959183651,-3.538
-2.921459557103468,24.64405705551285,1,0.1312823417649482,20.26747232758245,36.75265696523406,6.473350830420108,0,5.175896322080572,0.2243071347541534,0.0,0.0022246316304455,18.90801031431363,97.80087665111996,0.0265848443624951,0.0,0.4361154611214877,336.0,2.3696175577292423e-16,0.0111320000000001,-3.11
-2.965090319564508,34.63467954554006,1,0.1592797535848245,14.701780231974238,12.999757306524504,12.87126279012546,1,7.138485491603879,0.3165263962287297,0.061300309597523,0.0215396421693552,37.67721264469931,163.60457386584585,0.0389131823744851,0.3117972488947885,0.1496407116754904,738.0,-0.1995311808999081,2.021242997245178,-2.17
-2.320915482362771,41.0,1,0.2252750441736261,13.301477458181006,0.0,5.808524858402426,0,4.002948,0.5,0.0,0.0561554176601548,23.20187978046503,256.5417186290783,7.33438330222578e-05,0.0,0.1032921893694396,974.0,-0.6548855625000001,-1.05693075,-2.74
0.4902805185030798,32.40078459179624,1,0.1475285864926525,14.706102220245803,0.0,14.894331002501868,0,6.526958096297999,0.3550793687337073,0.134502923976608,0.0386055388971364,6.06636706846161,141.65617209141396,0.0769149768288229,0.3851675872187304,0.9963139020215834,862.0,-1.1637375133149677,-1.1004487933884295,-1.95
-2.1448911640717787,36.07863264020803,1,0.2633786621982282,14.702692101348248,18.19910120538483,12.991790258424585,1,7.500989716392969,0.292681799316134,0.0,0.0147938449220042,19.056471336613843,112.12501112802036,0.0369394667774838,0.1047485060533513,0.6506235084607687,696.0,0.2297554083044985,0.1219666159169554,-0.364
-7.957817988947085,86.84286953496533,0,0.1233578770365885,20.25492004512689,81.73837347831831,13.80828683935231,0,5.545029812233093,0.3218731698397812,0.0,0.0041427674426854,12.13273413692322,372.2889494593554,0.0129295696397011,0.0,1.8663558862304657,2170.0,0.0291788512396699,-0.2334308099173548,-8.6
-2.064274491012542,30.590297895977194,1,0.740877080324995,14.70816439725592,15.929943897949348,5.875633848974738,0,6.1294584026123085,0.4362537855285536,0.0560185185185185,0.0293544173769217,24.26546827384644,170.2786143512426,0.04666324440278,0.2184477009934715,0.2135839014554036,1510.0,-0.1825079999999998,-0.0227010000000001,-1.09
-5.706395213239922,56.5774442355805,0,0.1458825473945683,20.256254477862804,46.93555380762077,11.560997669168536,1,6.454042902233864,0.3127342457783236,0.0,0.0031612473350699,35.89528683400505,285.7538166893778,0.018921216987418,0.0,1.496223456362106,1306.0,0.0025410764462806,-0.0203286115702484,-6.25
-1.0042389280331834,13.983864367795803,1,0.2798478487832844,20.33098298745495,19.075777413358384,2.8284271247461903,0,3.3547476161633343,0.2350451878756692,0.0,0.0024064597698912,13.344558822616634,63.59419322338525,0.0239127782711811,0.0,0.0380769955209495,190.0,-0.0105404444444434,-0.0237159999999995,-2.54
-1.9254779017861117,20.14385474176344,1,0.5104655155513451,14.70147004686637,13.344558822616634,5.76624404923356,0,4.769103566737997,0.2795745237229117,0.0,0.0179765946931191,13.344558822616634,79.8148014822186,0.0315961702529145,0.404834222563545,0.0455560824103157,394.0,0.0132040831758036,0.7890453686200379,-2.25
-3.678081454666095,46.13218392740418,1,0.2472937687735412,14.702369014292769,0.0,15.844078470807704,1,8.838138445767228,0.2926160583910798,0.0248917748917748,0.0249543659992087,48.53093654769288,168.57542767187425,0.0455342214765981,0.2714508758365243,1.3890893023950506,884.0,-0.1469700880999332,0.2416135042735065,-4.16
-1.4319984103087244,18.6838343733774,1,0.2496861114769331,20.288168953204217,24.30408042733553,3.932652990377571,0,3.7740910681837496,0.2386085007312412,0.0,0.0027656272848793,13.847474399381248,97.1866682470308,0.0233677492554887,0.0,0.0555239968632847,226.0,-0.0092640624999999,0.0266804999999999,-2.4
-3.133234048135712,32.172156356365875,1,0.258591364076609,14.706454895329603,0.0,10.825381317280574,1,6.002838542265468,0.3148385388207913,0.0687581699346404,0.0266274233005667,20.771211599071872,103.39762445513225,0.0520823304368283,0.1264416659395664,0.6509212660025121,650.0,-0.20496275,1.8019662773437493,-2.084
5.427883993444006,101.67211554445342,0,0.0661556209001116,14.7038150675606,0.0,25.8649518186277,0,12.212823298359272,0.2503480783048341,0.1859694989106761,0.0471129195436764,0.0,254.51343758203467,0.080505267916612,0.8703570921957299,1.2301356267509451,1704.0,-3.6090015867768575,-4.687390743801652,-0.41
-0.5187265173123381,31.440225520502803,1,0.2047782015085877,14.70177584599698,0.0,10.87046991486494,0,4.6478462349525,0.3891327633695578,0.0,0.0297842721847102,0.0,82.40715008215174,0.0556864093066277,0.2515032542573642,0.2134195778384034,622.0,-0.2627939722222228,0.7030541944444426,-0.876
-4.046950638392497,33.316020380843966,1,0.2087125940254557,14.70645840287802,11.761884949391115,12.946701660840215,1,10.798698794895436,0.311591803516966,0.0568518518518518,0.0190120931625363,26.524065205818665,129.82133115928406,0.0431781136111576,0.1031165030226575,0.8029537116114099,982.0,-0.1516218205128204,0.9244808356344512,-2.928
0.159043276847048,32.798629268732945,1,0.1655454408554484,14.701775809740417,0.0,13.69889703961113,0,6.155824412185874,0.3592359383894995,0.0659259259259258,0.0354012034668419,0.0,133.93637063286974,0.0615156862315377,0.3872916010677427,0.5695979724328653,826.0,-0.7749574843749999,0.0080716406249998,-0.17
-1.0950601894938752,17.145933685777656,1,0.543356659728409,14.701471504527298,13.344558822616634,4.242640687119286,0,3.424768994084117,0.3260752345279584,0.0,0.0249595382048722,6.4208216229260096,78.58270424170776,0.0580884576229331,0.5155865090564663,0.0166087910444463,318.0,-0.01500523183391,0.3841276678200692,-1.37
-2.578220173430898,66.84841594920074,0,0.0930444775951244,14.70031093007376,0.0,33.88147277786195,0,16.562262870338593,0.2405059680448341,0.0424867724867726,0.0401937535714934,47.87955994862805,273.12792666021033,0.0662659951556316,0.6026913182859497,2.227627754614048,1908.0,-1.380136987582177,-2.111735114682248,-3.571
-2.167466112453348,20.174385663055805,1,0.1866650264604533,20.396034016930887,39.53076089108528,3.5355339059327378,0,4.2269819963658,0.203911513537955,0.0,0.0014703190073207,0.0,45.21518790102503,0.020897859881012,0.0,-0.0246844134711433,230.0,-0.0116208399999996,-0.0417401599999997,-3.84
-2.344433287716148,32.603589612462834,1,0.2331651534267795,14.650457272167678,0.0,9.577576696051487,0,3.753446632116946,0.4404545781342904,0.0,0.0242407121486482,12.990104268152232,195.80333342278283,0.0268855737256922,0.5248963906250835,0.5617370841893925,612.0,1.2872218947368408,1.519869307479221,-3.0
